"transaction_id","customer_id","timestamp","amount","payment_method","device_type","ip_country","billing_country","failed_attempts","account_age_days","previous_order_count","avg_order_value","is_new_customer","country_mismatch","amount_to_avg_ratio","is_fraud"
"V2TXN-000001","CUST-V2-0810","2025-01-01T13:05:45.0240000+05:30","1000","CARD","Mobile","IN","IN","1","17","0","1247","true","false","0.8019","0"
"V2TXN-000002","CUST-V2-0936","2025-01-01T17:48:44.7680000+05:30","510","UPI","Mobile","IN","IN","0","722","17","563","false","false","0.9059","0"
"V2TXN-000003","CUST-V2-0813","2025-01-02T00:08:32.9750000+05:30","57021","CARD","Desktop","AU","AU","0","10","0","11458","true","false","4.9765","1"
"V2TXN-000004","CUST-V2-0112","2025-01-02T01:30:03.5480000+05:30","1916","CARD","Desktop","AU","AU","0","901","27","2170","false","false","0.8829","0"
"V2TXN-000005","CUST-V2-0517","2025-01-02T04:18:39.4800000+05:30","1969","WALLET","Mobile","IN","IN","1","9","1","1668","true","false","1.1805","0"
"V2TXN-000006","CUST-V2-0390","2025-01-02T04:51:06.3350000+05:30","1113","UPI","Mobile","IN","IN","1","3","0","1417","true","false","0.7855","0"
"V2TXN-000007","CUST-V2-0976","2025-01-02T05:56:16.7230000+05:30","1151","UPI","Tablet","AE","AE","0","19","1","1037","true","false","1.1099","0"
"V2TXN-000008","CUST-V2-0493","2025-01-02T09:14:49.7380000+05:30","849","CARD","Desktop","IN","IN","0","24","0","1160","true","false","0.7319","0"
"V2TXN-000009","CUST-V2-0615","2025-01-02T12:22:27.0870000+05:30","516","UPI","Mobile","SG","SG","0","259","4","1192","false","false","0.4329","0"
"V2TXN-000010","CUST-V2-0006","2025-01-02T13:43:46.3210000+05:30","1607","UPI","Mobile","IN","IN","0","1222","28","1308","false","false","1.2286","0"
"V2TXN-000011","CUST-V2-0755","2025-01-02T16:02:59.6380000+05:30","1976","CARD","Mobile","GB","GB","0","1434","18","1274","false","false","1.5510","0"
"V2TXN-000012","CUST-V2-0254","2025-01-02T19:37:49.8880000+05:30","2544","CARD","Mobile","CA","SG","4","117","2","1541","false","true","1.6509","1"
"V2TXN-000013","CUST-V2-0444","2025-01-02T22:59:43.0280000+05:30","11955","CARD","Mobile","IN","IN","1","1","0","1492","true","false","8.0127","1"
"V2TXN-000014","CUST-V2-0885","2025-01-02T23:25:34.9990000+05:30","766","CARD","Mobile","IN","IN","0","15","1","1551","true","false","0.4939","0"
"V2TXN-000015","CUST-V2-0047","2025-01-03T02:54:18.4320000+05:30","3665","BANK_TRANSFER","Mobile","US","US","1","17","0","2961","true","false","1.2378","0"
"V2TXN-000016","CUST-V2-0029","2025-01-03T05:23:42.8610000+05:30","4302","UPI","Mobile","IN","IN","1","19","1","2710","true","false","1.5875","0"
"V2TXN-000017","CUST-V2-0746","2025-01-03T08:29:39.8180000+05:30","1170","CARD","Tablet","GB","GB","1","1339","36","1006","false","false","1.1630","0"
"V2TXN-000018","CUST-V2-0074","2025-01-03T08:35:04.1970000+05:30","6035","CARD","Mobile","IN","IN","0","21","1","5479","true","false","1.1015","0"
"V2TXN-000019","CUST-V2-0496","2025-01-03T17:09:00.7640000+05:30","1885","UPI","Desktop","US","US","0","433","8","1513","false","false","1.2459","0"
"V2TXN-000020","CUST-V2-0655","2025-01-03T19:26:00.3240000+05:30","9519","CARD","Mobile","DE","IN","1","8","1","1337","true","true","7.1197","1"
"V2TXN-000021","CUST-V2-0882","2025-01-04T02:25:45.6330000+05:30","3514","BANK_TRANSFER","Mobile","SG","SG","0","12","1","1963","true","false","1.7901","0"
"V2TXN-000022","CUST-V2-0945","2025-01-04T03:32:36.9740000+05:30","2160","CARD","Desktop","IN","IN","0","757","15","2583","false","false","0.8362","0"
"V2TXN-000023","CUST-V2-0561","2025-01-04T04:18:29.8430000+05:30","3206","BANK_TRANSFER","Mobile","IN","IN","1","14","1","1656","true","false","1.9360","0"
"V2TXN-000024","CUST-V2-0235","2025-01-04T04:44:45.8730000+05:30","9266","CARD","Mobile","GB","US","2","5","0","1037","true","true","8.9354","1"
"V2TXN-000025","CUST-V2-0557","2025-01-04T13:05:09.6890000+05:30","7874","CARD","Mobile","IN","IN","0","2","0","949","true","false","8.2972","1"
"V2TXN-000026","CUST-V2-0494","2025-01-04T13:58:05.6870000+05:30","3000","CARD","Mobile","IN","IN","0","5","1","2195","true","false","1.3667","0"
"V2TXN-000027","CUST-V2-0066","2025-01-04T21:35:49.8050000+05:30","1290","UPI","Tablet","US","US","0","21","1","983","true","false","1.3123","0"
"V2TXN-000028","CUST-V2-0449","2025-01-05T03:42:33.6090000+05:30","2329","UPI","Desktop","IN","IN","0","1481","17","1986","false","false","1.1727","0"
"V2TXN-000029","CUST-V2-0253","2025-01-05T06:57:53.8580000+05:30","10202","CARD","Desktop","CA","IN","2","16","1","6418","true","true","1.5896","1"
"V2TXN-000030","CUST-V2-0736","2025-01-05T08:15:34.3240000+05:30","865","CARD","Desktop","SG","SG","2","719","19","287","false","false","3.0139","1"
"V2TXN-000031","CUST-V2-0545","2025-01-05T20:30:03.8300000+05:30","6704","WALLET","Mobile","IN","IN","0","1499","41","7345","false","false","0.9127","0"
"V2TXN-000032","CUST-V2-0690","2025-01-05T23:13:04.5990000+05:30","2276","UPI","Desktop","IN","IN","1","1","0","2499","true","false","0.9108","0"
"V2TXN-000033","CUST-V2-0776","2025-01-05T23:53:20.3210000+05:30","826","UPI","Mobile","CA","CA","0","20","0","1040","true","false","0.7942","0"
"V2TXN-000034","CUST-V2-0879","2025-01-05T23:58:05.8920000+05:30","4262","CARD","Mobile","IN","IN","0","10","1","4058","true","false","1.0503","0"
"V2TXN-000035","CUST-V2-0278","2025-01-06T02:59:42.5720000+05:30","3124","CARD","Desktop","US","IN","3","14","0","1529","true","true","2.0432","0"
"V2TXN-000036","CUST-V2-0527","2025-01-06T04:37:36.8150000+05:30","647","UPI","Mobile","IN","IN","0","3","0","701","true","false","0.9230","0"
"V2TXN-000037","CUST-V2-0723","2025-01-06T19:05:15.5730000+05:30","1387","CARD","Desktop","IN","IN","0","14","0","1963","true","false","0.7066","0"
"V2TXN-000038","CUST-V2-0408","2025-01-06T22:42:11.0510000+05:30","3707","WALLET","Desktop","IN","IN","0","1161","32","3385","false","false","1.0951","0"
"V2TXN-000039","CUST-V2-0213","2025-01-06T23:42:55.1610000+05:30","2894","UPI","Mobile","DE","DE","0","16","0","3478","true","false","0.8321","0"
"V2TXN-000040","CUST-V2-0897","2025-01-07T01:00:27.3950000+05:30","1862","NETBANKING","Mobile","IN","IN","0","18","0","1896","true","false","0.9821","0"
"V2TXN-000041","CUST-V2-0947","2025-01-07T04:00:44.0870000+05:30","821","CARD","Mobile","IN","IN","1","11","1","978","true","false","0.8395","0"
"V2TXN-000042","CUST-V2-0577","2025-01-07T18:58:09.7150000+05:30","4537","CARD","Desktop","IN","IN","1","775","22","2137","false","false","2.1231","0"
"V2TXN-000043","CUST-V2-0433","2025-01-07T19:33:24.7740000+05:30","9114","CARD","Desktop","SA","IN","0","16","1","1298","true","true","7.0216","0"
"V2TXN-000044","CUST-V2-0014","2025-01-08T00:39:58.8640000+05:30","3907","CARD","Desktop","IN","IN","0","4","1","4085","true","false","0.9564","0"
"V2TXN-000045","CUST-V2-0519","2025-01-08T05:57:53.4780000+05:30","384","UPI","Mobile","IN","IN","0","547","16","684","false","false","0.5614","0"
"V2TXN-000046","CUST-V2-0866","2025-01-08T07:34:28.2520000+05:30","1552","CARD","Mobile","IN","IN","0","1373","24","1775","false","false","0.8744","0"
"V2TXN-000047","CUST-V2-0054","2025-01-08T13:35:45.7410000+05:30","2944","NETBANKING","Desktop","IN","IN","0","11","1","4415","true","false","0.6668","1"
"V2TXN-000048","CUST-V2-0902","2025-01-08T21:11:15.3650000+05:30","4419","CARD","Mobile","IN","IN","0","23","1","2732","true","false","1.6175","0"
"V2TXN-000049","CUST-V2-0474","2025-01-08T21:55:23.1910000+05:30","1680","WALLET","Desktop","IN","IN","2","7","1","1877","true","false","0.8950","0"
"V2TXN-000050","CUST-V2-0078","2025-01-09T08:45:48.6920000+05:30","3571","BANK_TRANSFER","Desktop","IN","IN","1","18","1","2502","true","false","1.4273","0"
"V2TXN-000051","CUST-V2-0002","2025-01-09T10:05:45.1060000+05:30","7706","CARD","Desktop","AE","IN","0","1128","28","3637","false","true","2.1188","1"
"V2TXN-000052","CUST-V2-0599","2025-01-09T18:07:20.0770000+05:30","1110","UPI","Desktop","IN","IN","1","1435","28","1549","false","false","0.7166","0"
"V2TXN-000053","CUST-V2-0896","2025-01-09T22:07:29.8820000+05:30","10419","CARD","Mobile","US","US","0","16","1","2405","true","false","4.3322","1"
"V2TXN-000054","CUST-V2-0624","2025-01-10T01:22:44.7850000+05:30","1415","CARD","Mobile","IN","IN","1","3","0","1247","true","false","1.1347","0"
"V2TXN-000055","CUST-V2-0673","2025-01-10T02:19:28.6630000+05:30","322","UPI","Mobile","SG","SG","0","15","1","549","true","false","0.5865","0"
"V2TXN-000056","CUST-V2-0380","2025-01-10T10:20:41.6360000+05:30","1105","UPI","Desktop","SA","SA","0","278","3","1651","false","false","0.6693","0"
"V2TXN-000057","CUST-V2-0344","2025-01-10T10:50:51.1480000+05:30","441","UPI","Mobile","IN","IN","0","17","1","637","true","false","0.6923","0"
"V2TXN-000058","CUST-V2-0161","2025-01-10T14:20:52.6550000+05:30","22969","CARD","Tablet","IN","IN","0","23","0","4243","true","false","5.4134","1"
"V2TXN-000059","CUST-V2-0534","2025-01-10T15:19:38.8720000+05:30","1699","UPI","Mobile","IN","IN","0","1012","11","1639","false","false","1.0366","1"
"V2TXN-000060","CUST-V2-0455","2025-01-10T15:42:29.7560000+05:30","9105","UPI","Desktop","IN","IN","0","8","0","9881","true","false","0.9215","0"
"V2TXN-000061","CUST-V2-0497","2025-01-10T16:20:01.8520000+05:30","1213","CARD","Mobile","AE","AE","1","1249","19","1449","false","false","0.8371","0"
"V2TXN-000062","CUST-V2-0016","2025-01-10T16:23:00.7000000+05:30","2403","UPI","Tablet","SA","SA","0","1259","13","1475","false","false","1.6292","0"
"V2TXN-000063","CUST-V2-0735","2025-01-10T17:54:16.5260000+05:30","437","CARD","Mobile","AU","AU","6","205","3","2990","false","false","0.1462","1"
"V2TXN-000064","CUST-V2-0717","2025-01-10T21:30:19.6020000+05:30","40707","CARD","Mobile","IN","IN","0","14","0","5119","true","false","7.9521","1"
"V2TXN-000065","CUST-V2-0557","2025-01-10T22:00:38.9880000+05:30","47599","CARD","Mobile","IN","IN","0","8","1","7874","true","false","6.0451","1"
"V2TXN-000066","CUST-V2-0360","2025-01-10T22:32:24.6590000+05:30","1923","NETBANKING","Mobile","IN","IN","0","19","0","2286","true","false","0.8412","0"
"V2TXN-000067","CUST-V2-0235","2025-01-11T18:47:11.8220000+05:30","10509","CARD","Mobile","US","US","0","13","1","9266","true","false","1.1341","0"
"V2TXN-000068","CUST-V2-0596","2025-01-12T04:33:29.3940000+05:30","1562","CARD","Mobile","IN","IN","0","4","1","1464","true","false","1.0669","0"
"V2TXN-000069","CUST-V2-0708","2025-01-12T04:46:07.0870000+05:30","738","NETBANKING","Desktop","AU","AU","0","1052","29","2077","false","false","0.3553","0"
"V2TXN-000070","CUST-V2-0599","2025-01-12T12:16:14.1300000+05:30","1520","CARD","Desktop","IN","IN","0","1438","29","1534","false","false","0.9909","0"
"V2TXN-000071","CUST-V2-0012","2025-01-12T21:46:53.5780000+05:30","4073","BANK_TRANSFER","Mobile","GB","GB","0","22","0","3761","true","false","1.0830","0"
"V2TXN-000072","CUST-V2-0157","2025-01-13T00:10:01.1520000+05:30","10886","UPI","Desktop","IN","IN","0","9","1","7345","true","false","1.4821","0"
"V2TXN-000073","CUST-V2-0049","2025-01-13T03:12:12.9530000+05:30","1024","CARD","Mobile","IN","IN","3","423","11","2329","false","false","0.4397","0"
"V2TXN-000074","CUST-V2-0157","2025-01-13T03:48:22.1640000+05:30","5471","UPI","Mobile","IN","IN","1","9","2","9115","false","false","0.6002","1"
"V2TXN-000075","CUST-V2-0976","2025-01-13T04:10:05.4410000+05:30","1220","UPI","Mobile","AE","AE","1","30","2","1094","false","false","1.1152","0"
"V2TXN-000076","CUST-V2-0109","2025-01-13T09:10:53.2130000+05:30","1341","CARD","Desktop","IN","IN","0","3","0","1541","true","false","0.8702","0"
"V2TXN-000077","CUST-V2-0810","2025-01-13T10:15:43.4650000+05:30","848","CARD","Mobile","IN","IN","0","29","1","1000","true","false","0.848","0"
"V2TXN-000078","CUST-V2-0465","2025-01-13T11:32:35.2200000+05:30","3467","NETBANKING","Mobile","IN","IN","1","631","13","3936","false","false","0.8808","0"
"V2TXN-000079","CUST-V2-0742","2025-01-13T18:08:23.0540000+05:30","861","WALLET","Desktop","IN","IN","0","24","0","802","true","false","1.0736","0"
"V2TXN-000080","CUST-V2-0821","2025-01-13T18:08:31.9530000+05:30","35943","CARD","Tablet","SG","IN","0","2","1","4223","true","true","8.5112","1"
"V2TXN-000081","CUST-V2-0667","2025-01-13T21:02:50.0560000+05:30","67467","CARD","Mobile","IN","AU","0","4","0","8598","true","true","7.8468","1"
"V2TXN-000082","CUST-V2-0056","2025-01-14T04:14:50.6490000+05:30","119","CARD","Mobile","IN","IN","6","1317","19","1884","false","false","0.0632","1"
"V2TXN-000083","CUST-V2-0708","2025-01-14T09:32:25.7260000+05:30","1653","NETBANKING","Desktop","AU","AU","1","1054","30","2032","false","false","0.8135","0"
"V2TXN-000084","CUST-V2-0777","2025-01-14T20:23:49.6640000+05:30","1659","CARD","Mobile","IN","IN","0","14","1","785","true","false","2.1134","0"
"V2TXN-000085","CUST-V2-0632","2025-01-15T02:08:48.7850000+05:30","5380","CARD","Desktop","AE","IN","2","591","9","907","false","true","5.9316","1"
"V2TXN-000086","CUST-V2-0012","2025-01-15T02:17:45.9990000+05:30","3348","BANK_TRANSFER","Mobile","GB","GB","0","24","1","4073","true","false","0.8220","0"
"V2TXN-000087","CUST-V2-0178","2025-01-15T07:05:19.2040000+05:30","3073","UPI","Mobile","SG","SG","0","7","0","3574","true","false","0.8598","0"
"V2TXN-000088","CUST-V2-0319","2025-01-15T13:43:20.8580000+05:30","2512","NETBANKING","Desktop","SA","SA","0","485","14","4212","false","false","0.5964","0"
"V2TXN-000089","CUST-V2-0217","2025-01-15T16:03:34.1770000+05:30","7116","UPI","Mobile","IN","IN","0","1423","15","4511","false","false","1.5775","0"
"V2TXN-000090","CUST-V2-0086","2025-01-16T02:40:28.6510000+05:30","817","CARD","Mobile","IN","IN","1","1381","35","1019","false","false","0.8018","0"
"V2TXN-000091","CUST-V2-0263","2025-01-16T02:57:11.2810000+05:30","5379","CARD","Mobile","US","US","0","2","1","1053","true","false","5.1083","0"
"V2TXN-000092","CUST-V2-0328","2025-01-16T03:31:08.6220000+05:30","3234","UPI","Desktop","SA","SA","0","456","12","5011","false","false","0.6454","0"
"V2TXN-000093","CUST-V2-0915","2025-01-16T03:39:05.1380000+05:30","1114","UPI","Desktop","IN","IN","0","1079","19","1940","false","false","0.5742","0"
"V2TXN-000094","CUST-V2-0160","2025-01-16T07:27:29.1110000+05:30","524","BANK_TRANSFER","Desktop","US","US","1","7","0","229","true","false","2.2882","0"
"V2TXN-000095","CUST-V2-0432","2025-01-16T13:10:42.6900000+05:30","276","CARD","Mobile","IN","IN","4","8","1","1893","true","false","0.1458","1"
"V2TXN-000096","CUST-V2-0999","2025-01-16T20:31:07.3750000+05:30","23429","CARD","Mobile","DE","GB","0","14","0","2900","true","true","8.0790","1"
"V2TXN-000097","CUST-V2-0051","2025-01-16T21:28:38.0830000+05:30","5381","CARD","Mobile","US","IN","0","19","1","1072","true","true","5.0196","1"
"V2TXN-000098","CUST-V2-0909","2025-01-16T21:38:15.2990000+05:30","6313","CARD","Mobile","IN","IN","0","398","5","2212","false","false","2.8540","0"
"V2TXN-000099","CUST-V2-0976","2025-01-17T02:19:08.2720000+05:30","1499","UPI","Mobile","AE","AE","0","34","3","1136","false","false","1.3195","0"
"V2TXN-000100","CUST-V2-0012","2025-01-17T03:10:38.2430000+05:30","5035","BANK_TRANSFER","Mobile","GB","GB","0","26","2","3710","false","false","1.3571","0"
"V2TXN-000101","CUST-V2-0589","2025-01-17T12:52:02.7550000+05:30","2490","CARD","Mobile","US","US","0","6","0","1923","true","false","1.2949","0"
"V2TXN-000102","CUST-V2-0110","2025-01-17T19:37:26.3270000+05:30","1627","UPI","Mobile","IN","IN","0","1315","13","2230","false","false","0.7296","0"
"V2TXN-000103","CUST-V2-0009","2025-01-17T21:55:23.6400000+05:30","1258","CARD","Mobile","IN","IN","3","16","0","795","true","false","1.5824","1"
"V2TXN-000104","CUST-V2-0526","2025-01-17T22:18:39.8570000+05:30","980","CARD","Desktop","DE","DE","0","1209","35","2045","false","false","0.4792","0"
"V2TXN-000105","CUST-V2-0250","2025-01-17T23:12:56.6730000+05:30","5515","CARD","Mobile","IN","IN","1","9","0","980","true","false","5.6276","1"
"V2TXN-000106","CUST-V2-0785","2025-01-17T23:16:44.3370000+05:30","2828","UPI","Mobile","IN","IN","0","1006","23","2425","false","false","1.1662","0"
"V2TXN-000107","CUST-V2-0138","2025-01-18T00:24:54.3200000+05:30","596","UPI","Mobile","IN","IN","0","343","5","1071","false","false","0.5565","0"
"V2TXN-000108","CUST-V2-0562","2025-01-18T01:52:42.5880000+05:30","579","NETBANKING","Tablet","IN","IN","0","1213","19","565","false","false","1.0248","0"
"V2TXN-000109","CUST-V2-0659","2025-01-18T05:46:52.4560000+05:30","628","CARD","Mobile","IN","IN","1","638","11","588","false","false","1.0680","0"
"V2TXN-000110","CUST-V2-0822","2025-01-18T10:20:19.7850000+05:30","1330","UPI","Desktop","SG","SG","0","16","1","781","true","false","1.7029","0"
"V2TXN-000111","CUST-V2-0386","2025-01-18T11:43:29.1800000+05:30","19794","CARD","Mobile","IN","IN","2","10","1","2288","true","false","8.6512","1"
"V2TXN-000112","CUST-V2-0549","2025-01-18T14:32:16.7840000+05:30","4452","CARD","Desktop","CA","CA","1","465","12","3063","false","false","1.4535","0"
"V2TXN-000113","CUST-V2-0347","2025-01-18T19:29:28.1800000+05:30","2840","CARD","Mobile","SG","SG","0","3","0","1954","true","false","1.4534","0"
"V2TXN-000114","CUST-V2-0726","2025-01-18T20:40:29.4040000+05:30","828","UPI","Mobile","GB","GB","0","108","2","1105","false","false","0.7493","0"
"V2TXN-000115","CUST-V2-0258","2025-01-18T21:39:19.9740000+05:30","2902","CARD","Desktop","IN","IN","0","134","2","2324","false","false","1.2487","0"
"V2TXN-000116","CUST-V2-0890","2025-01-19T03:31:29.1820000+05:30","648","UPI","Mobile","IN","IN","1","16","1","788","true","false","0.8223","0"
"V2TXN-000117","CUST-V2-0197","2025-01-19T03:53:32.7230000+05:30","23200","CARD","Desktop","GB","GB","1","7","0","2728","true","false","8.5044","1"
"V2TXN-000118","CUST-V2-0630","2025-01-19T08:43:25.5600000+05:30","15376","CARD","Mobile","CA","CA","1","18","0","2834","true","false","5.4255","0"
"V2TXN-000119","CUST-V2-0744","2025-01-19T08:56:24.5640000+05:30","1858","UPI","Desktop","AE","AE","0","10","0","1662","true","false","1.1179","0"
"V2TXN-000120","CUST-V2-0510","2025-01-19T17:32:47.7190000+05:30","590","NETBANKING","Desktop","IN","IN","0","12","0","542","true","false","1.0886","0"
"V2TXN-000121","CUST-V2-0909","2025-01-19T20:22:42.3060000+05:30","4511","CARD","Mobile","IN","IN","1","401","6","2895","false","false","1.5582","0"
"V2TXN-000122","CUST-V2-0799","2025-01-19T22:39:03.4230000+05:30","1962","UPI","Mobile","IN","IN","1","20","0","1876","true","false","1.0458","0"
"V2TXN-000123","CUST-V2-0580","2025-01-19T23:05:05.9330000+05:30","22743","CARD","Mobile","IN","IN","0","17","1","6186","true","false","3.6765","1"
"V2TXN-000124","CUST-V2-0269","2025-01-20T00:57:38.9590000+05:30","7427","CARD","Mobile","AE","GB","2","221","7","2418","false","true","3.0715","1"
"V2TXN-000125","CUST-V2-0868","2025-01-20T03:32:32.1630000+05:30","4147","CARD","Mobile","IN","IN","0","9","0","4622","true","false","0.8972","0"
"V2TXN-000126","CUST-V2-0215","2025-01-20T09:13:09.2440000+05:30","1193","UPI","Mobile","DE","DE","0","17","0","1635","true","false","0.7297","0"
"V2TXN-000127","CUST-V2-0206","2025-01-20T09:49:39.6720000+05:30","1169","NETBANKING","Mobile","US","US","0","9","1","745","true","false","1.5691","0"
"V2TXN-000128","CUST-V2-0796","2025-01-20T11:10:23.1620000+05:30","1066","UPI","Desktop","US","US","0","1039","21","782","false","false","1.3632","0"
"V2TXN-000129","CUST-V2-0755","2025-01-20T12:17:30.6740000+05:30","387","CARD","Tablet","SG","GB","4","1452","19","1311","false","true","0.2952","1"
"V2TXN-000130","CUST-V2-0948","2025-01-20T13:04:12.4960000+05:30","417","CARD","Mobile","IN","IN","1","2","1","580","true","false","0.7190","0"
"V2TXN-000131","CUST-V2-0848","2025-01-21T00:29:41.6830000+05:30","353","UPI","Desktop","IN","IN","0","23","1","649","true","false","0.5439","0"
"V2TXN-000132","CUST-V2-0030","2025-01-21T03:06:18.1360000+05:30","2461","UPI","Mobile","IN","IN","0","23","0","2418","true","false","1.0178","0"
"V2TXN-000133","CUST-V2-0962","2025-01-21T04:00:22.1520000+05:30","1995","WALLET","Mobile","GB","GB","0","400","9","1435","false","false","1.3902","0"
"V2TXN-000134","CUST-V2-0096","2025-01-21T09:55:21.2220000+05:30","9649","CARD","Mobile","IN","IN","2","723","21","5105","false","false","1.8901","1"
"V2TXN-000135","CUST-V2-0552","2025-01-21T22:24:57.6850000+05:30","2354","CARD","Mobile","IN","US","1","2","1","1236","true","true","1.9045","1"
"V2TXN-000136","CUST-V2-0355","2025-01-21T23:26:02.3000000+05:30","1166","UPI","Mobile","SA","SA","0","13","1","1171","true","false","0.9957","0"
"V2TXN-000137","CUST-V2-0637","2025-01-22T00:20:57.8310000+05:30","3711","WALLET","Tablet","IN","IN","0","1008","20","2677","false","false","1.3863","1"
"V2TXN-000138","CUST-V2-0002","2025-01-22T02:29:21.2600000+05:30","6209","UPI","Mobile","IN","IN","0","1141","29","3777","false","false","1.6439","0"
"V2TXN-000139","CUST-V2-0846","2025-01-22T03:26:12.1870000+05:30","561","NETBANKING","Desktop","IN","IN","1","11","0","608","true","false","0.9227","0"
"V2TXN-000140","CUST-V2-0743","2025-01-22T04:51:57.9570000+05:30","5000","CARD","Mobile","DE","DE","2","13","0","881","true","false","5.6754","1"
"V2TXN-000141","CUST-V2-0455","2025-01-22T08:30:14.7240000+05:30","13537","CARD","Desktop","IN","IN","0","20","1","9105","true","false","1.4868","0"
"V2TXN-000142","CUST-V2-0969","2025-01-22T11:49:23.6730000+05:30","1128","CARD","Desktop","SA","IN","3","17","0","1141","true","true","0.9886","1"
"V2TXN-000143","CUST-V2-0909","2025-01-22T12:07:03.6690000+05:30","3143","CARD","Mobile","IN","IN","0","404","7","3126","false","false","1.0054","0"
"V2TXN-000144","CUST-V2-0078","2025-01-22T19:55:49.4330000+05:30","5538","CARD","Desktop","IN","IN","0","31","2","3037","false","false","1.8235","1"
"V2TXN-000145","CUST-V2-0690","2025-01-22T20:32:19.2800000+05:30","2567","UPI","Mobile","IN","IN","0","18","1","2276","true","false","1.1279","0"
"V2TXN-000146","CUST-V2-0870","2025-01-22T21:44:34.2860000+05:30","1714","WALLET","Mobile","IN","IN","0","489","11","1623","false","false","1.0561","0"
"V2TXN-000147","CUST-V2-0276","2025-01-23T02:38:07.1320000+05:30","345","CARD","Desktop","SA","SA","0","1099","27","716","false","false","0.4818","0"
"V2TXN-000148","CUST-V2-0866","2025-01-23T03:02:23.5290000+05:30","2848","WALLET","Mobile","DE","IN","0","1388","25","1766","false","true","1.6127","1"
"V2TXN-000149","CUST-V2-0913","2025-01-23T03:45:02.4310000+05:30","828","UPI","Mobile","US","US","0","1363","22","1327","false","false","0.6240","0"
"V2TXN-000150","CUST-V2-0914","2025-01-23T09:38:27.2480000+05:30","3946","UPI","Desktop","IN","IN","0","252","7","3459","false","false","1.1408","0"
"V2TXN-000151","CUST-V2-0730","2025-01-23T10:26:53.6760000+05:30","5459","UPI","Desktop","IN","IN","0","967","23","3302","false","false","1.6532","0"
"V2TXN-000152","CUST-V2-0900","2025-01-23T11:23:12.7910000+05:30","2853","CARD","Mobile","IN","IN","1","21","1","1815","true","false","1.5719","0"
"V2TXN-000153","CUST-V2-0820","2025-01-23T13:44:30.7490000+05:30","280","WALLET","Mobile","AU","AU","0","16","0","322","true","false","0.8696","0"
"V2TXN-000154","CUST-V2-0055","2025-01-23T15:13:47.7760000+05:30","2688","CARD","Desktop","US","US","0","992","28","1086","false","false","2.4751","1"
"V2TXN-000155","CUST-V2-0789","2025-01-23T20:05:13.6620000+05:30","5249","UPI","Desktop","IN","IN","0","1238","23","4254","false","false","1.2339","0"
"V2TXN-000156","CUST-V2-0497","2025-01-23T23:45:30.1180000+05:30","1650","UPI","Mobile","AE","AE","1","1262","20","1437","false","false","1.1482","0"
"V2TXN-000157","CUST-V2-0414","2025-01-24T00:42:19.4690000+05:30","2006","CARD","Mobile","IN","IN","0","965","16","1583","false","false","1.2672","0"
"V2TXN-000158","CUST-V2-0204","2025-01-24T01:30:06.5770000+05:30","668","CARD","Desktop","AE","AE","0","841","16","1233","false","false","0.5418","0"
"V2TXN-000159","CUST-V2-0002","2025-01-24T05:09:03.9060000+05:30","4368","UPI","Mobile","IN","IN","4","1143","30","3858","false","false","1.1322","0"
"V2TXN-000160","CUST-V2-0507","2025-01-24T05:31:15.8280000+05:30","3916","UPI","Mobile","IN","IN","1","18","0","4233","true","false","0.9251","0"
"V2TXN-000161","CUST-V2-0391","2025-01-24T06:00:12.0390000+05:30","1442","UPI","Tablet","GB","GB","0","7","1","1151","true","false","1.2528","0"
"V2TXN-000162","CUST-V2-0517","2025-01-24T06:10:51.8850000+05:30","2352","UPI","Mobile","IN","IN","0","31","2","1819","false","false","1.2930","0"
"V2TXN-000163","CUST-V2-0927","2025-01-24T08:30:04.3980000+05:30","1610","CARD","Mobile","AE","AE","1","189","4","981","false","false","1.6412","0"
"V2TXN-000164","CUST-V2-0406","2025-01-24T09:40:32.5690000+05:30","1643","UPI","Desktop","IN","IN","0","11","1","2025","true","false","0.8114","0"
"V2TXN-000165","CUST-V2-0211","2025-01-24T11:23:01.6720000+05:30","1833","CARD","Mobile","IN","IN","0","4","1","3033","true","false","0.6044","0"
"V2TXN-000166","CUST-V2-0001","2025-01-24T23:46:42.2110000+05:30","1564","BANK_TRANSFER","Desktop","IN","IN","0","13","0","1859","true","false","0.8413","1"
"V2TXN-000167","CUST-V2-0325","2025-01-25T02:00:03.7000000+05:30","417","CARD","Tablet","US","US","0","5","1","917","true","false","0.4547","0"
"V2TXN-000168","CUST-V2-0496","2025-01-25T05:30:11.2290000+05:30","563","UPI","Desktop","US","US","0","455","9","1554","false","false","0.3623","1"
"V2TXN-000169","CUST-V2-0853","2025-01-25T10:18:10.9850000+05:30","2152","CARD","Mobile","SG","SG","0","22","1","2836","true","false","0.7588","0"
"V2TXN-000170","CUST-V2-0347","2025-01-25T11:13:00.3130000+05:30","2262","CARD","Mobile","SG","SG","0","10","1","2840","true","false","0.7965","1"
"V2TXN-000171","CUST-V2-0390","2025-01-25T17:55:27.6200000+05:30","894","UPI","Mobile","IN","IN","0","27","1","1113","true","false","0.8032","0"
"V2TXN-000172","CUST-V2-0903","2025-01-26T02:29:26.5010000+05:30","844","WALLET","Tablet","AE","AE","0","923","14","1677","false","false","0.5033","0"
"V2TXN-000173","CUST-V2-0353","2025-01-26T02:49:06.7240000+05:30","984","NETBANKING","Desktop","AE","AE","0","23","1","1521","true","false","0.6469","0"
"V2TXN-000174","CUST-V2-0399","2025-01-26T09:16:58.1330000+05:30","786","WALLET","Desktop","US","US","0","5","0","1190","true","false","0.6605","0"
"V2TXN-000175","CUST-V2-0652","2025-01-26T16:11:04.1580000+05:30","181","WALLET","Mobile","IN","IN","0","24","1","153","true","false","1.1830","1"
"V2TXN-000176","CUST-V2-0042","2025-01-26T17:47:47.2280000+05:30","4303","UPI","Mobile","US","US","0","910","17","4030","false","false","1.0677","0"
"V2TXN-000177","CUST-V2-0380","2025-01-26T20:56:03.1170000+05:30","2501","CARD","Desktop","SA","SA","0","294","4","1515","false","false","1.6508","0"
"V2TXN-000178","CUST-V2-0608","2025-01-26T21:07:47.4190000+05:30","1923","CARD","Mobile","IN","IN","1","630","15","1962","false","false","0.9801","0"
"V2TXN-000179","CUST-V2-0095","2025-01-26T22:45:16.9670000+05:30","1415","NETBANKING","Desktop","IN","IN","0","1441","24","1593","false","false","0.8883","0"
"V2TXN-000180","CUST-V2-0894","2025-01-26T23:16:46.8910000+05:30","807","WALLET","Mobile","GB","GB","0","1087","25","865","false","false","0.9329","0"
"V2TXN-000181","CUST-V2-0960","2025-01-27T02:00:16.4780000+05:30","3623","BANK_TRANSFER","Mobile","IN","IN","0","938","10","2741","false","false","1.3218","0"
"V2TXN-000182","CUST-V2-0498","2025-01-27T02:31:21.7630000+05:30","3391","CARD","Mobile","IN","IN","0","5","1","3775","true","false","0.8983","0"
"V2TXN-000183","CUST-V2-0635","2025-01-27T03:37:06.9020000+05:30","941","CARD","Mobile","GB","GB","0","3","1","1540","true","false","0.6110","0"
"V2TXN-000184","CUST-V2-0474","2025-01-27T06:22:25.3300000+05:30","1431","WALLET","Desktop","IN","IN","0","25","2","1779","false","false","0.8044","0"
"V2TXN-000185","CUST-V2-0244","2025-01-27T07:06:17.7400000+05:30","1364","UPI","Mobile","IN","IN","0","839","12","1268","false","false","1.0757","0"
"V2TXN-000186","CUST-V2-0701","2025-01-27T11:27:19.9730000+05:30","8013","CARD","Desktop","GB","GB","0","19","1","9084","true","false","0.8821","0"
"V2TXN-000187","CUST-V2-0739","2025-01-27T11:46:56.8570000+05:30","1294","CARD","Mobile","IN","IN","0","15","0","1392","true","false","0.9296","0"
"V2TXN-000188","CUST-V2-0553","2025-01-27T12:55:58.2900000+05:30","4962","NETBANKING","Mobile","IN","IN","0","1350","39","4414","false","false","1.1242","0"
"V2TXN-000189","CUST-V2-0695","2025-01-27T13:39:25.8750000+05:30","1029","UPI","Mobile","IN","IN","0","16","1","1134","true","false","0.9074","0"
"V2TXN-000190","CUST-V2-0382","2025-01-27T14:31:28.1290000+05:30","1076","WALLET","Mobile","IN","IN","0","15","0","713","true","false","1.5091","0"
"V2TXN-000191","CUST-V2-0200","2025-01-27T18:30:08.8260000+05:30","195","CARD","Mobile","GB","GB","6","22","0","835","true","false","0.2335","1"
"V2TXN-000192","CUST-V2-0409","2025-01-27T21:25:19.2680000+05:30","7024","UPI","Mobile","AU","AU","1","19","1","4708","true","false","1.4919","0"
"V2TXN-000193","CUST-V2-0736","2025-01-27T23:13:40.5730000+05:30","459","CARD","Tablet","SG","SG","0","742","20","316","false","false","1.4525","1"
"V2TXN-000194","CUST-V2-0192","2025-01-28T00:22:31.7650000+05:30","871","CARD","Desktop","IN","IN","0","2","1","1137","true","false","0.7661","0"
"V2TXN-000195","CUST-V2-0105","2025-01-28T01:15:23.9070000+05:30","841","CARD","Mobile","IN","IN","0","552","7","654","false","false","1.2859","0"
"V2TXN-000196","CUST-V2-0624","2025-01-28T08:40:16.7190000+05:30","1144","CARD","Mobile","IN","IN","0","21","1","1415","true","false","0.8085","0"
"V2TXN-000197","CUST-V2-0959","2025-01-28T08:51:04.7140000+05:30","17146","CARD","Desktop","CA","CA","0","21","0","1915","true","false","8.9535","1"
"V2TXN-000198","CUST-V2-0868","2025-01-28T11:13:12.0430000+05:30","3040","CARD","Mobile","IN","IN","1","17","1","4147","true","false","0.7331","0"
"V2TXN-000199","CUST-V2-0888","2025-01-28T14:21:00.8770000+05:30","10507","NETBANKING","Desktop","US","US","0","24","1","7579","true","false","1.3863","0"
"V2TXN-000200","CUST-V2-0507","2025-01-28T14:28:46.2000000+05:30","5148","UPI","Mobile","IN","IN","0","22","1","3916","true","false","1.3146","0"
"V2TXN-000201","CUST-V2-0071","2025-01-28T15:05:33.7700000+05:30","1773","UPI","Mobile","IN","IN","1","1203","19","1304","false","false","1.3597","0"
"V2TXN-000202","CUST-V2-0205","2025-01-28T15:44:45.5700000+05:30","3308","CARD","Mobile","IN","IN","1","1352","40","4360","false","false","0.7587","0"
"V2TXN-000203","CUST-V2-0637","2025-01-28T19:13:14.8880000+05:30","2828","WALLET","Tablet","IN","IN","0","1015","21","2726","false","false","1.0374","0"
"V2TXN-000204","CUST-V2-0093","2025-01-29T00:01:07.7770000+05:30","706","NETBANKING","Mobile","CA","IN","0","11","1","352","true","true","2.0057","0"
"V2TXN-000205","CUST-V2-0296","2025-01-29T02:58:36.3570000+05:30","1961","UPI","Mobile","IN","IN","0","10","1","1658","true","false","1.1828","1"
"V2TXN-000206","CUST-V2-0813","2025-01-29T10:56:05.9490000+05:30","183339","WALLET","Tablet","AU","AU","1","37","1","57021","false","false","3.2153","1"
"V2TXN-000207","CUST-V2-0269","2025-01-29T14:09:48.9470000+05:30","3853","NETBANKING","Mobile","GB","GB","0","231","8","3044","false","false","1.2658","0"
"V2TXN-000208","CUST-V2-0368","2025-01-29T20:29:21.8280000+05:30","1441","CARD","Mobile","IN","IN","0","971","16","1032","false","false","1.3963","0"
"V2TXN-000209","CUST-V2-0270","2025-01-30T00:57:00.4280000+05:30","5000","CARD","Desktop","IN","IN","0","24","1","805","true","false","6.2112","1"
"V2TXN-000210","CUST-V2-0241","2025-01-30T01:54:28.3400000+05:30","8445","UPI","Mobile","IN","IN","0","1290","32","4025","false","false","2.0981","0"
"V2TXN-000211","CUST-V2-0002","2025-01-30T02:14:31.9900000+05:30","4435","UPI","Mobile","IN","IN","0","1149","31","3875","false","false","1.1445","0"
"V2TXN-000212","CUST-V2-0968","2025-01-30T02:43:38.7440000+05:30","3209","CARD","Desktop","IN","IN","0","69","2","1822","false","false","1.7613","0"
"V2TXN-000213","CUST-V2-0736","2025-01-30T13:43:36.4280000+05:30","207","UPI","Desktop","SG","SG","1","744","21","322","false","false","0.6429","0"
"V2TXN-000214","CUST-V2-0589","2025-01-30T19:33:37.0090000+05:30","2170","CARD","Mobile","US","US","1","19","1","2490","true","false","0.8715","0"
"V2TXN-000215","CUST-V2-0671","2025-01-30T19:44:32.3140000+05:30","4039","CARD","Mobile","AE","AE","0","1283","16","1868","false","false","2.1622","0"
"V2TXN-000216","CUST-V2-0827","2025-01-30T22:14:56.4600000+05:30","30823","CARD","Mobile","IN","IN","0","23","0","6349","true","false","4.8548","1"
"V2TXN-000217","CUST-V2-0269","2025-01-30T23:40:20.3880000+05:30","2423","NETBANKING","Mobile","GB","GB","1","232","9","3134","false","false","0.7731","0"
"V2TXN-000218","CUST-V2-0119","2025-01-31T04:28:22.9220000+05:30","3575","WALLET","Mobile","IN","IN","2","23","1","2465","true","false","1.4503","0"
"V2TXN-000219","CUST-V2-0499","2025-01-31T05:10:20.5120000+05:30","386","UPI","Mobile","IN","IN","1","1486","30","535","false","false","0.7215","0"
"V2TXN-000220","CUST-V2-0533","2025-01-31T07:25:07.2410000+05:30","5386","UPI","Mobile","IN","IN","0","825","17","3244","false","false","1.6603","0"
"V2TXN-000221","CUST-V2-0106","2025-01-31T08:51:57.3530000+05:30","2329","UPI","Mobile","SG","SG","0","1","1","1787","true","false","1.3033","0"
"V2TXN-000222","CUST-V2-0759","2025-01-31T12:00:01.0350000+05:30","7882","CARD","Desktop","CA","IN","0","21","1","1610","true","true","4.8957","1"
"V2TXN-000223","CUST-V2-0224","2025-01-31T16:39:36.5080000+05:30","1185","CARD","Mobile","IN","IN","0","1085","26","1175","false","false","1.0085","0"
"V2TXN-000224","CUST-V2-0030","2025-01-31T16:47:06.1910000+05:30","3176","UPI","Mobile","IN","IN","0","34","1","2461","false","false","1.2905","0"
"V2TXN-000225","CUST-V2-0149","2025-01-31T17:07:10.3120000+05:30","13949","CARD","Desktop","US","IN","0","17","0","1961","true","true","7.1132","1"
"V2TXN-000226","CUST-V2-0043","2025-01-31T17:13:14.9890000+05:30","556","CARD","Tablet","CA","CA","0","14","0","980","true","false","0.5673","0"
"V2TXN-000227","CUST-V2-0831","2025-02-01T02:34:13.1750000+05:30","474","UPI","Mobile","IN","IN","1","9","1","572","true","false","0.8287","0"
"V2TXN-000228","CUST-V2-0806","2025-02-01T05:31:38.5190000+05:30","4484","WALLET","Tablet","AE","AE","1","14","1","4372","true","false","1.0256","0"
"V2TXN-000229","CUST-V2-0042","2025-02-01T08:45:29.0030000+05:30","4841","CARD","Mobile","US","US","0","916","18","4045","false","false","1.1968","1"
"V2TXN-000230","CUST-V2-0123","2025-02-01T11:47:59.4040000+05:30","1528","UPI","Mobile","IN","IN","0","13","1","984","true","false","1.5528","0"
"V2TXN-000231","CUST-V2-0855","2025-02-01T13:12:57.8310000+05:30","1656","CARD","Desktop","US","US","0","19","0","2205","true","false","0.7510","0"
"V2TXN-000232","CUST-V2-0042","2025-02-01T17:23:07.0840000+05:30","2757","UPI","Mobile","US","US","0","916","19","4087","false","false","0.6746","0"
"V2TXN-000233","CUST-V2-0268","2025-02-01T20:25:35.5480000+05:30","756","CARD","Mobile","SG","AU","1","5","0","616","true","true","1.2273","1"
"V2TXN-000234","CUST-V2-0637","2025-02-01T21:07:55.9230000+05:30","2324","WALLET","Tablet","IN","IN","0","1019","22","2730","false","false","0.8513","0"
"V2TXN-000235","CUST-V2-0885","2025-02-02T04:49:55.4420000+05:30","1602","CARD","Tablet","IN","IN","0","45","2","1158","false","false","1.3834","0"
"V2TXN-000236","CUST-V2-0740","2025-02-02T05:28:44.3190000+05:30","1881","NETBANKING","Mobile","AE","AE","0","12","1","1366","true","false","1.3770","0"
"V2TXN-000237","CUST-V2-0491","2025-02-02T22:06:21.7720000+05:30","1034","NETBANKING","Mobile","IN","IN","0","24","0","1737","true","false","0.5953","0"
"V2TXN-000238","CUST-V2-0253","2025-02-03T01:26:54.3450000+05:30","7051","CARD","Mobile","IN","IN","0","45","2","8310","false","false","0.8485","0"
"V2TXN-000239","CUST-V2-0987","2025-02-03T06:54:17.2990000+05:30","2809","UPI","Mobile","IN","IN","1","1392","40","1856","false","false","1.5135","0"
"V2TXN-000240","CUST-V2-0391","2025-02-03T08:30:51.3750000+05:30","1533","UPI","Tablet","GB","GB","0","17","2","1297","false","false","1.1820","0"
"V2TXN-000241","CUST-V2-0911","2025-02-03T09:57:38.5570000+05:30","4163","CARD","Tablet","CA","CA","0","12","1","2577","true","false","1.6154","0"
"V2TXN-000242","CUST-V2-0988","2025-02-03T20:15:54.7590000+05:30","1105","UPI","Mobile","GB","GB","0","462","5","1074","false","false","1.0289","0"
"V2TXN-000243","CUST-V2-0350","2025-02-04T04:16:28.6540000+05:30","737","WALLET","Desktop","IN","IN","0","3","1","724","true","false","1.0180","0"
"V2TXN-000244","CUST-V2-0800","2025-02-04T09:57:44.2110000+05:30","4651","UPI","Mobile","AE","AE","1","689","10","2300","false","false","2.0222","0"
"V2TXN-000245","CUST-V2-0208","2025-02-04T10:01:23.8080000+05:30","1044","CARD","Mobile","IN","IN","0","957","22","1821","false","false","0.5733","0"
"V2TXN-000246","CUST-V2-0735","2025-02-04T10:50:17.2090000+05:30","2199","UPI","Mobile","AU","AU","0","230","4","2352","false","false","0.9349","0"
"V2TXN-000247","CUST-V2-0735","2025-02-04T19:08:27.5210000+05:30","3667","CARD","Mobile","AU","AU","3","230","5","2321","false","false","1.5799","0"
"V2TXN-000248","CUST-V2-0224","2025-02-04T19:14:01.3320000+05:30","1415","CARD","Mobile","IN","IN","0","1089","27","1176","false","false","1.2032","1"
"V2TXN-000249","CUST-V2-0042","2025-02-04T20:11:48.5770000+05:30","3166","UPI","Mobile","US","US","1","919","20","4020","false","false","0.7876","0"
"V2TXN-000250","CUST-V2-0551","2025-02-05T00:14:53.4160000+05:30","2045","CARD","Desktop","IN","IN","0","6","1","1905","true","false","1.0735","0"
"V2TXN-000251","CUST-V2-0001","2025-02-05T00:34:20.4970000+05:30","2327","CARD","Desktop","DE","IN","3","24","1","1564","true","true","1.4879","1"
"V2TXN-000252","CUST-V2-0335","2025-02-05T04:18:04.5620000+05:30","1395","CARD","Mobile","CA","CA","0","24","1","1460","true","false","0.9555","0"
"V2TXN-000253","CUST-V2-0856","2025-02-05T05:45:44.8690000+05:30","3375","UPI","Desktop","IN","IN","0","24","0","1450","true","false","2.3276","0"
"V2TXN-000254","CUST-V2-0424","2025-02-05T07:05:35.7930000+05:30","1132","UPI","Mobile","GB","GB","0","13","1","1687","true","false","0.6710","0"
"V2TXN-000255","CUST-V2-0811","2025-02-05T08:56:30.0420000+05:30","1631","UPI","Mobile","GB","GB","0","18","1","1465","true","false","1.1133","0"
"V2TXN-000256","CUST-V2-0229","2025-02-05T11:21:05.0640000+05:30","3840","UPI","Desktop","IN","IN","0","527","8","2673","false","false","1.4366","0"
"V2TXN-000257","CUST-V2-0190","2025-02-05T11:25:02.8160000+05:30","1251","CARD","Mobile","IN","IN","3","8","1","4955","true","false","0.2525","1"
"V2TXN-000258","CUST-V2-0164","2025-02-05T13:09:41.8890000+05:30","2317","CARD","Desktop","IN","IN","0","435","9","2176","false","false","1.0648","0"
"V2TXN-000259","CUST-V2-0407","2025-02-05T13:38:44.7000000+05:30","3148","CARD","Mobile","IN","IN","0","83","1","1973","false","false","1.5955","0"
"V2TXN-000260","CUST-V2-0983","2025-02-05T15:26:19.3380000+05:30","761","UPI","Mobile","GB","GB","0","469","4","839","false","false","0.9070","0"
"V2TXN-000261","CUST-V2-0153","2025-02-06T07:20:23.0790000+05:30","1921","CARD","Mobile","IN","IN","0","858","26","2622","false","false","0.7326","0"
"V2TXN-000262","CUST-V2-0502","2025-02-06T07:28:22.3600000+05:30","3227","WALLET","Mobile","US","IN","1","3","0","2819","true","true","1.1447","1"
"V2TXN-000263","CUST-V2-0105","2025-02-06T13:18:14.6240000+05:30","569","CARD","Mobile","IN","IN","0","562","8","678","false","false","0.8392","0"
"V2TXN-000264","CUST-V2-0498","2025-02-06T17:22:56.5960000+05:30","5016","CARD","Mobile","IN","IN","0","16","2","3583","false","false","1.3999","0"
"V2TXN-000265","CUST-V2-0162","2025-02-06T19:41:05.8370000+05:30","911","UPI","Mobile","CA","CA","0","48","1","413","false","false","2.2058","0"
"V2TXN-000266","CUST-V2-0042","2025-02-06T21:46:17.6060000+05:30","2950","UPI","Mobile","US","US","0","921","21","3980","false","false","0.7412","0"
"V2TXN-000267","CUST-V2-0680","2025-02-07T01:50:48.5570000+05:30","1414","UPI","Mobile","AE","AE","0","15","1","1530","true","false","0.9242","0"
"V2TXN-000268","CUST-V2-0951","2025-02-07T07:51:55.4540000+05:30","2025","UPI","Mobile","IN","IN","0","8","0","2011","true","false","1.0070","0"
"V2TXN-000269","CUST-V2-0981","2025-02-07T09:11:34.5350000+05:30","3291","CARD","Desktop","US","US","0","7","1","3334","true","false","0.9871","0"
"V2TXN-000270","CUST-V2-0107","2025-02-07T09:16:56.2940000+05:30","18297","CARD","Mobile","US","US","0","19","0","2702","true","false","6.7717","1"
"V2TXN-000271","CUST-V2-0529","2025-02-07T09:54:56.5310000+05:30","5743","CARD","Desktop","US","GB","1","9","0","727","true","true","7.8996","1"
"V2TXN-000272","CUST-V2-0943","2025-02-07T18:50:33.8790000+05:30","2203","UPI","Desktop","SG","SG","0","506","8","1711","false","false","1.2876","0"
"V2TXN-000273","CUST-V2-0838","2025-02-07T20:01:34.7270000+05:30","2025","CARD","Desktop","IN","IN","0","867","9","1459","false","false","1.3879","0"
"V2TXN-000274","CUST-V2-0861","2025-02-07T21:09:51.0380000+05:30","2982","CARD","Mobile","IN","IN","0","634","16","2149","false","false","1.3876","0"
"V2TXN-000275","CUST-V2-0728","2025-02-07T23:39:14.1400000+05:30","10295","CARD","Desktop","SA","SA","0","1","0","1281","true","false","8.0367","1"
"V2TXN-000276","CUST-V2-0568","2025-02-08T00:42:01.4930000+05:30","2128","UPI","Desktop","IN","IN","0","65","2","1659","false","false","1.2827","0"
"V2TXN-000277","CUST-V2-0747","2025-02-08T00:52:12.6820000+05:30","11581","CARD","Mobile","US","US","0","2","1","12783","true","false","0.9060","0"
"V2TXN-000278","CUST-V2-0433","2025-02-08T06:57:23.2010000+05:30","16483","CARD","Desktop","IN","IN","0","47","2","5206","false","false","3.1662","1"
"V2TXN-000279","CUST-V2-0807","2025-02-08T08:09:18.9320000+05:30","1754","WALLET","Mobile","US","US","0","694","10","1335","false","false","1.3139","0"
"V2TXN-000280","CUST-V2-0998","2025-02-08T14:12:24.1730000+05:30","966","UPI","Mobile","IN","IN","0","242","5","1705","false","false","0.5666","0"
"V2TXN-000281","CUST-V2-0391","2025-02-08T15:16:31.5190000+05:30","1912","UPI","Tablet","GB","GB","0","22","3","1375","false","false","1.3905","0"
"V2TXN-000282","CUST-V2-0292","2025-02-08T15:31:26.5440000+05:30","1102","CARD","Mobile","IN","IN","0","4","1","1212","true","false","0.9092","0"
"V2TXN-000283","CUST-V2-0639","2025-02-08T19:13:24.5320000+05:30","28857","CARD","Desktop","IN","IN","1","17","0","3448","true","false","8.3692","0"
"V2TXN-000284","CUST-V2-0141","2025-02-08T20:18:30.7900000+05:30","824","NETBANKING","Mobile","IN","IN","0","561","9","894","false","false","0.9217","0"
"V2TXN-000285","CUST-V2-0625","2025-02-08T21:16:35.3410000+05:30","6555","UPI","Tablet","SG","SG","1","110","2","7089","false","false","0.9247","0"
"V2TXN-000286","CUST-V2-0965","2025-02-08T21:46:04.7900000+05:30","892","UPI","Mobile","GB","GB","1","620","13","1568","false","false","0.5689","0"
"V2TXN-000287","CUST-V2-0843","2025-02-08T23:01:53.9070000+05:30","2799","UPI","Mobile","IN","IN","0","860","23","4731","false","false","0.5916","0"
"V2TXN-000288","CUST-V2-0308","2025-02-09T05:04:47.6310000+05:30","2362","CARD","Desktop","US","US","1","22","1","2492","true","false","0.9478","0"
"V2TXN-000289","CUST-V2-0788","2025-02-09T08:01:32.2990000+05:30","10964","CARD","Mobile","SA","SA","0","17","1","1434","true","false","7.6457","1"
"V2TXN-000290","CUST-V2-0444","2025-02-09T08:09:53.5500000+05:30","7658","WALLET","Mobile","IN","IN","1","38","1","11955","false","false","0.6406","0"
"V2TXN-000291","CUST-V2-0051","2025-02-09T14:19:00.1150000+05:30","3861","NETBANKING","Mobile","IN","IN","0","43","2","3227","false","false","1.1965","1"
"V2TXN-000292","CUST-V2-0768","2025-02-09T15:09:13.9120000+05:30","1163","NETBANKING","Mobile","IN","IN","1","690","11","1072","false","false","1.0849","0"
"V2TXN-000293","CUST-V2-0846","2025-02-09T16:49:51.5110000+05:30","700","NETBANKING","Desktop","IN","IN","0","30","1","561","true","false","1.2478","0"
"V2TXN-000294","CUST-V2-0356","2025-02-09T18:27:55.9640000+05:30","2243","UPI","Mobile","US","US","0","21","0","2437","true","false","0.9204","0"
"V2TXN-000295","CUST-V2-0469","2025-02-09T18:47:01.4690000+05:30","3070","CARD","Mobile","US","US","0","1399","25","2076","false","false","1.4788","0"
"V2TXN-000296","CUST-V2-0854","2025-02-09T19:32:16.4800000+05:30","6744","CARD","Mobile","GB","GB","2","8","0","1666","true","false","4.0480","1"
"V2TXN-000297","CUST-V2-0380","2025-02-09T19:46:25.0420000+05:30","1587","UPI","Desktop","SA","SA","1","308","5","1712","false","false","0.9270","0"
"V2TXN-000298","CUST-V2-0162","2025-02-10T01:16:34.7150000+05:30","1091","UPI","Mobile","CA","CA","0","51","2","662","false","false","1.6480","0"
"V2TXN-000299","CUST-V2-0219","2025-02-10T03:16:36.4310000+05:30","2019","UPI","Desktop","US","US","0","1","1","2028","true","false","0.9956","0"
"V2TXN-000300","CUST-V2-0817","2025-02-10T03:31:29.1510000+05:30","6368","UPI","Mobile","SG","SG","0","1076","25","5662","false","false","1.1247","0"
"V2TXN-000301","CUST-V2-0972","2025-02-10T05:17:45.5690000+05:30","2906","UPI","Desktop","IN","IN","0","18","1","3542","true","false","0.8204","0"
"V2TXN-000302","CUST-V2-0625","2025-02-10T14:05:35.8880000+05:30","4422","UPI","Tablet","SG","SG","1","112","3","6911","false","false","0.6398","0"
"V2TXN-000303","CUST-V2-0161","2025-02-10T14:33:47.9130000+05:30","15892","CARD","Tablet","IN","IN","0","54","1","22969","false","false","0.6919","0"
"V2TXN-000304","CUST-V2-0434","2025-02-10T19:27:21.2290000+05:30","1007","CARD","Desktop","IN","IN","0","11","0","1153","true","false","0.8734","0"
"V2TXN-000305","CUST-V2-0649","2025-02-10T21:02:02.4530000+05:30","16657","CARD","Mobile","IN","IN","0","1","1","3502","true","false","4.7564","1"
"V2TXN-000306","CUST-V2-0060","2025-02-10T21:36:01.2860000+05:30","2072","WALLET","Tablet","IN","IN","0","24","1","1332","true","false","1.5556","0"
"V2TXN-000307","CUST-V2-0541","2025-02-10T23:32:22.7180000+05:30","9309","UPI","Desktop","IN","IN","0","21","1","4591","true","false","2.0277","0"
"V2TXN-000308","CUST-V2-0774","2025-02-11T05:41:50.4010000+05:30","2800","WALLET","Mobile","IN","IN","1","4","0","3703","true","false","0.7561","0"
"V2TXN-000309","CUST-V2-0933","2025-02-11T06:00:40.8620000+05:30","1923","NETBANKING","Mobile","IN","IN","0","3","1","2333","true","false","0.8243","0"
"V2TXN-000310","CUST-V2-0612","2025-02-11T06:03:14.1120000+05:30","1501","UPI","Desktop","IN","IN","0","22","0","1026","true","false","1.4630","0"
"V2TXN-000311","CUST-V2-0004","2025-02-11T06:24:15.1210000+05:30","1883","UPI","Mobile","IN","IN","0","13","0","987","true","false","1.9078","0"
"V2TXN-000312","CUST-V2-0655","2025-02-11T08:49:35.2600000+05:30","4591","UPI","Mobile","IN","IN","0","47","2","5428","false","false","0.8458","0"
"V2TXN-000313","CUST-V2-0645","2025-02-11T09:44:25.9420000+05:30","4816","CARD","Mobile","IN","IN","0","1162","21","2255","false","false","2.1357","0"
"V2TXN-000314","CUST-V2-0521","2025-02-11T12:14:33.7960000+05:30","1576","CARD","Desktop","IN","IN","0","19","1","2118","true","false","0.7441","0"
"V2TXN-000315","CUST-V2-0559","2025-02-11T16:23:38.2210000+05:30","1492","CARD","Mobile","IN","IN","1","660","9","1617","false","false","0.9227","0"
"V2TXN-000316","CUST-V2-0352","2025-02-11T16:37:28.9350000+05:30","5186","CARD","Desktop","US","US","0","457","7","2555","false","false","2.0297","0"
"V2TXN-000317","CUST-V2-0723","2025-02-11T20:55:28.6910000+05:30","2368","CARD","Mobile","IN","IN","0","50","1","1387","false","false","1.7073","0"
"V2TXN-000318","CUST-V2-0603","2025-02-11T21:15:29.5160000+05:30","3301","UPI","Desktop","IN","IN","1","1037","25","2134","false","false","1.5469","0"
"V2TXN-000319","CUST-V2-0917","2025-02-11T21:39:55.3100000+05:30","9529","CARD","Mobile","AE","IN","2","11","0","1324","true","true","7.1971","1"
"V2TXN-000320","CUST-V2-0629","2025-02-11T22:31:54.2990000+05:30","4176","WALLET","Mobile","DE","DE","0","3","1","3284","true","false","1.2716","0"
"V2TXN-000321","CUST-V2-0292","2025-02-12T01:41:31.0600000+05:30","901","CARD","Mobile","IN","IN","0","7","2","1157","false","false","0.7787","0"
"V2TXN-000322","CUST-V2-0771","2025-02-12T02:16:55.2360000+05:30","2736","BANK_TRANSFER","Mobile","IN","IN","0","355","5","1849","false","false","1.4797","0"
"V2TXN-000323","CUST-V2-0415","2025-02-12T05:52:11.7090000+05:30","3199","UPI","Mobile","IN","IN","0","166","3","1231","false","false","2.5987","0"
"V2TXN-000324","CUST-V2-0604","2025-02-12T07:06:53.0120000+05:30","1794","CARD","Mobile","IN","IN","0","1384","17","1480","false","false","1.2122","0"
"V2TXN-000325","CUST-V2-0206","2025-02-12T10:09:01.1030000+05:30","672","NETBANKING","Mobile","US","US","0","32","2","957","false","false","0.7022","0"
"V2TXN-000326","CUST-V2-0710","2025-02-12T10:58:35.4240000+05:30","1577","WALLET","Mobile","IN","IN","1","404","10","1173","false","false","1.3444","0"
"V2TXN-000327","CUST-V2-0247","2025-02-12T11:55:38.3080000+05:30","7771","CARD","Desktop","AE","IN","2","10","0","6657","true","true","1.1673","1"
"V2TXN-000328","CUST-V2-0223","2025-02-12T12:23:02.5600000+05:30","945","CARD","Desktop","AE","AE","0","20","1","1392","true","false","0.6789","0"
"V2TXN-000329","CUST-V2-0089","2025-02-12T14:14:25.8880000+05:30","3217","UPI","Desktop","IN","IN","0","8","0","2196","true","false","1.4649","0"
"V2TXN-000330","CUST-V2-0551","2025-02-12T18:52:20.9050000+05:30","2696","CARD","Desktop","IN","IN","0","14","2","1975","false","false","1.3651","0"
"V2TXN-000331","CUST-V2-0273","2025-02-13T05:40:08.7880000+05:30","931","WALLET","Mobile","IN","IN","0","957","22","891","false","false","1.0449","0"
"V2TXN-000332","CUST-V2-0448","2025-02-13T06:43:59.3010000+05:30","2045","CARD","Desktop","GB","IN","3","4","1","1444","true","true","1.4162","1"
"V2TXN-000333","CUST-V2-0649","2025-02-13T13:22:24.6680000+05:30","16943","UPI","Mobile","IN","IN","0","4","2","10079","false","false","1.6810","0"
"V2TXN-000334","CUST-V2-0279","2025-02-13T13:47:12.8670000+05:30","742","NETBANKING","Mobile","IN","IN","0","3","1","834","true","false","0.8897","0"
"V2TXN-000335","CUST-V2-0913","2025-02-13T16:19:46.3080000+05:30","946","CARD","Mobile","US","US","1","1385","23","1306","false","false","0.7243","0"
"V2TXN-000336","CUST-V2-0147","2025-02-13T18:45:47.5820000+05:30","20615","CARD","Desktop","US","US","1","19","1","2300","true","false","8.9630","1"
"V2TXN-000337","CUST-V2-0338","2025-02-13T19:57:22.5300000+05:30","1396","UPI","Mobile","US","US","0","1237","22","1107","false","false","1.2611","0"
"V2TXN-000338","CUST-V2-0174","2025-02-13T21:31:30.4350000+05:30","1996","UPI","Mobile","IN","IN","0","1140","34","1307","false","false","1.5272","0"
"V2TXN-000339","CUST-V2-0392","2025-02-14T00:03:52.2310000+05:30","1997","UPI","Desktop","IN","IN","0","781","15","2684","false","false","0.7440","0"
"V2TXN-000340","CUST-V2-0219","2025-02-14T01:49:01.6620000+05:30","1826","UPI","Mobile","US","US","0","5","2","2024","false","false","0.9022","0"
"V2TXN-000341","CUST-V2-0047","2025-02-14T02:42:01.8620000+05:30","3939","BANK_TRANSFER","Mobile","US","US","0","59","1","3665","false","false","1.0748","0"
"V2TXN-000342","CUST-V2-0732","2025-02-14T12:48:15.3810000+05:30","2054","BANK_TRANSFER","Mobile","GB","GB","0","1437","29","2315","false","false","0.8873","0"
"V2TXN-000343","CUST-V2-0840","2025-02-14T12:55:07.5210000+05:30","789","CARD","Mobile","IN","IN","5","14","1","1057","true","false","0.7465","1"
"V2TXN-000344","CUST-V2-0392","2025-02-14T13:03:37.8660000+05:30","3095","UPI","Desktop","IN","IN","0","782","16","2641","false","false","1.1719","0"
"V2TXN-000345","CUST-V2-0902","2025-02-14T15:25:01.5800000+05:30","8536","CARD","Mobile","IN","IN","0","60","2","3576","false","false","2.3870","0"
"V2TXN-000346","CUST-V2-0153","2025-02-14T16:07:49.3600000+05:30","1896","CARD","Mobile","IN","IN","0","866","27","2596","false","false","0.7304","0"
"V2TXN-000347","CUST-V2-0024","2025-02-14T18:48:02.5540000+05:30","6906","CARD","Mobile","IN","IN","0","13","1","1618","true","false","4.2682","1"
"V2TXN-000348","CUST-V2-0843","2025-02-14T19:52:55.2610000+05:30","4109","UPI","Mobile","IN","IN","0","866","24","4650","false","false","0.8837","0"
"V2TXN-000349","CUST-V2-0568","2025-02-14T20:21:33.5850000+05:30","1923","UPI","Desktop","IN","IN","0","72","3","1816","false","false","1.0589","0"
"V2TXN-000350","CUST-V2-0649","2025-02-14T20:48:22.9950000+05:30","17895","UPI","Mobile","IN","IN","0","5","3","12367","false","false","1.4470","0"
"V2TXN-000351","CUST-V2-0837","2025-02-14T23:44:50.1250000+05:30","1993","WALLET","Desktop","IN","IN","1","417","8","1748","false","false","1.1402","0"
"V2TXN-000352","CUST-V2-0898","2025-02-15T02:15:55.3510000+05:30","2623","CARD","Mobile","IN","IN","0","7","1","2130","true","false","1.2315","0"
"V2TXN-000353","CUST-V2-0047","2025-02-15T04:50:58.5950000+05:30","4878","CARD","Mobile","US","US","1","60","2","3802","false","false","1.2830","0"
"V2TXN-000354","CUST-V2-0378","2025-02-15T05:59:56.3260000+05:30","4901","UPI","Mobile","US","US","0","17","0","3175","true","false","1.5436","0"
"V2TXN-000355","CUST-V2-0793","2025-02-15T07:04:10.6890000+05:30","274","CARD","Mobile","IN","IN","1","13","1","552","true","false","0.4964","0"
"V2TXN-000356","CUST-V2-0486","2025-02-15T19:15:51.9480000+05:30","3865","CARD","Tablet","SA","SG","4","575","6","1622","false","true","2.3829","1"
"V2TXN-000357","CUST-V2-0320","2025-02-15T20:52:21.1640000+05:30","2233","UPI","Desktop","IN","IN","0","19","0","1768","true","false","1.2630","1"
"V2TXN-000358","CUST-V2-0392","2025-02-16T00:08:43.4030000+05:30","1513","UPI","Desktop","IN","IN","1","783","17","2668","false","false","0.5671","0"
"V2TXN-000359","CUST-V2-0572","2025-02-16T08:40:11.4890000+05:30","15958","CARD","Mobile","IN","US","0","17","0","3957","true","true","4.0329","1"
"V2TXN-000360","CUST-V2-0726","2025-02-16T10:21:42.5210000+05:30","824","WALLET","Mobile","GB","GB","0","137","3","1013","false","false","0.8134","0"
"V2TXN-000361","CUST-V2-0948","2025-02-16T11:24:54.1330000+05:30","318","CARD","Desktop","IN","IN","0","29","2","498","false","false","0.6386","0"
"V2TXN-000362","CUST-V2-0448","2025-02-16T21:02:33.0380000+05:30","1425","CARD","Desktop","IN","IN","0","8","2","1745","false","false","0.8166","0"
"V2TXN-000363","CUST-V2-0584","2025-02-16T22:46:14.3310000+05:30","29481","CARD","Desktop","IN","IN","2","11","0","3386","true","false","8.7067","1"
"V2TXN-000364","CUST-V2-0552","2025-02-17T05:20:02.4410000+05:30","2873","WALLET","Mobile","US","US","0","28","2","1795","false","false","1.6006","0"
"V2TXN-000365","CUST-V2-0373","2025-02-17T06:48:24.3330000+05:30","1708","UPI","Desktop","IN","IN","0","624","13","3232","false","false","0.5285","0"
"V2TXN-000366","CUST-V2-0855","2025-02-17T11:22:27.3390000+05:30","906","CARD","Desktop","US","US","1","35","1","1656","false","false","0.5471","0"
"V2TXN-000367","CUST-V2-0680","2025-02-17T13:01:45.0680000+05:30","1843","UPI","Mobile","AE","AE","0","25","2","1472","false","false","1.2520","0"
"V2TXN-000368","CUST-V2-0584","2025-02-17T14:36:47.8430000+05:30","17558","CARD","Mobile","IN","IN","1","12","1","29481","true","false","0.5956","0"
"V2TXN-000369","CUST-V2-0835","2025-02-17T18:32:23.6890000+05:30","2537","BANK_TRANSFER","Mobile","IN","IN","0","622","8","2159","false","false","1.1751","0"
"V2TXN-000370","CUST-V2-0841","2025-02-18T00:15:30.0580000+05:30","21613","CARD","Desktop","IN","IN","0","2","0","4389","true","false","4.9244","1"
"V2TXN-000371","CUST-V2-0239","2025-02-18T03:02:38.4910000+05:30","3546","NETBANKING","Desktop","IN","IN","0","1","1","4721","true","false","0.7511","0"
"V2TXN-000372","CUST-V2-0247","2025-02-18T04:35:46.5920000+05:30","43031","CARD","Desktop","IN","IN","0","16","1","7771","true","false","5.5374","1"
"V2TXN-000373","CUST-V2-0390","2025-02-18T04:44:12.7730000+05:30","1273","CARD","Mobile","IN","IN","4","50","2","1004","false","false","1.2679","1"
"V2TXN-000374","CUST-V2-0628","2025-02-18T05:29:45.7950000+05:30","9846","NETBANKING","Mobile","IN","IN","0","1047","27","6005","false","false","1.6396","0"
"V2TXN-000375","CUST-V2-0278","2025-02-18T10:26:55.4300000+05:30","2568","UPI","Mobile","AE","IN","0","57","1","3124","false","true","0.8220","1"
"V2TXN-000376","CUST-V2-0521","2025-02-18T12:56:07.4330000+05:30","1781","CARD","Tablet","IN","IN","0","26","2","1847","false","false","0.9643","0"
"V2TXN-000377","CUST-V2-0875","2025-02-18T16:30:53.4080000+05:30","1917","UPI","Desktop","IN","US","0","17","0","1538","true","true","1.2464","1"
"V2TXN-000378","CUST-V2-0209","2025-02-18T17:30:35.4880000+05:30","991","CARD","Mobile","SA","SA","0","5","0","942","true","false","1.0520","0"
"V2TXN-000379","CUST-V2-0278","2025-02-18T21:04:05.8740000+05:30","4837","UPI","Mobile","IN","IN","0","58","2","2846","false","false","1.6996","0"
"V2TXN-000380","CUST-V2-0267","2025-02-18T21:47:46.4970000+05:30","1921","WALLET","Mobile","IN","IN","0","12","0","1559","true","false","1.2322","0"
"V2TXN-000381","CUST-V2-0549","2025-02-19T00:50:45.8130000+05:30","3220","NETBANKING","Desktop","CA","CA","0","496","13","3170","false","false","1.0158","0"
"V2TXN-000382","CUST-V2-0881","2025-02-19T02:54:52.7740000+05:30","1155","UPI","Desktop","IN","AE","0","1498","45","873","false","true","1.3230","1"
"V2TXN-000383","CUST-V2-0466","2025-02-19T07:55:21.7050000+05:30","6971","NETBANKING","Mobile","SA","IN","1","1399","36","4108","false","true","1.6969","1"
"V2TXN-000384","CUST-V2-0899","2025-02-19T09:18:12.4180000+05:30","852","UPI","Mobile","AU","AU","0","7","1","809","true","false","1.0532","0"
"V2TXN-000385","CUST-V2-0104","2025-02-19T09:26:29.1340000+05:30","2761","NETBANKING","Mobile","SA","SA","0","7","1","1094","true","false","2.5238","0"
"V2TXN-000386","CUST-V2-0989","2025-02-19T10:45:20.2450000+05:30","1596","UPI","Mobile","GB","GB","0","10","0","1658","true","false","0.9626","0"
"V2TXN-000387","CUST-V2-0286","2025-02-19T11:26:35.9430000+05:30","1633","UPI","Desktop","IN","IN","1","1444","31","2012","false","false","0.8116","0"
"V2TXN-000388","CUST-V2-0314","2025-02-19T12:31:19.2150000+05:30","588","CARD","Desktop","IN","IN","0","7","1","1073","true","false","0.5480","0"
"V2TXN-000389","CUST-V2-0831","2025-02-19T16:01:35.0910000+05:30","411","UPI","Desktop","IN","IN","0","28","2","523","false","false","0.7859","1"
"V2TXN-000390","CUST-V2-0889","2025-02-19T18:32:35.8200000+05:30","26360","CARD","Desktop","SG","SG","0","16","1","3056","true","false","8.6257","1"
"V2TXN-000391","CUST-V2-0917","2025-02-19T18:36:01.5460000+05:30","3995","CARD","Mobile","IN","IN","0","19","1","9529","true","false","0.4192","0"
"V2TXN-000392","CUST-V2-0310","2025-02-19T20:25:21.1670000+05:30","1670","CARD","Desktop","IN","IN","0","8","0","2031","true","false","0.8223","0"
"V2TXN-000393","CUST-V2-0156","2025-02-20T00:13:55.8570000+05:30","2374","UPI","Mobile","IN","IN","0","774","17","2304","false","false","1.0304","0"
"V2TXN-000394","CUST-V2-0781","2025-02-20T02:13:37.6560000+05:30","1756","UPI","Mobile","AU","AU","0","24","0","2711","true","false","0.6477","0"
"V2TXN-000395","CUST-V2-0041","2025-02-20T03:24:38.0610000+05:30","23641","CARD","Desktop","IN","IN","1","17","1","2904","true","false","8.1408","1"
"V2TXN-000396","CUST-V2-0556","2025-02-20T06:00:30.9310000+05:30","4275","UPI","Mobile","IN","IN","0","238","7","3811","false","false","1.1218","0"
"V2TXN-000397","CUST-V2-0604","2025-02-20T11:43:53.0790000+05:30","1192","CARD","Mobile","IN","IN","0","1392","18","1497","false","false","0.7963","0"
"V2TXN-000398","CUST-V2-0800","2025-02-20T12:16:18.5830000+05:30","8975","UPI","Mobile","AE","AE","0","705","11","2514","false","false","3.5700","0"
"V2TXN-000399","CUST-V2-0744","2025-02-20T12:58:39.5360000+05:30","1173","UPI","Desktop","AE","AE","0","42","1","1858","false","false","0.6313","0"
"V2TXN-000400","CUST-V2-0945","2025-02-20T18:38:45.8530000+05:30","3786","CARD","Desktop","IN","IN","0","805","16","2556","false","false","1.4812","0"
"V2TXN-000401","CUST-V2-0624","2025-02-20T21:04:07.9270000+05:30","1370","WALLET","Desktop","IN","IN","0","45","2","1280","false","false","1.0703","1"
"V2TXN-000402","CUST-V2-0848","2025-02-21T02:46:04.2680000+05:30","588","UPI","Desktop","IN","IN","0","54","2","501","false","false","1.1737","0"
"V2TXN-000403","CUST-V2-0628","2025-02-21T05:03:08.1710000+05:30","7468","NETBANKING","Mobile","IN","IN","0","1050","28","6142","false","false","1.2159","0"
"V2TXN-000404","CUST-V2-0988","2025-02-21T06:40:11.8900000+05:30","1268","CARD","Desktop","GB","GB","0","479","6","1079","false","false","1.1752","1"
"V2TXN-000405","CUST-V2-0935","2025-02-21T08:01:10.9790000+05:30","542","NETBANKING","Mobile","IN","IN","1","294","4","793","false","false","0.6835","0"
"V2TXN-000406","CUST-V2-0856","2025-02-21T09:31:21.1050000+05:30","3529","UPI","Desktop","IN","IN","1","40","1","3375","false","false","1.0456","0"
"V2TXN-000407","CUST-V2-0215","2025-02-21T12:34:50.9690000+05:30","1529","UPI","Mobile","DE","DE","0","49","1","1193","false","false","1.2816","0"
"V2TXN-000408","CUST-V2-0210","2025-02-21T13:48:32.6860000+05:30","624","UPI","Mobile","IN","IN","0","813","9","704","false","false","0.8864","0"
"V2TXN-000409","CUST-V2-0637","2025-02-21T15:27:08.7950000+05:30","4219","WALLET","Tablet","IN","IN","0","1039","23","2713","false","false","1.5551","0"
"V2TXN-000410","CUST-V2-0074","2025-02-21T16:32:53.3950000+05:30","6970","CARD","Mobile","IN","IN","1","70","2","5757","false","false","1.2107","0"
"V2TXN-000411","CUST-V2-0394","2025-02-21T18:11:17.7850000+05:30","663","UPI","Mobile","IN","IN","0","1019","25","391","false","false","1.6957","0"
"V2TXN-000412","CUST-V2-0619","2025-02-21T20:41:08.6980000+05:30","1049","NETBANKING","Tablet","IN","IN","1","933","15","745","false","false","1.4081","0"
"V2TXN-000413","CUST-V2-0643","2025-02-21T20:49:59.9880000+05:30","3634","UPI","Desktop","US","IN","0","984","22","3588","false","true","1.0128","1"
"V2TXN-000414","CUST-V2-0621","2025-02-22T02:58:56.2710000+05:30","1642","CARD","Mobile","IN","IN","1","573","11","2197","false","false","0.7474","0"
"V2TXN-000415","CUST-V2-0959","2025-02-22T05:07:32.2750000+05:30","29681","UPI","Desktop","CA","CA","1","46","1","17146","false","false","1.7311","0"
"V2TXN-000416","CUST-V2-0474","2025-02-22T09:19:57.8980000+05:30","1600","WALLET","Desktop","US","IN","0","51","3","1663","false","true","0.9621","1"
"V2TXN-000417","CUST-V2-0106","2025-02-22T18:23:38.1740000+05:30","2035","UPI","Mobile","SG","SG","0","23","2","2058","false","false","0.9888","0"
"V2TXN-000418","CUST-V2-0385","2025-02-22T20:13:59.3790000+05:30","1191","UPI","Mobile","GB","GB","0","74","1","938","false","false","1.2697","0"
"V2TXN-000419","CUST-V2-0279","2025-02-23T00:39:15.4920000+05:30","491","NETBANKING","Mobile","IN","IN","1","12","2","788","false","false","0.6231","0"
"V2TXN-000420","CUST-V2-0976","2025-02-23T04:21:34.8180000+05:30","1553","UPI","Mobile","AE","AE","0","71","4","1227","false","false","1.2657","0"
"V2TXN-000421","CUST-V2-0386","2025-02-23T05:48:40.8400000+05:30","17505","UPI","Mobile","IN","IN","0","46","2","11041","false","false","1.5855","0"
"V2TXN-000422","CUST-V2-0601","2025-02-23T07:26:52.5780000+05:30","8045","UPI","Mobile","SA","SA","1","1065","28","4647","false","false","1.7312","1"
"V2TXN-000423","CUST-V2-0394","2025-02-23T10:17:20.3830000+05:30","537","UPI","Mobile","IN","IN","1","1021","26","401","false","false","1.3392","0"
"V2TXN-000424","CUST-V2-0034","2025-02-23T17:46:12.7560000+05:30","2233","UPI","Mobile","IN","IN","0","50","1","1744","false","false","1.2804","0"
"V2TXN-000425","CUST-V2-0448","2025-02-23T21:49:32.7790000+05:30","1641","NETBANKING","Desktop","IN","IN","0","15","3","1638","false","false","1.0018","0"
"V2TXN-000426","CUST-V2-0685","2025-02-23T23:02:29.4770000+05:30","2032","CARD","Desktop","IN","IN","1","266","4","2694","false","false","0.7543","0"
"V2TXN-000427","CUST-V2-0661","2025-02-24T00:06:50.3220000+05:30","744","NETBANKING","Mobile","GB","GB","0","832","25","645","false","false","1.1535","0"
"V2TXN-000428","CUST-V2-0813","2025-02-24T00:41:04.6060000+05:30","167466","CARD","Desktop","AU","AU","0","63","2","120180","false","false","1.3935","0"
"V2TXN-000429","CUST-V2-0293","2025-02-24T02:00:14.4160000+05:30","1270","CARD","Desktop","IN","IN","0","1290","36","1854","false","false","0.6850","0"
"V2TXN-000430","CUST-V2-0502","2025-02-24T03:36:52.5280000+05:30","4098","WALLET","Mobile","IN","IN","4","21","1","3227","true","false","1.2699","0"
"V2TXN-000431","CUST-V2-0027","2025-02-24T05:59:26.5350000+05:30","839","UPI","Desktop","IN","IN","0","321","6","1671","false","false","0.5021","0"
"V2TXN-000432","CUST-V2-0820","2025-02-24T10:10:02.0030000+05:30","299","WALLET","Mobile","AU","AU","0","48","1","280","false","false","1.0679","0"
"V2TXN-000433","CUST-V2-0359","2025-02-24T11:06:39.0260000+05:30","642","CARD","Mobile","US","US","0","401","8","863","false","false","0.7439","0"
"V2TXN-000434","CUST-V2-0432","2025-02-24T15:09:47.3820000+05:30","898","CARD","Mobile","IN","IN","1","47","2","1085","false","false","0.8276","0"
"V2TXN-000435","CUST-V2-0257","2025-02-24T16:24:32.7410000+05:30","7880","UPI","Tablet","IN","IN","0","508","9","4893","false","false","1.6105","0"
"V2TXN-000436","CUST-V2-0051","2025-02-24T17:59:09.5130000+05:30","3190","NETBANKING","Mobile","IN","IN","0","58","3","3438","false","false","0.9279","0"
"V2TXN-000437","CUST-V2-0680","2025-02-24T18:48:47.4130000+05:30","1255","UPI","Mobile","AE","AE","0","33","3","1596","false","false","0.7863","0"
"V2TXN-000438","CUST-V2-0536","2025-02-25T00:30:36.4570000+05:30","816","NETBANKING","Desktop","IN","IN","1","1315","36","1413","false","false","0.5775","0"
"V2TXN-000439","CUST-V2-0498","2025-02-25T01:23:22.8570000+05:30","4022","CARD","Mobile","IN","IN","0","34","3","4061","false","false","0.9904","0"
"V2TXN-000440","CUST-V2-0229","2025-02-25T02:02:38.8140000+05:30","3410","UPI","Desktop","IN","IN","0","547","9","2803","false","false","1.2166","0"
"V2TXN-000441","CUST-V2-0529","2025-02-25T02:28:13.2520000+05:30","20575","CARD","Desktop","GB","GB","0","27","1","5743","true","false","3.5826","1"
"V2TXN-000442","CUST-V2-0049","2025-02-25T08:59:40.5830000+05:30","2048","CARD","Mobile","IN","IN","0","466","12","2220","false","false","0.9225","0"
"V2TXN-000443","CUST-V2-0394","2025-02-25T14:51:13.5670000+05:30","585","UPI","Mobile","IN","IN","0","1023","27","406","false","false","1.4409","0"
"V2TXN-000444","CUST-V2-0730","2025-02-25T16:53:34.8460000+05:30","4900","CARD","Desktop","IN","IN","0","1000","24","3392","false","false","1.4446","0"
"V2TXN-000445","CUST-V2-0054","2025-02-25T23:03:22.4040000+05:30","3195","UPI","Desktop","IN","IN","1","59","2","3679","false","false","0.8684","0"
"V2TXN-000446","CUST-V2-0440","2025-02-26T01:28:14.4860000+05:30","844","UPI","Mobile","GB","GB","1","547","11","703","false","false","1.2006","0"
"V2TXN-000447","CUST-V2-0306","2025-02-26T09:04:38.8840000+05:30","866","UPI","Desktop","DE","DE","0","626","8","1193","false","false","0.7259","0"
"V2TXN-000448","CUST-V2-0788","2025-02-26T09:29:27.2730000+05:30","6606","UPI","Mobile","SA","SA","0","34","2","6199","false","false","1.0657","0"
"V2TXN-000449","CUST-V2-0933","2025-02-26T18:05:58.0130000+05:30","3102","NETBANKING","Mobile","IN","IN","1","19","2","2128","false","false","1.4577","0"
"V2TXN-000450","CUST-V2-0258","2025-02-26T18:46:40.2730000+05:30","3481","CARD","Desktop","IN","IN","0","173","3","2517","false","false","1.3830","0"
"V2TXN-000451","CUST-V2-0296","2025-02-27T00:06:03.6560000+05:30","2893","UPI","Mobile","IN","IN","0","39","2","1809","false","false","1.5992","0"
"V2TXN-000452","CUST-V2-0739","2025-02-27T08:21:42.5740000+05:30","1531","CARD","Mobile","IN","IN","0","46","1","1294","false","false","1.1832","1"
"V2TXN-000453","CUST-V2-0027","2025-02-27T09:49:52.4260000+05:30","1499","UPI","Desktop","IN","IN","0","324","7","1552","false","false","0.9659","0"
"V2TXN-000454","CUST-V2-0483","2025-02-27T10:59:43.5870000+05:30","2855","NETBANKING","Mobile","IN","IN","0","154","3","2818","false","false","1.0131","0"
"V2TXN-000455","CUST-V2-0504","2025-02-28T00:20:56.0670000+05:30","2506","WALLET","Mobile","AE","AE","0","548","9","2448","false","false","1.0237","0"
"V2TXN-000456","CUST-V2-0388","2025-02-28T01:49:53.8630000+05:30","5761","CARD","Desktop","IN","IN","0","74","1","4827","false","false","1.1935","0"
"V2TXN-000457","CUST-V2-0911","2025-02-28T09:17:15.0050000+05:30","3263","CARD","Tablet","CA","CA","1","37","2","3370","false","false","0.9682","0"
"V2TXN-000458","CUST-V2-0278","2025-02-28T10:41:55.9920000+05:30","4280","UPI","Mobile","IN","IN","0","67","3","3510","false","false","1.2194","0"
"V2TXN-000459","CUST-V2-0889","2025-02-28T11:08:03.6410000+05:30","11951","UPI","Desktop","SG","SG","0","25","2","14708","false","false","0.8126","0"
"V2TXN-000460","CUST-V2-0675","2025-02-28T13:39:47.2890000+05:30","2528","BANK_TRANSFER","Mobile","GB","GB","0","1385","31","1908","false","false","1.3249","0"
"V2TXN-000461","CUST-V2-0684","2025-02-28T15:29:49.6680000+05:30","2324","CARD","Mobile","IN","IN","0","256","2","3832","false","false","0.6065","0"
"V2TXN-000462","CUST-V2-0353","2025-02-28T15:46:47.3110000+05:30","1121","NETBANKING","Desktop","AE","AE","1","57","2","1252","false","false","0.8954","0"
"V2TXN-000463","CUST-V2-0820","2025-02-28T16:23:24.1660000+05:30","126","WALLET","Desktop","AU","AU","0","52","2","290","false","false","0.4345","0"
"V2TXN-000464","CUST-V2-0094","2025-03-01T05:21:20.7000000+05:30","738","BANK_TRANSFER","Mobile","US","US","0","85","2","918","false","false","0.8039","0"
"V2TXN-000465","CUST-V2-0678","2025-03-01T05:23:04.9360000+05:30","2553","CARD","Desktop","IN","IN","0","910","18","1303","false","false","1.9593","0"
"V2TXN-000466","CUST-V2-0890","2025-03-01T11:24:13.3260000+05:30","565","CARD","Mobile","IN","IN","0","57","2","718","false","false","0.7869","0"
"V2TXN-000467","CUST-V2-0730","2025-03-01T12:19:25.3990000+05:30","3519","CARD","Mobile","IN","IN","0","1004","25","3452","false","false","1.0194","0"
"V2TXN-000468","CUST-V2-0848","2025-03-01T12:40:36.1710000+05:30","675","UPI","Mobile","IN","IN","0","63","3","530","false","false","1.2736","0"
"V2TXN-000469","CUST-V2-0736","2025-03-01T13:53:23.2370000+05:30","188","CARD","Mobile","AE","SG","4","774","22","317","false","true","0.5931","1"
"V2TXN-000470","CUST-V2-0176","2025-03-01T14:48:10.1710000+05:30","1054","WALLET","Tablet","IN","IN","0","471","7","836","false","false","1.2608","0"
"V2TXN-000471","CUST-V2-0562","2025-03-01T22:52:50.6270000+05:30","598","CARD","Mobile","IN","IN","1","1256","20","566","false","false","1.0565","0"
"V2TXN-000472","CUST-V2-0894","2025-03-02T01:46:42.2080000+05:30","735","WALLET","Mobile","GB","GB","0","1121","26","862","false","false","0.8527","0"
"V2TXN-000473","CUST-V2-0464","2025-03-02T03:56:16.5990000+05:30","3526","CARD","Tablet","US","US","1","693","18","2352","false","false","1.4991","0"
"V2TXN-000474","CUST-V2-0893","2025-03-02T08:30:16.8010000+05:30","699","UPI","Mobile","IN","IN","0","298","7","1009","false","false","0.6928","0"
"V2TXN-000475","CUST-V2-0655","2025-03-02T10:36:20.5120000+05:30","5619","UPI","Mobile","IN","IN","0","66","3","5149","false","false","1.0913","0"
"V2TXN-000476","CUST-V2-0106","2025-03-02T22:47:27.8760000+05:30","1866","UPI","Mobile","SG","SG","0","32","3","2050","false","false","0.9102","0"
"V2TXN-000477","CUST-V2-0998","2025-03-02T23:28:59.0880000+05:30","1228","UPI","Mobile","IN","IN","0","264","6","1582","false","false","0.7762","0"
"V2TXN-000478","CUST-V2-0655","2025-03-03T04:14:33.2380000+05:30","7545","CARD","Desktop","GB","IN","0","66","4","5266","false","true","1.4328","1"
"V2TXN-000479","CUST-V2-0976","2025-03-03T12:16:12.1950000+05:30","1221","UPI","Mobile","AE","AE","0","79","5","1292","false","false","0.9450","0"
"V2TXN-000480","CUST-V2-0841","2025-03-03T15:35:30.6820000+05:30","124461","CARD","Desktop","IN","IN","1","16","1","21613","true","false","5.7586","0"
"V2TXN-000481","CUST-V2-0457","2025-03-04T00:32:38.5120000+05:30","1085","UPI","Mobile","IN","IN","0","571","15","485","false","false","2.2371","0"
"V2TXN-000482","CUST-V2-0532","2025-03-04T05:40:49.6190000+05:30","1163","NETBANKING","Mobile","IN","IN","0","1309","13","1614","false","false","0.7206","0"
"V2TXN-000483","CUST-V2-0118","2025-03-04T05:53:03.5390000+05:30","2287","CARD","Mobile","SG","SG","0","52","1","1807","false","false","1.2656","0"
"V2TXN-000484","CUST-V2-0577","2025-03-04T09:46:12.5750000+05:30","1821","CARD","Desktop","IN","IN","0","831","23","2241","false","false","0.8126","0"
"V2TXN-000485","CUST-V2-0787","2025-03-04T11:51:40.3210000+05:30","2844","UPI","Mobile","IN","IN","0","1160","32","2818","false","false","1.0092","0"
"V2TXN-000486","CUST-V2-0773","2025-03-04T14:55:00.4190000+05:30","801","UPI","Mobile","IN","IN","0","365","10","848","false","false","0.9446","0"
"V2TXN-000487","CUST-V2-0210","2025-03-04T18:25:34.9480000+05:30","819","UPI","Mobile","IN","IN","1","824","10","696","false","false","1.1767","0"
"V2TXN-000488","CUST-V2-0393","2025-03-05T06:57:55.6930000+05:30","1757","WALLET","Desktop","IN","IN","0","1089","28","1639","false","false","1.0720","0"
"V2TXN-000489","CUST-V2-0646","2025-03-05T16:38:17.5970000+05:30","1726","CARD","Desktop","IN","IN","0","922","17","2290","false","false","0.7537","0"
"V2TXN-000490","CUST-V2-0110","2025-03-05T19:01:57.7800000+05:30","2808","WALLET","Mobile","IN","IN","0","1362","14","2187","false","false","1.2840","0"
"V2TXN-000491","CUST-V2-0998","2025-03-05T20:21:17.5430000+05:30","2013","UPI","Desktop","IN","IN","1","267","7","1531","false","false","1.3148","0"
"V2TXN-000492","CUST-V2-0684","2025-03-06T08:47:27.8410000+05:30","3855","UPI","Mobile","IN","IN","0","262","3","3329","false","false","1.1580","0"
"V2TXN-000493","CUST-V2-0205","2025-03-06T14:50:41.0580000+05:30","4128","CARD","Mobile","IN","IN","1","1389","41","4334","false","false","0.9525","0"
"V2TXN-000494","CUST-V2-0031","2025-03-06T18:09:12.1140000+05:30","859","BANK_TRANSFER","Desktop","IN","IN","0","1194","31","1140","false","false","0.7535","0"
"V2TXN-000495","CUST-V2-0557","2025-03-06T18:11:17.2890000+05:30","22084","CARD","Mobile","IN","IN","1","63","2","27736","false","false","0.7962","0"
"V2TXN-000496","CUST-V2-0286","2025-03-06T18:35:17.3620000+05:30","1057","UPI","Desktop","IN","IN","0","1459","32","2001","false","false","0.5282","0"
"V2TXN-000497","CUST-V2-0408","2025-03-06T18:51:29.9080000+05:30","5025","WALLET","Desktop","IN","IN","0","1220","33","3395","false","false","1.4801","1"
"V2TXN-000498","CUST-V2-0690","2025-03-07T08:35:49.3290000+05:30","2089","UPI","Desktop","IN","IN","0","61","2","2422","false","false","0.8625","0"
"V2TXN-000499","CUST-V2-0296","2025-03-07T15:29:58.7600000+05:30","1716","UPI","Mobile","IN","IN","0","48","3","2171","false","false","0.7904","0"
"V2TXN-000500","CUST-V2-0314","2025-03-08T01:49:17.0720000+05:30","857","CARD","Desktop","IN","IN","0","24","2","830","false","false","1.0325","0"
"V2TXN-000501","CUST-V2-0881","2025-03-08T02:09:51.8140000+05:30","932","UPI","Desktop","AE","AE","0","1515","46","879","false","false","1.0603","0"
"V2TXN-000502","CUST-V2-0412","2025-03-08T06:03:27.7300000+05:30","441","UPI","Desktop","SG","SG","0","126","2","431","false","false","1.0232","0"
"V2TXN-000503","CUST-V2-0855","2025-03-08T11:54:08.8470000+05:30","1131","WALLET","Mobile","US","US","1","54","2","1281","false","false","0.8829","0"
"V2TXN-000504","CUST-V2-0239","2025-03-08T14:23:25.8620000+05:30","5045","NETBANKING","Mobile","IN","IN","0","19","2","4134","false","false","1.2204","1"
"V2TXN-000505","CUST-V2-0319","2025-03-08T18:25:30.1860000+05:30","2697","UPI","Desktop","SA","SA","1","537","15","4098","false","false","0.6581","0"
"V2TXN-000506","CUST-V2-0047","2025-03-08T21:18:46.8820000+05:30","2863","UPI","Mobile","US","US","1","82","3","4161","false","false","0.6881","0"
"V2TXN-000507","CUST-V2-0380","2025-03-09T00:01:05.0130000+05:30","1002","UPI","Desktop","SA","SA","0","336","6","1691","false","false","0.5925","1"
"V2TXN-000508","CUST-V2-0774","2025-03-09T00:09:36.6830000+05:30","4585","WALLET","Mobile","IN","IN","1","30","1","2800","true","false","1.6375","0"
"V2TXN-000509","CUST-V2-0064","2025-03-09T07:38:49.5060000+05:30","1236","BANK_TRANSFER","Desktop","SG","SG","1","1165","19","1852","false","false","0.6674","0"
"V2TXN-000510","CUST-V2-0156","2025-03-09T08:14:41.0600000+05:30","1911","UPI","Mobile","IN","IN","0","791","18","2307","false","false","0.8283","0"
"V2TXN-000511","CUST-V2-0213","2025-03-09T11:53:49.8730000+05:30","3373","UPI","Desktop","DE","DE","1","78","1","2894","false","false","1.1655","0"
"V2TXN-000512","CUST-V2-0014","2025-03-09T16:46:05.6230000+05:30","4912","WALLET","Desktop","IN","IN","1","65","2","3996","false","false","1.2292","0"
"V2TXN-000513","CUST-V2-0849","2025-03-09T23:00:37.7760000+05:30","884","UPI","Desktop","IN","IN","0","1199","16","952","false","false","0.9286","0"
"V2TXN-000514","CUST-V2-0350","2025-03-10T01:25:07.8160000+05:30","1390","WALLET","Desktop","IN","IN","0","37","2","731","false","false","1.9015","0"
"V2TXN-000515","CUST-V2-0846","2025-03-10T03:42:45.4380000+05:30","1174","CARD","Desktop","US","IN","2","58","2","630","false","true","1.8635","0"
"V2TXN-000516","CUST-V2-0706","2025-03-10T08:43:56.2570000+05:30","1777","UPI","Mobile","IN","IN","1","438","5","1411","false","false","1.2594","0"
"V2TXN-000517","CUST-V2-0907","2025-03-10T08:54:08.3450000+05:30","7131","BANK_TRANSFER","Mobile","IN","IN","0","752","20","4649","false","false","1.5339","0"
"V2TXN-000518","CUST-V2-0709","2025-03-10T12:46:47.1310000+05:30","3366","WALLET","Mobile","IN","IN","1","175","5","2859","false","false","1.1773","0"
"V2TXN-000519","CUST-V2-0239","2025-03-10T15:29:16.9620000+05:30","5092","NETBANKING","Mobile","IN","IN","0","22","3","4437","false","false","1.1476","0"
"V2TXN-000520","CUST-V2-0494","2025-03-11T04:47:31.4210000+05:30","1571","UPI","Mobile","IN","IN","0","71","2","2598","false","false","0.6047","0"
"V2TXN-000521","CUST-V2-0548","2025-03-11T06:16:00.6500000+05:30","280","WALLET","Mobile","US","US","1","271","7","713","false","false","0.3927","0"
"V2TXN-000522","CUST-V2-0671","2025-03-11T06:20:28.8230000+05:30","1723","CARD","Mobile","AE","AE","0","1322","17","1996","false","false","0.8632","0"
"V2TXN-000523","CUST-V2-0095","2025-03-11T11:34:44.4620000+05:30","2378","CARD","Desktop","US","IN","3","1485","25","1585","false","true","1.5003","0"
"V2TXN-000524","CUST-V2-0494","2025-03-11T23:18:59.6360000+05:30","2596","UPI","Mobile","IN","IN","0","71","3","2255","false","false","1.1512","0"
"V2TXN-000525","CUST-V2-0286","2025-03-12T00:47:29.0040000+05:30","2688","UPI","Desktop","IN","IN","1","1465","33","1972","false","false","1.3631","0"
"V2TXN-000526","CUST-V2-0726","2025-03-12T02:42:54.4760000+05:30","834","WALLET","Mobile","GB","GB","1","160","4","965","false","false","0.8642","0"
"V2TXN-000527","CUST-V2-0406","2025-03-12T04:54:41.8970000+05:30","1605","UPI","Mobile","IN","IN","0","58","2","1834","false","false","0.8751","0"
"V2TXN-000528","CUST-V2-0572","2025-03-12T04:59:50.4200000+05:30","8740","CARD","Mobile","US","US","0","41","1","15958","false","false","0.5477","0"
"V2TXN-000529","CUST-V2-0788","2025-03-12T06:08:16.7990000+05:30","3573","UPI","Mobile","SA","SA","0","48","3","6335","false","false","0.5640","0"
"V2TXN-000530","CUST-V2-0215","2025-03-12T10:24:28.8030000+05:30","1583","UPI","Desktop","IN","DE","1","68","2","1361","false","true","1.1631","0"
"V2TXN-000531","CUST-V2-0107","2025-03-12T10:31:44.8710000+05:30","13902","UPI","Desktop","US","US","0","52","1","18297","false","false","0.7598","0"
"V2TXN-000532","CUST-V2-0370","2025-03-12T13:10:43.6510000+05:30","2855","UPI","Desktop","IN","IN","0","61","1","1904","false","false","1.4995","0"
"V2TXN-000533","CUST-V2-0881","2025-03-12T15:56:06.7720000+05:30","786","UPI","Desktop","AE","AE","0","1520","47","880","false","false","0.8932","0"
"V2TXN-000534","CUST-V2-0744","2025-03-12T16:11:45.6610000+05:30","1428","UPI","Desktop","AE","AE","0","62","2","1516","false","false","0.9420","0"
"V2TXN-000535","CUST-V2-0415","2025-03-12T17:15:45.9070000+05:30","2627","UPI","Mobile","IN","IN","0","194","4","1723","false","false","1.5247","0"
"V2TXN-000536","CUST-V2-0523","2025-03-12T17:20:23.9840000+05:30","448","WALLET","Tablet","IN","IN","0","320","9","713","false","false","0.6283","0"
"V2TXN-000537","CUST-V2-0373","2025-03-12T19:23:29.3780000+05:30","1801","UPI","Mobile","IN","IN","0","648","14","3123","false","false","0.5767","0"
"V2TXN-000538","CUST-V2-0361","2025-03-13T03:37:27.5750000+05:30","370","CARD","Desktop","IN","IN","0","1191","20","716","false","false","0.5168","0"
"V2TXN-000539","CUST-V2-0603","2025-03-13T06:38:41.6670000+05:30","1630","UPI","Desktop","IN","IN","0","1066","26","2179","false","false","0.7480","0"
"V2TXN-000540","CUST-V2-0678","2025-03-13T14:06:36.8590000+05:30","1278","UPI","Desktop","IN","IN","0","922","19","1369","false","false","0.9335","0"
"V2TXN-000541","CUST-V2-0612","2025-03-13T15:29:26.9490000+05:30","1389","UPI","Desktop","IN","IN","0","52","1","1501","false","false","0.9254","0"
"V2TXN-000542","CUST-V2-0302","2025-03-13T23:37:21.9250000+05:30","1147","UPI","Mobile","SG","SG","0","1252","19","1299","false","false","0.8830","0"
"V2TXN-000543","CUST-V2-0344","2025-03-14T00:06:43.2280000+05:30","409","UPI","Mobile","IN","IN","0","80","2","539","false","false","0.7588","0"
"V2TXN-000544","CUST-V2-0295","2025-03-14T01:31:27.7250000+05:30","870","UPI","Mobile","SG","SG","0","121","3","1369","false","false","0.6355","0"
"V2TXN-000545","CUST-V2-0547","2025-03-14T01:41:26.0440000+05:30","8091","NETBANKING","Tablet","GB","GB","2","1381","30","5342","false","false","1.5146","0"
"V2TXN-000546","CUST-V2-0451","2025-03-14T02:59:10.6510000+05:30","2010","CARD","Mobile","IN","IN","0","1019","12","2091","false","false","0.9613","0"
"V2TXN-000547","CUST-V2-0888","2025-03-14T07:10:00.0980000+05:30","7798","NETBANKING","Desktop","US","US","0","69","2","9043","false","false","0.8623","0"
"V2TXN-000548","CUST-V2-0652","2025-03-14T10:31:29.9180000+05:30","313","UPI","Mobile","IN","IN","0","71","2","167","false","false","1.8743","0"
"V2TXN-000549","CUST-V2-0884","2025-03-14T17:49:03.4310000+05:30","930","CARD","Mobile","IN","IN","0","1025","22","1341","false","false","0.6935","0"
"V2TXN-000550","CUST-V2-0822","2025-03-15T01:09:58.1160000+05:30","1395","CARD","Desktop","SG","SG","0","72","2","1056","false","false","1.3210","0"
"V2TXN-000551","CUST-V2-0906","2025-03-15T08:53:53.1970000+05:30","810","CARD","Desktop","IN","IN","0","369","10","785","false","false","1.0318","0"
"V2TXN-000552","CUST-V2-0771","2025-03-15T12:05:40.3400000+05:30","2002","BANK_TRANSFER","Mobile","IN","IN","0","386","6","1997","false","false","1.0025","0"
"V2TXN-000553","CUST-V2-0541","2025-03-15T12:38:21.2330000+05:30","3566","UPI","Desktop","IN","IN","0","54","2","6950","false","false","0.5131","0"
"V2TXN-000554","CUST-V2-0932","2025-03-15T13:26:42.8570000+05:30","2393","CARD","Desktop","IN","IN","0","792","24","2373","false","false","1.0084","0"
"V2TXN-000555","CUST-V2-0472","2025-03-15T13:51:26.6650000+05:30","589","NETBANKING","Mobile","GB","GB","1","117","3","655","false","false","0.8992","0"
"V2TXN-000556","CUST-V2-0251","2025-03-15T15:20:13.6500000+05:30","3971","BANK_TRANSFER","Mobile","AE","AE","1","580","9","2363","false","false","1.6805","1"
"V2TXN-000557","CUST-V2-0533","2025-03-15T15:37:06.7560000+05:30","5995","CARD","Desktop","IN","IN","1","868","18","3363","false","false","1.7826","1"
"V2TXN-000558","CUST-V2-0382","2025-03-15T19:29:03.7560000+05:30","1433","WALLET","Mobile","IN","IN","0","62","1","1076","false","false","1.3318","0"
"V2TXN-000559","CUST-V2-0319","2025-03-16T13:18:10.4170000+05:30","7789","NETBANKING","Desktop","SA","SA","0","545","16","4011","false","false","1.9419","0"
"V2TXN-000560","CUST-V2-0788","2025-03-16T14:22:27.7660000+05:30","3528","UPI","Mobile","SA","SA","1","52","4","5644","false","false","0.6251","0"
"V2TXN-000561","CUST-V2-0253","2025-03-16T14:31:14.5430000+05:30","12282","CARD","Mobile","IN","IN","0","86","3","7890","false","false","1.5567","0"
"V2TXN-000562","CUST-V2-0552","2025-03-16T19:57:21.5770000+05:30","863","CARD","Mobile","IN","US","4","56","3","2154","false","true","0.4006","1"
"V2TXN-000563","CUST-V2-0138","2025-03-16T23:49:45.5630000+05:30","840","CARD","Mobile","IN","IN","0","401","6","992","false","false","0.8468","0"
"V2TXN-000564","CUST-V2-0471","2025-03-17T03:21:47.1320000+05:30","1832","UPI","Mobile","IN","IN","0","1086","11","2432","false","false","0.7533","0"
"V2TXN-000565","CUST-V2-0841","2025-03-17T04:43:49.5020000+05:30","51917","UPI","Desktop","IN","IN","0","29","2","73037","false","false","0.7108","0"
"V2TXN-000566","CUST-V2-0897","2025-03-17T06:12:10.8860000+05:30","1384","CARD","Mobile","IN","IN","0","87","1","1862","false","false","0.7433","0"
"V2TXN-000567","CUST-V2-0774","2025-03-17T10:16:09.3280000+05:30","6359","WALLET","Mobile","IN","IN","0","38","2","3692","false","false","1.7224","0"
"V2TXN-000568","CUST-V2-0943","2025-03-17T21:52:57.0220000+05:30","2640","UPI","Desktop","SG","SG","0","544","9","1766","false","false","1.4949","0"
"V2TXN-000569","CUST-V2-0596","2025-03-17T22:11:06.7390000+05:30","2658","UPI","Mobile","IN","IN","0","69","2","1513","false","false","1.7568","0"
"V2TXN-000570","CUST-V2-0942","2025-03-18T00:26:16.6240000+05:30","1562","NETBANKING","Mobile","IN","IN","0","308","6","692","false","false","2.2572","0"
"V2TXN-000571","CUST-V2-0825","2025-03-18T01:08:04.9630000+05:30","1464","UPI","Desktop","IN","IN","0","1166","14","1325","false","false","1.1049","0"
"V2TXN-000572","CUST-V2-0835","2025-03-18T04:29:55.4210000+05:30","5436","BANK_TRANSFER","Mobile","IN","IN","0","650","9","2201","false","false","2.4698","0"
"V2TXN-000573","CUST-V2-0824","2025-03-18T10:55:22.0520000+05:30","1914","CARD","Mobile","IN","IN","0","1167","17","1836","false","false","1.0425","0"
"V2TXN-000574","CUST-V2-0368","2025-03-18T14:52:12.7270000+05:30","1899","CARD","Mobile","IN","IN","0","1019","17","1056","false","false","1.7983","0"
"V2TXN-000575","CUST-V2-0954","2025-03-18T21:18:30.2250000+05:30","179","CARD","Desktop","IN","IN","3","309","4","1894","false","false","0.0945","1"
"V2TXN-000576","CUST-V2-0882","2025-03-18T23:02:06.3730000+05:30","4214","BANK_TRANSFER","Mobile","SG","SG","0","86","2","2738","false","false","1.5391","0"
"V2TXN-000577","CUST-V2-0794","2025-03-19T04:19:43.6880000+05:30","590","UPI","Mobile","IN","IN","0","914","9","411","false","false","1.4355","1"
"V2TXN-000578","CUST-V2-0907","2025-03-19T05:21:35.0590000+05:30","3794","UPI","Mobile","IN","IN","0","761","21","4767","false","false","0.7959","0"
"V2TXN-000579","CUST-V2-0843","2025-03-19T10:37:03.8740000+05:30","1835","UPI","Mobile","IN","IN","0","898","25","4628","false","false","0.3965","0"
"V2TXN-000580","CUST-V2-0661","2025-03-19T11:17:20.9360000+05:30","1043","CARD","Tablet","GB","GB","0","855","26","649","false","false","1.6071","0"
"V2TXN-000581","CUST-V2-0841","2025-03-19T11:41:49.0320000+05:30","86762","UPI","Tablet","GB","IN","2","31","3","65997","false","true","1.3146","1"
"V2TXN-000582","CUST-V2-0529","2025-03-19T15:29:12.7110000+05:30","9109","WALLET","Desktop","GB","GB","0","49","2","13159","false","false","0.6922","0"
"V2TXN-000583","CUST-V2-0847","2025-03-19T17:28:32.1920000+05:30","126","CARD","Desktop","IN","IN","5","349","4","427","false","false","0.2951","1"
"V2TXN-000584","CUST-V2-0596","2025-03-19T17:43:33.5950000+05:30","834","UPI","Mobile","IN","IN","0","71","3","1895","false","false","0.4401","0"
"V2TXN-000585","CUST-V2-0013","2025-03-19T23:34:25.9840000+05:30","576","UPI","Desktop","GB","GB","1","1017","19","610","false","false","0.9443","0"
"V2TXN-000586","CUST-V2-0879","2025-03-20T01:37:26.2020000+05:30","5322","CARD","Mobile","IN","IN","0","83","2","4160","false","false","1.2793","0"
"V2TXN-000587","CUST-V2-0380","2025-03-20T03:12:05.1460000+05:30","1609","UPI","Desktop","SA","SA","0","347","7","1593","false","false","1.0100","0"
"V2TXN-000588","CUST-V2-0078","2025-03-20T05:54:01.4990000+05:30","2127","BANK_TRANSFER","Desktop","IN","IN","0","88","3","3870","false","false","0.5496","0"
"V2TXN-000589","CUST-V2-0437","2025-03-20T09:20:16.4050000+05:30","2007","CARD","Mobile","IN","IN","1","463","7","2594","false","false","0.7737","0"
"V2TXN-000590","CUST-V2-0287","2025-03-20T10:14:46.7150000+05:30","721","UPI","Mobile","AU","AU","0","1498","45","1296","false","false","0.5563","0"
"V2TXN-000591","CUST-V2-0732","2025-03-20T10:18:52.6700000+05:30","2187","CARD","Mobile","GB","GB","0","1471","30","2306","false","false","0.9484","0"
"V2TXN-000592","CUST-V2-0350","2025-03-20T14:31:41.1870000+05:30","910","UPI","Mobile","IN","IN","4","47","3","950","false","false","0.9579","0"
"V2TXN-000593","CUST-V2-0306","2025-03-20T14:58:02.4660000+05:30","1117","UPI","Desktop","DE","DE","1","648","9","1156","false","false","0.9663","0"
"V2TXN-000594","CUST-V2-0643","2025-03-20T17:04:51.4940000+05:30","4312","UPI","Mobile","IN","IN","0","1011","23","3590","false","false","1.2011","0"
"V2TXN-000595","CUST-V2-0185","2025-03-20T17:52:10.0290000+05:30","978","UPI","Desktop","US","US","0","547","10","1012","false","false","0.9664","0"
"V2TXN-000596","CUST-V2-0948","2025-03-21T02:27:00.0470000+05:30","466","CARD","Desktop","IN","IN","0","62","3","438","false","false","1.0639","0"
"V2TXN-000597","CUST-V2-0328","2025-03-21T12:28:56.8310000+05:30","3876","UPI","Desktop","SA","SA","0","520","13","4874","false","false","0.7952","0"
"V2TXN-000598","CUST-V2-0725","2025-03-21T15:32:05.5820000+05:30","1596","UPI","Mobile","AE","IN","0","609","11","1132","false","true","1.4099","1"
"V2TXN-000599","CUST-V2-0732","2025-03-21T16:10:04.7270000+05:30","2130","BANK_TRANSFER","Mobile","GB","GB","1","1472","31","2302","false","false","0.9253","0"
"V2TXN-000600","CUST-V2-0055","2025-03-21T18:11:32.9100000+05:30","1261","NETBANKING","Desktop","US","US","0","1049","29","1142","false","false","1.1042","0"
"V2TXN-000601","CUST-V2-0358","2025-03-21T21:51:10.0960000+05:30","686","UPI","Mobile","IN","IN","0","1332","34","754","false","false","0.9098","0"
"V2TXN-000602","CUST-V2-0853","2025-03-22T00:26:28.3800000+05:30","2677","CARD","Mobile","SG","SG","1","78","2","2494","false","false","1.0734","0"
"V2TXN-000603","CUST-V2-0625","2025-03-22T02:50:30.6740000+05:30","13533","UPI","Tablet","SG","SG","0","151","4","6289","false","false","2.1519","0"
"V2TXN-000604","CUST-V2-0647","2025-03-22T10:53:41.0210000+05:30","1369","BANK_TRANSFER","Desktop","SA","SA","0","182","2","1266","false","false","1.0814","0"
"V2TXN-000605","CUST-V2-0220","2025-03-23T16:08:02.6670000+05:30","1486","CARD","Desktop","IN","IN","0","858","11","1617","false","false","0.9190","0"
"V2TXN-000606","CUST-V2-0907","2025-03-23T16:50:53.9980000+05:30","5973","BANK_TRANSFER","Mobile","IN","IN","0","765","22","4723","false","false","1.2647","0"
"V2TXN-000607","CUST-V2-0671","2025-03-23T18:08:43.1650000+05:30","1565","CARD","Mobile","AE","AE","0","1335","18","1980","false","false","0.7904","0"
"V2TXN-000608","CUST-V2-0089","2025-03-23T21:16:16.9870000+05:30","2731","UPI","Desktop","IN","IN","0","47","1","3217","false","false","0.8489","0"
"V2TXN-000609","CUST-V2-0551","2025-03-24T06:39:51.7530000+05:30","2637","CARD","Desktop","IN","IN","0","53","3","2215","false","false","1.1905","0"
"V2TXN-000610","CUST-V2-0034","2025-03-24T17:42:48.0680000+05:30","2235","UPI","Mobile","IN","IN","0","79","2","1988","false","false","1.1242","0"
"V2TXN-000611","CUST-V2-0745","2025-03-24T17:44:35.2570000+05:30","728","CARD","Desktop","IN","SA","0","1435","26","657","false","true","1.1081","1"
"V2TXN-000612","CUST-V2-0359","2025-03-24T19:38:50.2170000+05:30","1901","CARD","Mobile","US","US","0","429","9","838","false","false","2.2685","0"
"V2TXN-000613","CUST-V2-0532","2025-03-25T00:40:19.4830000+05:30","3592","NETBANKING","Mobile","IN","IN","0","1330","14","1582","false","false","2.2705","0"
"V2TXN-000614","CUST-V2-0089","2025-03-25T06:21:19.2510000+05:30","1614","CARD","Mobile","IN","IN","1","49","2","2974","false","false","0.5427","1"
"V2TXN-000615","CUST-V2-0701","2025-03-25T18:25:04.2590000+05:30","9332","NETBANKING","Mobile","GB","GB","0","76","2","8548","false","false","1.0917","0"
"V2TXN-000616","CUST-V2-0062","2025-03-26T00:31:18.5870000+05:30","7167","CARD","Mobile","IN","IN","1","511","5","7830","false","false","0.9153","0"
"V2TXN-000617","CUST-V2-0681","2025-03-26T02:33:43.0260000+05:30","1514","WALLET","Desktop","IN","IN","0","1270","18","2071","false","false","0.7310","0"
"V2TXN-000618","CUST-V2-0252","2025-03-26T03:10:39.5250000+05:30","909","CARD","Mobile","AE","AE","1","1428","18","802","false","false","1.1334","1"
"V2TXN-000619","CUST-V2-0204","2025-03-26T05:58:03.1650000+05:30","1597","CARD","Desktop","AE","AE","0","902","17","1200","false","false","1.3308","0"
"V2TXN-000620","CUST-V2-0406","2025-03-26T06:56:15.6480000+05:30","2258","UPI","Mobile","IN","IN","0","72","3","1758","false","false","1.2844","0"
"V2TXN-000621","CUST-V2-0306","2025-03-26T12:27:30.6050000+05:30","1067","UPI","Desktop","DE","DE","0","654","10","1153","false","false","0.9254","1"
"V2TXN-000622","CUST-V2-0364","2025-03-26T13:00:14.2140000+05:30","2868","CARD","Mobile","CA","CA","0","1169","28","3368","false","false","0.8515","0"
"V2TXN-000623","CUST-V2-0454","2025-03-26T13:53:33.1820000+05:30","3688","UPI","Mobile","IN","IN","0","914","10","1839","false","false","2.0054","0"
"V2TXN-000624","CUST-V2-0947","2025-03-26T13:56:47.4670000+05:30","759","UPI","Mobile","IN","IN","0","89","2","899","false","false","0.8443","0"
"V2TXN-000625","CUST-V2-0659","2025-03-26T18:26:28.3890000+05:30","1001","CARD","Mobile","IN","IN","0","706","12","591","false","false","1.6937","0"
"V2TXN-000626","CUST-V2-0388","2025-03-27T00:09:32.0790000+05:30","3547","CARD","Desktop","IN","IN","0","101","2","5294","false","false","0.6700","0"
"V2TXN-000627","CUST-V2-0667","2025-03-27T00:59:25.4840000+05:30","137767","CARD","Mobile","AU","AU","0","76","1","67467","false","false","2.0420","0"
"V2TXN-000628","CUST-V2-0382","2025-03-27T06:24:45.6250000+05:30","1414","NETBANKING","Mobile","IN","IN","2","74","2","1254","false","false","1.1276","0"
"V2TXN-000629","CUST-V2-0946","2025-03-27T11:29:18.1000000+05:30","4597","UPI","Mobile","CA","CA","0","290","5","5261","false","false","0.8738","0"
"V2TXN-000630","CUST-V2-0465","2025-03-27T12:49:19.6720000+05:30","5137","CARD","Mobile","IN","IN","0","704","14","3902","false","false","1.3165","1"
"V2TXN-000631","CUST-V2-0077","2025-03-27T19:34:46.8090000+05:30","2338","CARD","Mobile","IN","IN","0","1404","18","1692","false","false","1.3818","0"
"V2TXN-000632","CUST-V2-0185","2025-03-27T20:41:12.3490000+05:30","679","UPI","Desktop","US","US","0","554","11","1009","false","false","0.6729","0"
"V2TXN-000633","CUST-V2-0981","2025-03-27T22:32:41.6190000+05:30","400","CARD","Desktop","US","US","6","56","2","3312","false","false","0.1208","1"
"V2TXN-000634","CUST-V2-0335","2025-03-27T23:35:34.0520000+05:30","1922","CARD","Mobile","CA","CA","0","75","2","1427","false","false","1.3469","0"
"V2TXN-000635","CUST-V2-0829","2025-03-28T01:44:18.9700000+05:30","1843","BANK_TRANSFER","Mobile","AU","AU","0","850","15","2335","false","false","0.7893","0"
"V2TXN-000636","CUST-V2-0750","2025-03-28T05:02:34.7830000+05:30","2426","CARD","Mobile","DE","DE","0","1487","14","3862","false","false","0.6282","1"
"V2TXN-000637","CUST-V2-0696","2025-03-28T08:33:56.8050000+05:30","2810","NETBANKING","Mobile","GB","GB","0","1400","25","3216","false","false","0.8738","0"
"V2TXN-000638","CUST-V2-0123","2025-03-28T09:54:15.9550000+05:30","1923","UPI","Mobile","IN","IN","0","68","2","1256","false","false","1.5311","0"
"V2TXN-000639","CUST-V2-0577","2025-03-28T11:18:32.4390000+05:30","3295","CARD","Desktop","IN","IN","0","855","24","2224","false","false","1.4816","0"
"V2TXN-000640","CUST-V2-0948","2025-03-28T15:56:32.3050000+05:30","826","CARD","Desktop","IN","IN","0","69","4","445","false","false","1.8562","0"
"V2TXN-000641","CUST-V2-0186","2025-03-28T16:24:38.1680000+05:30","952","UPI","Mobile","IN","IN","0","1486","19","815","false","false","1.1681","0"
"V2TXN-000642","CUST-V2-0608","2025-03-28T23:29:11.1250000+05:30","3530","CARD","Tablet","IN","IN","0","691","16","1960","false","false","1.8010","1"
"V2TXN-000643","CUST-V2-0066","2025-03-29T00:23:58.2380000+05:30","830","WALLET","Tablet","US","US","0","104","2","1136","false","false","0.7306","0"
"V2TXN-000644","CUST-V2-0286","2025-03-29T00:32:05.3520000+05:30","1351","UPI","Desktop","IN","IN","0","1482","34","1993","false","false","0.6779","0"
"V2TXN-000645","CUST-V2-0318","2025-03-29T03:25:47.3700000+05:30","2400","BANK_TRANSFER","Desktop","IN","IN","0","672","8","2820","false","false","0.8511","0"
"V2TXN-000646","CUST-V2-0942","2025-03-29T04:43:42.4790000+05:30","347","CARD","Mobile","IN","IN","0","319","7","816","false","false","0.4252","0"
"V2TXN-000647","CUST-V2-0699","2025-03-29T11:16:44.4730000+05:30","4384","CARD","Desktop","SG","IN","0","781","23","2245","false","true","1.9528","1"
"V2TXN-000648","CUST-V2-0226","2025-03-29T12:46:24.9470000+05:30","1891","UPI","Desktop","SG","SG","0","451","5","1992","false","false","0.9493","0"
"V2TXN-000649","CUST-V2-0510","2025-03-29T13:17:42.3990000+05:30","940","CARD","Desktop","IN","IN","0","81","1","590","false","false","1.5932","0"
"V2TXN-000650","CUST-V2-0325","2025-03-29T18:20:54.8390000+05:30","936","UPI","Tablet","US","US","0","69","2","667","false","false","1.4033","0"
"V2TXN-000651","CUST-V2-0378","2025-03-29T21:39:43.4570000+05:30","4977","UPI","Mobile","US","US","2","60","1","4901","false","false","1.0155","1"
"V2TXN-000652","CUST-V2-0358","2025-03-29T22:22:26.2990000+05:30","1427","CARD","Mobile","IN","IN","0","1340","35","752","false","false","1.8976","0"
"V2TXN-000653","CUST-V2-0800","2025-03-30T02:50:31.2970000+05:30","2539","UPI","Mobile","AE","AE","0","743","12","3053","false","false","0.8316","0"
"V2TXN-000654","CUST-V2-0083","2025-03-30T03:21:13.2420000+05:30","1275","WALLET","Mobile","IN","IN","0","818","8","1069","false","false","1.1927","0"
"V2TXN-000655","CUST-V2-0319","2025-03-30T07:31:27.4720000+05:30","3191","NETBANKING","Desktop","SA","SA","0","559","17","4233","false","false","0.7538","0"
"V2TXN-000656","CUST-V2-0626","2025-03-30T08:02:43.7800000+05:30","4379","WALLET","Mobile","US","US","0","300","7","3359","false","false","1.3037","0"
"V2TXN-000657","CUST-V2-0610","2025-03-30T08:56:24.0570000+05:30","3161","CARD","Mobile","US","US","0","498","13","1953","false","false","1.6185","0"
"V2TXN-000658","CUST-V2-0988","2025-03-30T10:49:30.1810000+05:30","1308","UPI","Mobile","GB","GB","0","517","7","1106","false","false","1.1826","0"
"V2TXN-000659","CUST-V2-0035","2025-03-30T14:57:11.2270000+05:30","1361","UPI","Mobile","IN","IN","0","1198","21","2001","false","false","0.6802","0"
"V2TXN-000660","CUST-V2-0789","2025-03-30T15:00:03.8790000+05:30","4163","CARD","Desktop","IN","IN","0","1304","24","4295","false","false","0.9693","0"
"V2TXN-000661","CUST-V2-0543","2025-03-30T16:26:05.4390000+05:30","1897","CARD","Mobile","IN","IN","0","1302","37","1869","false","false","1.0150","0"
"V2TXN-000662","CUST-V2-0204","2025-03-30T19:16:44.8740000+05:30","1083","CARD","Desktop","AE","AE","0","907","18","1222","false","false","0.8863","0"
"V2TXN-000663","CUST-V2-0988","2025-03-30T22:04:53.1250000+05:30","723","WALLET","Mobile","GB","GB","0","517","8","1131","false","false","0.6393","0"
"V2TXN-000664","CUST-V2-0424","2025-03-30T22:35:18.3880000+05:30","1268","UPI","Mobile","GB","GB","1","67","2","1409","false","false","0.8999","0"
"V2TXN-000665","CUST-V2-0210","2025-03-30T22:49:11.6470000+05:30","780","UPI","Mobile","US","IN","1","850","11","707","false","true","1.1033","0"
"V2TXN-000666","CUST-V2-0788","2025-03-31T12:53:13.4750000+05:30","9244","UPI","Mobile","IN","SA","0","67","5","5221","false","true","1.7705","0"
"V2TXN-000667","CUST-V2-0094","2025-03-31T14:08:34.4010000+05:30","1421","BANK_TRANSFER","Desktop","US","US","0","115","3","858","false","false","1.6562","0"
"V2TXN-000668","CUST-V2-0345","2025-03-31T15:21:35.4110000+05:30","4253","UPI","Desktop","US","US","0","912","25","5233","false","false","0.8127","0"
"V2TXN-000669","CUST-V2-0110","2025-03-31T15:31:11.0490000+05:30","1981","WALLET","Mobile","IN","IN","0","1388","15","2229","false","false","0.8887","0"
"V2TXN-000670","CUST-V2-0392","2025-03-31T18:31:57.4800000+05:30","2111","UPI","Desktop","IN","IN","1","827","18","2603","false","false","0.8110","0"
"V2TXN-000671","CUST-V2-0497","2025-03-31T21:04:20.4650000+05:30","2370","UPI","Mobile","AE","AE","1","1329","21","1447","false","false","1.6379","0"
"V2TXN-000672","CUST-V2-0709","2025-04-01T01:57:24.2260000+05:30","4802","BANK_TRANSFER","Desktop","IN","IN","0","197","6","2944","false","false","1.6311","0"
"V2TXN-000673","CUST-V2-0995","2025-04-01T05:52:36.6250000+05:30","1678","UPI","Desktop","AE","AE","0","1355","40","1216","false","false","1.3799","0"
"V2TXN-000674","CUST-V2-0213","2025-04-01T07:39:10.2630000+05:30","4190","UPI","Mobile","DE","DE","0","100","2","3134","false","false","1.3369","0"
"V2TXN-000675","CUST-V2-0896","2025-04-01T08:21:00.8960000+05:30","5892","CARD","Mobile","US","US","0","97","2","6412","false","false","0.9189","0"
"V2TXN-000676","CUST-V2-0972","2025-04-01T08:41:48.3200000+05:30","4800","CARD","Desktop","IN","IN","0","68","2","3224","false","false","1.4888","0"
"V2TXN-000677","CUST-V2-0053","2025-04-01T11:07:06.0110000+05:30","1406","CARD","Tablet","IN","IN","1","1417","34","2429","false","false","0.5788","0"
"V2TXN-000678","CUST-V2-0075","2025-04-01T12:23:14.1670000+05:30","5892","UPI","Tablet","US","US","0","1019","18","3220","false","false","1.8298","0"
"V2TXN-000679","CUST-V2-0459","2025-04-01T17:27:35.4500000+05:30","4468","WALLET","Mobile","IN","IN","1","476","8","3392","false","false","1.3172","0"
"V2TXN-000680","CUST-V2-0328","2025-04-01T23:29:03.9490000+05:30","3991","CARD","Desktop","SA","SA","0","532","14","4803","false","false","0.8309","0"
"V2TXN-000681","CUST-V2-0035","2025-04-02T02:42:21.9310000+05:30","1615","UPI","Mobile","IN","IN","0","1200","22","1972","false","false","0.8190","0"
"V2TXN-000682","CUST-V2-0071","2025-04-02T05:21:47.0140000+05:30","1222","UPI","Mobile","IN","IN","1","1267","20","1327","false","false","0.9209","0"
"V2TXN-000683","CUST-V2-0793","2025-04-02T06:45:06.5390000+05:30","462","CARD","Mobile","IN","IN","0","59","2","413","false","false","1.1186","0"
"V2TXN-000684","CUST-V2-0466","2025-04-02T07:59:45.4180000+05:30","3244","UPI","Mobile","IN","IN","0","1441","37","4185","false","false","0.7751","0"
"V2TXN-000685","CUST-V2-0329","2025-04-02T09:27:35.1180000+05:30","1266","CARD","Mobile","AE","IN","2","247","4","668","false","true","1.8952","1"
"V2TXN-000686","CUST-V2-0129","2025-04-02T20:03:10.1080000+05:30","3761","CARD","Mobile","IN","IN","0","318","8","2654","false","false","1.4171","0"
"V2TXN-000687","CUST-V2-0158","2025-04-02T20:37:45.7500000+05:30","1156","UPI","Mobile","GB","GB","0","113","3","1815","false","false","0.6369","0"
"V2TXN-000688","CUST-V2-0854","2025-04-02T21:39:52.7830000+05:30","8094","UPI","Mobile","GB","GB","0","60","1","6744","false","false","1.2002","0"
"V2TXN-000689","CUST-V2-0042","2025-04-02T22:03:36.0650000+05:30","3750","UPI","Mobile","US","US","0","976","22","3933","false","false","0.9535","0"
"V2TXN-000690","CUST-V2-0607","2025-04-02T23:04:26.1030000+05:30","1456","UPI","Mobile","IN","IN","0","890","25","821","false","false","1.7734","0"
"V2TXN-000691","CUST-V2-0681","2025-04-03T02:28:30.6610000+05:30","1443","WALLET","Desktop","IN","IN","0","1278","19","2041","false","false","0.7070","0"
"V2TXN-000692","CUST-V2-0773","2025-04-03T09:49:36.8470000+05:30","531","UPI","Desktop","IN","IN","0","395","11","844","false","false","0.6291","0"
"V2TXN-000693","CUST-V2-0434","2025-04-03T12:34:49.9430000+05:30","1105","CARD","Desktop","IN","IN","1","63","1","1007","false","false","1.0973","0"
"V2TXN-000694","CUST-V2-0399","2025-04-03T13:35:46.0670000+05:30","528","CARD","Desktop","US","US","4","72","1","786","false","false","0.6718","1"
"V2TXN-000695","CUST-V2-0069","2025-04-03T14:10:29.8110000+05:30","1348","CARD","Mobile","IN","IN","1","212","3","1597","false","false","0.8441","0"
"V2TXN-000696","CUST-V2-0802","2025-04-03T17:05:25.0850000+05:30","9132","CARD","Desktop","AE","IN","2","524","15","3346","false","true","2.7292","1"
"V2TXN-000697","CUST-V2-0453","2025-04-03T20:44:47.7930000+05:30","507","CARD","Mobile","IN","IN","5","542","16","4758","false","false","0.1066","1"
"V2TXN-000698","CUST-V2-0352","2025-04-03T22:36:11.0790000+05:30","4662","CARD","Desktop","US","US","0","508","8","2884","false","false","1.6165","0"
"V2TXN-000699","CUST-V2-0352","2025-04-04T00:31:14.2330000+05:30","1950","CARD","Desktop","US","US","3","508","9","3081","false","false","0.6329","0"
"V2TXN-000700","CUST-V2-0124","2025-04-04T01:03:28.7280000+05:30","1012","CARD","Desktop","SA","SA","0","1005","28","987","false","false","1.0253","0"
"V2TXN-000701","CUST-V2-0013","2025-04-04T05:34:11.8380000+05:30","905","UPI","Desktop","GB","GB","0","1032","20","609","false","false","1.4860","0"
"V2TXN-000702","CUST-V2-0078","2025-04-04T09:36:47.6850000+05:30","194","CARD","Desktop","SG","IN","2","103","4","3435","false","true","0.0565","1"
"V2TXN-000703","CUST-V2-0626","2025-04-04T18:29:53.5920000+05:30","3927","NETBANKING","Mobile","US","US","1","305","8","3486","false","false","1.1265","0"
"V2TXN-000704","CUST-V2-0846","2025-04-04T19:31:43.6880000+05:30","685","NETBANKING","Desktop","IN","IN","0","84","3","812","false","false","0.8436","0"
"V2TXN-000705","CUST-V2-0418","2025-04-04T21:27:58.7020000+05:30","573","UPI","Mobile","IN","IN","1","967","25","971","false","false","0.5901","0"
"V2TXN-000706","CUST-V2-0578","2025-04-04T23:39:38.6410000+05:30","4007","CARD","Desktop","IN","IN","0","424","11","1623","false","false","2.4689","1"
"V2TXN-000707","CUST-V2-0251","2025-04-05T01:28:23.4010000+05:30","6156","BANK_TRANSFER","Mobile","AE","AE","0","600","10","2524","false","false","2.4390","0"
"V2TXN-000708","CUST-V2-0635","2025-04-05T04:03:08.2470000+05:30","100","CARD","Desktop","GB","GB","2","71","2","1241","false","false","0.0806","1"
"V2TXN-000709","CUST-V2-0186","2025-04-05T05:55:34.3800000+05:30","1047","CARD","Mobile","IN","IN","0","1494","20","822","false","false","1.2737","0"
"V2TXN-000710","CUST-V2-0706","2025-04-05T06:24:21.8260000+05:30","1582","UPI","Mobile","IN","IN","0","464","6","1472","false","false","1.0747","0"
"V2TXN-000711","CUST-V2-0788","2025-04-05T17:40:00.8440000+05:30","11737","UPI","Mobile","SA","SA","0","72","6","5892","false","false","1.9920","1"
"V2TXN-000712","CUST-V2-0827","2025-04-05T18:12:22.7270000+05:30","30964","CARD","Mobile","IN","IN","0","88","1","30823","false","false","1.0046","0"
"V2TXN-000713","CUST-V2-0822","2025-04-05T19:55:21.0730000+05:30","809","CARD","Desktop","SG","SG","0","93","3","1169","false","false","0.6920","0"
"V2TXN-000714","CUST-V2-0233","2025-04-05T21:11:17.5240000+05:30","950","CARD","Tablet","IN","IN","0","500","9","1396","false","false","0.6805","0"
"V2TXN-000715","CUST-V2-0213","2025-04-06T03:27:38.5140000+05:30","1418","CARD","Mobile","DE","DE","5","105","3","3486","false","false","0.4068","1"
"V2TXN-000716","CUST-V2-0233","2025-04-06T05:58:25.1950000+05:30","614","CARD","Tablet","IN","IN","1","500","10","1351","false","false","0.4545","0"
"V2TXN-000717","CUST-V2-0454","2025-04-06T07:57:58.6690000+05:30","1445","UPI","Mobile","IN","IN","1","925","11","2007","false","false","0.7200","0"
"V2TXN-000718","CUST-V2-0471","2025-04-06T08:27:24.5900000+05:30","1989","CARD","Desktop","IN","IN","0","1106","12","2382","false","false","0.8350","0"
"V2TXN-000719","CUST-V2-0360","2025-04-06T09:52:56.9370000+05:30","2000","NETBANKING","Mobile","IN","IN","0","104","1","1923","false","false","1.0400","0"
"V2TXN-000720","CUST-V2-0002","2025-04-06T10:34:35.0090000+05:30","5342","UPI","Mobile","IN","IN","0","1215","32","3892","false","false","1.3726","0"
"V2TXN-000721","CUST-V2-0974","2025-04-06T11:54:56.0240000+05:30","19771","CARD","Desktop","IN","IN","0","1435","23","14655","false","false","1.3491","0"
"V2TXN-000722","CUST-V2-0121","2025-04-06T12:31:08.7900000+05:30","2250","UPI","Mobile","IN","IN","0","711","13","2584","false","false","0.8707","0"
"V2TXN-000723","CUST-V2-0198","2025-04-06T13:14:27.6100000+05:30","5042","UPI","Tablet","GB","GB","0","184","5","2588","false","false","1.9482","0"
"V2TXN-000724","CUST-V2-0701","2025-04-06T13:41:55.0480000+05:30","14360","CARD","Desktop","GB","GB","0","88","3","8810","false","false","1.6300","0"
"V2TXN-000725","CUST-V2-0071","2025-04-06T13:48:00.1010000+05:30","1048","UPI","Mobile","IN","IN","0","1271","21","1322","false","false","0.7927","0"
"V2TXN-000726","CUST-V2-0947","2025-04-06T17:37:24.1710000+05:30","883","UPI","Mobile","IN","IN","0","101","3","853","false","false","1.0352","0"
"V2TXN-000727","CUST-V2-0124","2025-04-06T23:28:08.9120000+05:30","1094","CARD","Mobile","SA","SA","0","1008","29","988","false","false","1.1073","0"
"V2TXN-000728","CUST-V2-0988","2025-04-07T00:22:29.3420000+05:30","932","UPI","Mobile","GB","GB","1","524","9","1086","false","false","0.8582","0"
"V2TXN-000729","CUST-V2-0922","2025-04-07T03:50:18.0490000+05:30","2554","UPI","Mobile","GB","GB","0","1156","32","2105","false","false","1.2133","0"
"V2TXN-000730","CUST-V2-0439","2025-04-07T04:59:20.7500000+05:30","1133","UPI","Mobile","IN","IN","1","112","3","891","false","false","1.2716","0"
"V2TXN-000731","CUST-V2-0144","2025-04-07T07:13:54.5100000+05:30","423","CARD","Tablet","US","US","0","52","1","312","false","false","1.3558","0"
"V2TXN-000732","CUST-V2-0278","2025-04-07T17:06:38.5940000+05:30","5377","UPI","Mobile","IN","IN","0","106","4","3702","false","false","1.4525","0"
"V2TXN-000733","CUST-V2-0881","2025-04-07T19:57:09.6250000+05:30","853","CARD","Desktop","AE","AE","0","1546","48","878","false","false","0.9715","0"
"V2TXN-000734","CUST-V2-0024","2025-04-08T04:17:18.9160000+05:30","3193","CARD","Mobile","IN","IN","0","65","2","4262","false","false","0.7492","0"
"V2TXN-000735","CUST-V2-0591","2025-04-08T05:40:00.4330000+05:30","1869","CARD","Mobile","US","US","0","487","8","3003","false","false","0.6224","0"
"V2TXN-000736","CUST-V2-0589","2025-04-08T07:26:40.0090000+05:30","3001","CARD","Mobile","US","US","0","87","2","2330","false","false","1.2880","0"
"V2TXN-000737","CUST-V2-0835","2025-04-08T18:11:03.1230000+05:30","7986","WALLET","Mobile","SG","IN","1","672","10","2525","false","true","3.1628","1"
"V2TXN-000738","CUST-V2-0684","2025-04-08T18:56:19.2600000+05:30","2578","CARD","Mobile","IN","IN","1","295","4","3461","false","false","0.7449","0"
"V2TXN-000739","CUST-V2-0671","2025-04-08T19:49:52.7360000+05:30","988","CARD","Mobile","AE","AE","0","1351","19","1959","false","false","0.5043","0"
"V2TXN-000740","CUST-V2-0684","2025-04-09T01:38:29.5830000+05:30","6056","CARD","Desktop","IN","IN","0","295","5","3284","false","false","1.8441","0"
"V2TXN-000741","CUST-V2-0754","2025-04-09T02:53:19.6160000+05:30","433","UPI","Mobile","IN","IN","0","1373","35","617","false","false","0.7018","0"
"V2TXN-000742","CUST-V2-0559","2025-04-09T03:51:01.5450000+05:30","2415","UPI","Mobile","IN","IN","2","716","10","1604","false","false","1.5056","1"
"V2TXN-000743","CUST-V2-0119","2025-04-09T06:26:45.7590000+05:30","1600","WALLET","Mobile","IN","IN","3","91","2","3020","false","false","0.5298","0"
"V2TXN-000744","CUST-V2-0273","2025-04-09T07:32:17.0790000+05:30","1272","UPI","Mobile","IN","IN","0","1012","23","893","false","false","1.4244","0"
"V2TXN-000745","CUST-V2-0847","2025-04-09T11:17:38.4080000+05:30","576","BANK_TRANSFER","Desktop","IN","IN","0","370","5","367","false","false","1.5695","0"
"V2TXN-000746","CUST-V2-0337","2025-04-09T15:33:22.1200000+05:30","568","UPI","Mobile","IN","IN","0","143","2","569","false","false","0.9982","0"
"V2TXN-000747","CUST-V2-0856","2025-04-09T17:09:36.8990000+05:30","5785","UPI","Desktop","IN","IN","1","87","2","3452","false","false","1.6758","1"
"V2TXN-000748","CUST-V2-0192","2025-04-09T17:59:42.7620000+05:30","1772","CARD","Desktop","IN","IN","0","74","2","1004","false","false","1.7649","0"
"V2TXN-000749","CUST-V2-0060","2025-04-10T07:40:04.7840000+05:30","715","WALLET","Tablet","IN","IN","0","82","2","1702","false","false","0.4201","0"
"V2TXN-000750","CUST-V2-0626","2025-04-10T08:53:47.3660000+05:30","1221","CARD","Mobile","US","US","6","311","9","3535","false","false","0.3454","1"
"V2TXN-000751","CUST-V2-0252","2025-04-10T11:03:19.3180000+05:30","811","NETBANKING","Mobile","AE","AE","0","1443","19","807","false","false","1.0050","0"
"V2TXN-000752","CUST-V2-0816","2025-04-10T11:05:52.5520000+05:30","2566","UPI","Mobile","SG","SG","1","1162","16","4344","false","false","0.5907","0"
"V2TXN-000753","CUST-V2-0703","2025-04-10T17:13:26.8230000+05:30","1132","WALLET","Mobile","US","US","0","846","14","2491","false","false","0.4544","0"
"V2TXN-000754","CUST-V2-0532","2025-04-10T20:20:30.0490000+05:30","1361","NETBANKING","Mobile","IN","IN","0","1347","15","1716","false","false","0.7931","0"
"V2TXN-000755","CUST-V2-0980","2025-04-11T00:00:33.5320000+05:30","660","UPI","Desktop","US","US","0","1320","22","1115","false","false","0.5919","0"
"V2TXN-000756","CUST-V2-0799","2025-04-11T03:47:42.9040000+05:30","1613","WALLET","Mobile","IN","IN","1","101","1","1962","false","false","0.8221","0"
"V2TXN-000757","CUST-V2-0710","2025-04-11T06:53:25.9130000+05:30","2054","CARD","Mobile","US","IN","2","462","11","1210","false","true","1.6975","1"
"V2TXN-000758","CUST-V2-0696","2025-04-11T10:16:20.2110000+05:30","4642","CARD","Mobile","GB","GB","0","1414","26","3201","false","false","1.4502","0"
"V2TXN-000759","CUST-V2-0843","2025-04-11T11:29:14.3670000+05:30","3698","CARD","Mobile","IN","IN","0","922","26","4521","false","false","0.8180","0"
"V2TXN-000760","CUST-V2-0981","2025-04-11T13:55:41.4270000+05:30","648","CARD","Desktop","US","US","2","70","3","2342","false","false","0.2767","0"
"V2TXN-000761","CUST-V2-0756","2025-04-11T16:27:34.8220000+05:30","1745","CARD","Tablet","AE","SG","0","429","8","1984","false","true","0.8795","0"
"V2TXN-000762","CUST-V2-0682","2025-04-11T23:21:06.3510000+05:30","2304","CARD","Desktop","IN","IN","0","1465","30","1206","false","false","1.9104","1"
"V2TXN-000763","CUST-V2-0054","2025-04-11T23:34:10.0410000+05:30","3880","UPI","Desktop","IN","IN","0","104","3","3518","false","false","1.1029","0"
"V2TXN-000764","CUST-V2-0946","2025-04-12T02:12:12.9300000+05:30","7753","UPI","Mobile","CA","CA","1","306","6","5151","false","false","1.5051","0"
"V2TXN-000765","CUST-V2-0995","2025-04-12T06:10:39.6650000+05:30","790","CARD","Mobile","AE","AE","0","1366","41","1227","false","false","0.6438","0"
"V2TXN-000766","CUST-V2-0141","2025-04-12T12:57:20.8090000+05:30","1485","CARD","Mobile","IN","IN","0","624","10","887","false","false","1.6742","0"
"V2TXN-000767","CUST-V2-0730","2025-04-12T21:31:52.3490000+05:30","2626","CARD","Mobile","IN","IN","0","1046","26","3455","false","false","0.7601","0"
"V2TXN-000768","CUST-V2-0364","2025-04-13T01:10:50.3850000+05:30","5234","CARD","Mobile","CA","CA","0","1187","29","3351","false","false","1.5619","0"
"V2TXN-000769","CUST-V2-0009","2025-04-13T10:08:55.2640000+05:30","3585","UPI","Mobile","IN","IN","0","102","1","1258","false","false","2.8498","0"
"V2TXN-000770","CUST-V2-0485","2025-04-13T10:53:24.6390000+05:30","1796","UPI","Mobile","IN","IN","0","612","13","1219","false","false","1.4733","0"
"V2TXN-000771","CUST-V2-0824","2025-04-13T11:42:01.2820000+05:30","1583","CARD","Mobile","IN","IN","0","1193","18","1841","false","false","0.8599","0"
"V2TXN-000772","CUST-V2-0441","2025-04-13T13:23:06.4550000+05:30","782","CARD","Mobile","IN","IN","0","638","12","1108","false","false","0.7058","0"
"V2TXN-000773","CUST-V2-0747","2025-04-13T18:11:05.8570000+05:30","1020","CARD","Mobile","US","US","5","67","2","12182","false","false","0.0837","1"
"V2TXN-000774","CUST-V2-0296","2025-04-13T22:18:39.6240000+05:30","1829","UPI","Mobile","IN","IN","1","85","4","2057","false","false","0.8892","0"
"V2TXN-000775","CUST-V2-0123","2025-04-13T22:55:53.0250000+05:30","1323","CARD","Desktop","IN","IN","0","84","3","1478","false","false","0.8951","1"
"V2TXN-000776","CUST-V2-0557","2025-04-13T23:56:52.3480000+05:30","19507","UPI","Mobile","IN","IN","0","101","3","25852","false","false","0.7546","0"
"V2TXN-000777","CUST-V2-0799","2025-04-14T03:35:12.6300000+05:30","2144","WALLET","Mobile","IN","IN","0","104","2","1788","false","false","1.1991","0"
"V2TXN-000778","CUST-V2-0801","2025-04-14T04:23:05.1950000+05:30","2144","WALLET","Mobile","US","IN","0","160","2","757","false","true","2.8322","1"
"V2TXN-000779","CUST-V2-0186","2025-04-14T08:54:16.8830000+05:30","2746","UPI","Mobile","US","IN","0","1503","21","832","false","true","3.3005","1"
"V2TXN-000780","CUST-V2-0708","2025-04-14T10:22:16.0160000+05:30","3216","CARD","Mobile","AU","AU","2","1144","31","2020","false","false","1.5921","1"
"V2TXN-000781","CUST-V2-0270","2025-04-14T14:31:44.1300000+05:30","1663","WALLET","Desktop","IN","IN","0","99","2","2903","false","false","0.5729","0"
"V2TXN-000782","CUST-V2-0360","2025-04-14T16:06:06.0600000+05:30","2072","NETBANKING","Mobile","IN","IN","0","113","2","1962","false","false","1.0561","0"
"V2TXN-000783","CUST-V2-0504","2025-04-14T19:34:33.8130000+05:30","1349","UPI","Mobile","AE","AE","0","594","10","2454","false","false","0.5497","0"
"V2TXN-000784","CUST-V2-0312","2025-04-14T23:32:48.5100000+05:30","3282","CARD","Mobile","SG","SG","0","1262","26","3054","false","false","1.0747","0"
"V2TXN-000785","CUST-V2-0727","2025-04-15T05:11:56.7480000+05:30","1546","WALLET","Desktop","SG","SG","0","864","19","761","false","false","2.0315","1"
"V2TXN-000786","CUST-V2-0533","2025-04-15T07:30:13.5690000+05:30","3293","UPI","Mobile","IN","IN","0","899","19","3501","false","false","0.9406","0"
"V2TXN-000787","CUST-V2-0069","2025-04-15T08:30:58.1650000+05:30","1135","CARD","Desktop","IN","IN","1","224","4","1535","false","false","0.7394","0"
"V2TXN-000788","CUST-V2-0944","2025-04-15T12:49:29.9600000+05:30","1787","CARD","Mobile","US","US","0","1427","19","1543","false","false","1.1581","0"
"V2TXN-000789","CUST-V2-0889","2025-04-15T18:14:58.7890000+05:30","51869","CARD","Desktop","SG","SG","3","71","3","13789","false","false","3.7616","1"
"V2TXN-000790","CUST-V2-0948","2025-04-15T21:07:40.9790000+05:30","1620","CARD","Desktop","IN","IN","0","87","5","521","false","false","3.1094","0"
"V2TXN-000791","CUST-V2-0168","2025-04-16T02:38:32.4080000+05:30","1637","UPI","Desktop","US","US","0","1358","36","1481","false","false","1.1053","0"
"V2TXN-000792","CUST-V2-0424","2025-04-16T13:07:53.1980000+05:30","2180","UPI","Mobile","GB","GB","0","83","3","1362","false","false","1.6006","0"
"V2TXN-000793","CUST-V2-0685","2025-04-16T14:01:02.4460000+05:30","2157","CARD","Desktop","IN","IN","0","318","5","2561","false","false","0.8422","0"
"V2TXN-000794","CUST-V2-0386","2025-04-16T14:19:32.0990000+05:30","16891","UPI","Mobile","IN","IN","0","98","3","13196","false","false","1.2800","0"
"V2TXN-000795","CUST-V2-0064","2025-04-16T14:44:56.1900000+05:30","3202","BANK_TRANSFER","Desktop","SG","SG","0","1203","20","1822","false","false","1.7574","0"
"V2TXN-000796","CUST-V2-0685","2025-04-17T07:43:35.7220000+05:30","3284","WALLET","Mobile","DE","IN","0","318","6","2494","false","true","1.3168","1"
"V2TXN-000797","CUST-V2-0495","2025-04-17T16:09:24.7980000+05:30","1333","UPI","Mobile","IN","IN","0","940","27","1446","false","false","0.9219","0"
"V2TXN-000798","CUST-V2-0144","2025-04-17T18:36:35.4900000+05:30","170","CARD","Tablet","US","US","0","62","2","368","false","false","0.4620","0"
"V2TXN-000799","CUST-V2-0898","2025-04-17T20:58:14.0240000+05:30","1971","UPI","Mobile","IN","IN","1","69","2","2376","false","false","0.8295","1"
"V2TXN-000800","CUST-V2-0206","2025-04-17T23:38:11.7850000+05:30","888","NETBANKING","Mobile","US","US","0","97","3","862","false","false","1.0302","0"
"V2TXN-000801","CUST-V2-0484","2025-04-18T07:04:41.8820000+05:30","7910","UPI","Desktop","IN","IN","0","645","12","3200","false","false","2.4719","0"
"V2TXN-000802","CUST-V2-0223","2025-04-18T09:19:23.4370000+05:30","1142","WALLET","Desktop","AE","AE","0","85","2","1168","false","false","0.9777","0"
"V2TXN-000803","CUST-V2-0907","2025-04-18T18:11:34.8400000+05:30","6219","BANK_TRANSFER","Mobile","IN","IN","0","791","23","4777","false","false","1.3019","0"
"V2TXN-000804","CUST-V2-0406","2025-04-19T02:59:16.6830000+05:30","2388","UPI","Mobile","IN","IN","0","96","4","1883","false","false","1.2682","0"
"V2TXN-000805","CUST-V2-0062","2025-04-19T04:14:07.8220000+05:30","10964","WALLET","Mobile","IN","IN","0","535","6","7719","false","false","1.4204","0"
"V2TXN-000806","CUST-V2-0992","2025-04-19T04:41:05.9500000+05:30","437","WALLET","Mobile","SA","SA","1","448","9","329","false","false","1.3283","0"
"V2TXN-000807","CUST-V2-0728","2025-04-19T05:22:32.5770000+05:30","9669","CARD","Desktop","SA","SA","0","71","1","10295","false","false","0.9392","0"
"V2TXN-000808","CUST-V2-0798","2025-04-19T12:10:55.3290000+05:30","1232","WALLET","Mobile","IN","IN","1","1284","38","1501","false","false","0.8208","0"
"V2TXN-000809","CUST-V2-0973","2025-04-19T14:23:38.3690000+05:30","2119","UPI","Mobile","IN","IN","0","658","20","1961","false","false","1.0806","0"
"V2TXN-000810","CUST-V2-0057","2025-04-19T15:50:39.3760000+05:30","4341","UPI","Mobile","IN","IN","0","893","19","5665","false","false","0.7663","0"
"V2TXN-000811","CUST-V2-0376","2025-04-19T20:35:57.4380000+05:30","606","UPI","Mobile","IN","IN","0","390","6","556","false","false","1.0899","0"
"V2TXN-000812","CUST-V2-0631","2025-04-19T21:59:17.8620000+05:30","582","UPI","Mobile","IN","IN","2","556","11","589","false","false","0.9881","0"
"V2TXN-000813","CUST-V2-0502","2025-04-20T02:00:02.1360000+05:30","6510","WALLET","Mobile","IN","IN","0","76","2","3662","false","false","1.7777","0"
"V2TXN-000814","CUST-V2-0273","2025-04-20T04:31:51.4750000+05:30","1033","CARD","Desktop","CA","IN","2","1023","24","908","false","true","1.1377","1"
"V2TXN-000815","CUST-V2-0831","2025-04-20T04:45:00.1670000+05:30","536","UPI","Mobile","IN","IN","0","87","3","486","false","false","1.1029","0"
"V2TXN-000816","CUST-V2-0847","2025-04-20T13:21:39.7340000+05:30","316","BANK_TRANSFER","Desktop","IN","IN","0","381","6","402","false","false","0.7861","0"
"V2TXN-000817","CUST-V2-0214","2025-04-20T13:52:37.7550000+05:30","1276","UPI","Mobile","IN","IN","0","502","7","914","false","false","1.3961","0"
"V2TXN-000818","CUST-V2-0973","2025-04-20T21:04:28.5180000+05:30","1135","UPI","Mobile","IN","IN","0","659","21","1969","false","false","0.5764","0"
"V2TXN-000819","CUST-V2-0433","2025-04-20T21:39:53.7020000+05:30","9249","UPI","Desktop","IN","IN","0","119","3","8965","false","false","1.0317","0"
"V2TXN-000820","CUST-V2-0342","2025-04-20T22:19:34.1120000+05:30","4593","UPI","Mobile","SA","SA","0","1215","23","3922","false","false","1.1711","0"
"V2TXN-000821","CUST-V2-0412","2025-04-21T01:29:13.9330000+05:30","218","UPI","Desktop","SG","SG","0","170","3","434","false","false","0.5023","1"
"V2TXN-000822","CUST-V2-0515","2025-04-21T05:38:55.9500000+05:30","4333","CARD","Mobile","IN","IN","1","1121","20","1591","false","false","2.7234","0"
"V2TXN-000823","CUST-V2-0205","2025-04-21T08:14:09.9890000+05:30","4159","CARD","Mobile","IN","IN","0","1435","42","4329","false","false","0.9607","0"
"V2TXN-000824","CUST-V2-0993","2025-04-21T13:35:27.0840000+05:30","2155","UPI","Mobile","GB","GB","0","45","1","2062","false","false","1.0451","0"
"V2TXN-000825","CUST-V2-0950","2025-04-21T15:58:02.3870000+05:30","1879","CARD","Mobile","SG","SG","0","829","24","2453","false","false","0.7660","0"
"V2TXN-000826","CUST-V2-0943","2025-04-21T19:38:49.6050000+05:30","1741","UPI","Desktop","SG","SG","0","579","10","1853","false","false","0.9396","0"
"V2TXN-000827","CUST-V2-0129","2025-04-21T19:56:25.7610000+05:30","1318","CARD","Mobile","IN","IN","5","337","9","2777","false","false","0.4746","1"
"V2TXN-000828","CUST-V2-0209","2025-04-22T04:02:58.3510000+05:30","1052","NETBANKING","Mobile","SA","SA","0","67","1","991","false","false","1.0616","0"
"V2TXN-000829","CUST-V2-0870","2025-04-22T10:42:33.2180000+05:30","2408","WALLET","Mobile","AE","IN","1","579","12","1630","false","true","1.4773","1"
"V2TXN-000830","CUST-V2-0080","2025-04-22T12:12:55.4510000+05:30","2772","CARD","Mobile","IN","IN","1","641","11","2832","false","false","0.9788","0"
"V2TXN-000831","CUST-V2-0812","2025-04-22T21:06:57.5720000+05:30","999","BANK_TRANSFER","Mobile","IN","IN","0","1255","32","1070","false","false","0.9336","0"
"V2TXN-000832","CUST-V2-0494","2025-04-23T00:46:45.9480000+05:30","2697","CARD","Mobile","IN","IN","0","113","4","2341","false","false","1.1521","0"
"V2TXN-000833","CUST-V2-0007","2025-04-23T02:18:37.5500000+05:30","2214","UPI","Mobile","IN","IN","0","1254","17","3942","false","false","0.5616","0"
"V2TXN-000834","CUST-V2-0894","2025-04-23T03:47:32.2240000+05:30","933","WALLET","Mobile","GB","GB","0","1173","27","858","false","false","1.0874","0"
"V2TXN-000835","CUST-V2-0036","2025-04-23T04:37:33.5850000+05:30","7159","BANK_TRANSFER","Mobile","US","US","1","1235","17","4684","false","false","1.5284","0"
"V2TXN-000836","CUST-V2-0442","2025-04-23T04:39:08.5360000+05:30","2791","CARD","Mobile","IN","IN","0","298","7","2399","false","false","1.1634","0"
"V2TXN-000837","CUST-V2-0767","2025-04-23T05:32:47.8710000+05:30","573","UPI","Mobile","GB","GB","0","125","1","742","false","false","0.7722","0"
"V2TXN-000838","CUST-V2-0537","2025-04-23T05:58:03.2720000+05:30","6936","UPI","Mobile","IN","IN","1","452","14","5607","false","false","1.2370","0"
"V2TXN-000839","CUST-V2-0362","2025-04-23T12:41:33.5550000+05:30","1411","UPI","Mobile","SG","SG","1","317","5","1106","false","false","1.2758","0"
"V2TXN-000840","CUST-V2-0875","2025-04-23T17:47:25.2810000+05:30","2117","UPI","Mobile","US","US","1","81","1","1917","false","false","1.1043","0"
"V2TXN-000841","CUST-V2-0889","2025-04-23T18:03:36.4250000+05:30","30142","UPI","Desktop","GB","SG","0","79","4","23309","false","true","1.2931","1"
"V2TXN-000842","CUST-V2-0288","2025-04-23T21:30:52.6620000+05:30","5867","CARD","Mobile","IN","IN","0","497","14","4797","false","false","1.2231","0"
"V2TXN-000843","CUST-V2-0192","2025-04-23T22:29:58.9990000+05:30","1825","CARD","Desktop","IN","IN","0","88","3","1260","false","false","1.4484","0"
"V2TXN-000844","CUST-V2-0691","2025-04-23T23:43:14.2780000+05:30","4768","CARD","Desktop","DE","IN","3","1201","15","1575","false","true","3.0273","1"
"V2TXN-000845","CUST-V2-0252","2025-04-24T02:51:52.3620000+05:30","385","NETBANKING","Mobile","AE","AE","1","1457","20","808","false","false","0.4765","0"
"V2TXN-000846","CUST-V2-0879","2025-04-24T08:00:48.3990000+05:30","7098","CARD","Mobile","IN","IN","0","118","3","4547","false","false","1.5610","0"
"V2TXN-000847","CUST-V2-0772","2025-04-24T08:34:15.9940000+05:30","498","UPI","Mobile","IN","IN","0","1184","27","879","false","false","0.5666","0"
"V2TXN-000848","CUST-V2-0047","2025-04-24T10:50:19.5270000+05:30","6400","CARD","Mobile","US","US","4","128","4","3836","false","false","1.6684","1"
"V2TXN-000849","CUST-V2-0519","2025-04-24T12:28:30.4550000+05:30","420","UPI","Mobile","IN","IN","0","653","17","667","false","false","0.6297","0"
"V2TXN-000850","CUST-V2-0183","2025-04-24T12:42:11.1050000+05:30","2814","BANK_TRANSFER","Mobile","IN","IN","1","632","7","2620","false","false","1.0740","0"
"V2TXN-000851","CUST-V2-0061","2025-04-24T13:49:07.7320000+05:30","1097","NETBANKING","Mobile","GB","GB","0","414","10","1459","false","false","0.7519","0"
"V2TXN-000852","CUST-V2-0183","2025-04-24T16:07:57.9110000+05:30","3810","BANK_TRANSFER","Mobile","IN","IN","0","632","8","2644","false","false","1.4410","0"
"V2TXN-000853","CUST-V2-0649","2025-04-24T17:10:49.8370000+05:30","13207","UPI","Mobile","IN","IN","0","74","4","13749","false","false","0.9606","0"
"V2TXN-000854","CUST-V2-0342","2025-04-24T22:27:56.9230000+05:30","5181","CARD","Mobile","SA","SA","0","1219","24","3950","false","false","1.3116","0"
"V2TXN-000855","CUST-V2-0612","2025-04-25T03:25:22.6900000+05:30","1724","BANK_TRANSFER","Desktop","IN","IN","0","95","2","1445","false","false","1.1931","0"
"V2TXN-000856","CUST-V2-0414","2025-04-25T05:15:31.0830000+05:30","1789","CARD","Mobile","IN","IN","0","1056","17","1608","false","false","1.1126","0"
"V2TXN-000857","CUST-V2-0871","2025-04-25T13:16:55.9610000+05:30","4115","UPI","Desktop","IN","IN","0","708","10","1448","false","false","2.8419","0"
"V2TXN-000858","CUST-V2-0318","2025-04-25T16:38:35.6710000+05:30","3684","BANK_TRANSFER","Desktop","IN","IN","1","700","9","2774","false","false","1.3280","0"
"V2TXN-000859","CUST-V2-0708","2025-04-25T21:07:53.4190000+05:30","2458","NETBANKING","Desktop","AU","AU","0","1156","32","2057","false","false","1.1949","0"
"V2TXN-000860","CUST-V2-0683","2025-04-25T23:09:01.2340000+05:30","914","UPI","Mobile","DE","DE","1","1322","19","1717","false","false","0.5323","0"
"V2TXN-000861","CUST-V2-0407","2025-04-25T23:51:12.5090000+05:30","2879","UPI","Mobile","IN","IN","1","162","2","2561","false","false","1.1242","0"
"V2TXN-000862","CUST-V2-0631","2025-04-26T00:19:27.8540000+05:30","392","UPI","Mobile","IN","IN","0","562","12","588","false","false","0.6667","0"
"V2TXN-000863","CUST-V2-0314","2025-04-26T06:04:28.8780000+05:30","771","CARD","Desktop","IN","IN","0","73","3","839","false","false","0.9190","0"
"V2TXN-000864","CUST-V2-0798","2025-04-26T08:32:13.4580000+05:30","962","WALLET","Mobile","IN","IN","1","1291","39","1494","false","false","0.6439","0"
"V2TXN-000865","CUST-V2-0473","2025-04-26T09:12:09.3550000+05:30","1853","UPI","Mobile","IN","IN","0","1202","33","1376","false","false","1.3467","0"
"V2TXN-000866","CUST-V2-0848","2025-04-26T11:32:23.5680000+05:30","827","UPI","Desktop","IN","IN","0","118","4","566","false","false","1.4611","0"
"V2TXN-000867","CUST-V2-0183","2025-04-26T12:35:10.4380000+05:30","1495","BANK_TRANSFER","Mobile","IN","IN","0","634","9","2774","false","false","0.5389","0"
"V2TXN-000868","CUST-V2-0410","2025-04-26T17:01:53.1450000+05:30","710","UPI","Desktop","IN","IN","0","835","23","986","false","false","0.7201","1"
"V2TXN-000869","CUST-V2-0245","2025-04-26T18:53:50.5990000+05:30","1334","NETBANKING","Desktop","IN","IN","0","601","7","1580","false","false","0.8443","0"
"V2TXN-000870","CUST-V2-0617","2025-04-26T20:27:56.0040000+05:30","1352","UPI","Mobile","IN","IN","0","1496","34","1151","false","false","1.1746","0"
"V2TXN-000871","CUST-V2-0635","2025-04-26T22:39:25.2710000+05:30","1105","CARD","Desktop","GB","GB","2","93","3","860","false","false","1.2849","0"
"V2TXN-000872","CUST-V2-0989","2025-04-27T01:16:37.9980000+05:30","1556","UPI","Mobile","GB","GB","0","77","1","1596","false","false","0.9749","0"
"V2TXN-000873","CUST-V2-0959","2025-04-27T01:52:01.3130000+05:30","23225","WALLET","Mobile","CA","CA","0","110","2","23414","false","false","0.9919","0"
"V2TXN-000874","CUST-V2-0009","2025-04-27T02:59:47.6760000+05:30","1779","UPI","Mobile","IN","IN","0","115","2","2422","false","false","0.7345","0"
"V2TXN-000875","CUST-V2-0022","2025-04-27T03:38:57.7880000+05:30","2959","CARD","Mobile","SG","SG","1","497","7","5812","false","false","0.5091","0"
"V2TXN-000876","CUST-V2-0599","2025-04-27T09:10:25.2760000+05:30","1697","UPI","Desktop","IN","IN","0","1543","30","1534","false","false","1.1063","0"
"V2TXN-000877","CUST-V2-0153","2025-04-27T12:02:58.8610000+05:30","2043","UPI","Mobile","IN","IN","0","938","28","2571","false","false","0.7946","0"
"V2TXN-000878","CUST-V2-0142","2025-04-27T16:43:51.0410000+05:30","2222","CARD","Mobile","CA","CA","0","746","10","1890","false","false","1.1757","0"
"V2TXN-000879","CUST-V2-0356","2025-04-27T17:46:51.2670000+05:30","1639","UPI","Mobile","US","US","0","98","1","2243","false","false","0.7307","0"
"V2TXN-000880","CUST-V2-0061","2025-04-28T02:11:05.8920000+05:30","1923","CARD","Mobile","GB","GB","0","418","11","1426","false","false","1.3485","0"
"V2TXN-000881","CUST-V2-0884","2025-04-28T04:30:19.9700000+05:30","1600","CARD","Desktop","DE","IN","0","1069","23","1323","false","true","1.2094","0"
"V2TXN-000882","CUST-V2-0949","2025-04-28T07:00:40.9590000+05:30","3323","UPI","Desktop","IN","IN","0","841","10","1952","false","false","1.7024","0"
"V2TXN-000883","CUST-V2-0094","2025-04-28T10:36:45.0250000+05:30","837","BANK_TRANSFER","Mobile","US","US","1","143","4","999","false","false","0.8378","0"
"V2TXN-000884","CUST-V2-0364","2025-04-28T22:49:54.6120000+05:30","5357","UPI","Mobile","CA","CA","0","1202","30","3414","false","false","1.5691","0"
"V2TXN-000885","CUST-V2-0085","2025-04-29T02:45:59.9050000+05:30","3559","CARD","Desktop","IN","SG","2","477","13","4172","false","true","0.8531","1"
"V2TXN-000886","CUST-V2-0061","2025-04-29T04:54:53.0210000+05:30","1036","NETBANKING","Mobile","GB","GB","1","419","12","1468","false","false","0.7057","0"
"V2TXN-000887","CUST-V2-0069","2025-04-29T05:51:58.8120000+05:30","942","UPI","Mobile","IN","IN","0","238","5","1455","false","false","0.6474","0"
"V2TXN-000888","CUST-V2-0437","2025-04-29T06:45:20.1610000+05:30","4699","CARD","Mobile","IN","IN","3","503","8","2521","false","false","1.8639","1"
"V2TXN-000889","CUST-V2-0089","2025-04-29T08:23:26.1680000+05:30","2284","UPI","Mobile","IN","IN","0","84","3","2521","false","false","0.9060","0"
"V2TXN-000890","CUST-V2-0732","2025-04-29T10:14:12.9060000+05:30","3187","NETBANKING","Mobile","GB","GB","1","1511","32","2297","false","false","1.3875","0"
"V2TXN-000891","CUST-V2-0386","2025-04-29T12:45:36.6770000+05:30","7969","UPI","Mobile","IN","IN","0","111","4","14120","false","false","0.5644","0"
"V2TXN-000892","CUST-V2-0041","2025-04-29T15:50:07.4030000+05:30","10508","UPI","Desktop","IN","IN","0","86","2","13272","false","false","0.7917","0"
"V2TXN-000893","CUST-V2-0009","2025-04-29T18:44:32.0500000+05:30","3424","UPI","Mobile","IN","IN","0","118","3","2207","false","false","1.5514","0"
"V2TXN-000894","CUST-V2-0966","2025-04-29T20:59:20.8760000+05:30","682","UPI","Mobile","IN","IN","0","1364","39","1297","false","false","0.5258","0"
"V2TXN-000895","CUST-V2-0619","2025-04-29T21:51:25.2710000+05:30","532","NETBANKING","Tablet","IN","IN","0","1000","16","764","false","false","0.6963","0"
"V2TXN-000896","CUST-V2-0962","2025-04-29T22:10:56.6050000+05:30","991","WALLET","Mobile","GB","GB","1","499","10","1491","false","false","0.6647","1"
"V2TXN-000897","CUST-V2-0311","2025-04-29T22:23:16.2640000+05:30","5091","BANK_TRANSFER","Mobile","IN","IN","0","1316","31","3586","false","false","1.4197","0"
"V2TXN-000898","CUST-V2-0392","2025-04-29T23:52:42.6060000+05:30","2342","UPI","Desktop","IN","IN","0","856","19","2577","false","false","0.9088","0"
"V2TXN-000899","CUST-V2-0497","2025-04-30T07:09:36.9030000+05:30","1452","UPI","Desktop","AE","AE","0","1359","22","1489","false","false","0.9752","0"
"V2TXN-000900","CUST-V2-0551","2025-04-30T08:14:45.5200000+05:30","2824","CARD","Desktop","IN","IN","1","90","4","2321","false","false","1.2167","1"
"V2TXN-000901","CUST-V2-0392","2025-04-30T09:04:50.4840000+05:30","1658","UPI","Desktop","IN","IN","0","856","20","2566","false","false","0.6461","0"
"V2TXN-000902","CUST-V2-0001","2025-04-30T12:35:32.8270000+05:30","2558","BANK_TRANSFER","Desktop","IN","IN","1","109","2","1946","false","false","1.3145","0"
"V2TXN-000903","CUST-V2-0890","2025-04-30T20:20:06.1710000+05:30","459","UPI","Mobile","IN","IN","1","118","3","667","false","false","0.6882","0"
"V2TXN-000904","CUST-V2-0369","2025-05-01T02:38:49.0390000+05:30","2336","UPI","Mobile","IN","IN","0","83","2","994","false","false","2.3501","0"
"V2TXN-000905","CUST-V2-0093","2025-05-01T06:25:37.8380000+05:30","678","CARD","Mobile","IN","IN","0","103","2","529","false","false","1.2817","0"
"V2TXN-000906","CUST-V2-0661","2025-05-01T09:14:58.8450000+05:30","1097","NETBANKING","Mobile","GB","GB","0","898","27","664","false","false","1.6521","0"
"V2TXN-000907","CUST-V2-0610","2025-05-01T10:05:48.0180000+05:30","3217","WALLET","Desktop","US","US","1","530","14","2039","false","false","1.5777","0"
"V2TXN-000908","CUST-V2-0847","2025-05-01T16:08:50.3020000+05:30","587","BANK_TRANSFER","Desktop","IN","IN","0","392","7","390","false","false","1.5051","0"
"V2TXN-000909","CUST-V2-0157","2025-05-01T18:03:15.7580000+05:30","8428","UPI","Mobile","IN","IN","0","118","3","7901","false","false","1.0667","0"
"V2TXN-000910","CUST-V2-0878","2025-05-01T18:44:23.0800000+05:30","3596","CARD","Mobile","US","US","0","1376","30","3408","false","false","1.0552","0"
"V2TXN-000911","CUST-V2-0370","2025-05-01T20:29:27.5940000+05:30","2780","UPI","Desktop","IN","IN","0","111","2","2380","false","false","1.1681","0"
"V2TXN-000912","CUST-V2-0834","2025-05-01T23:21:08.1630000+05:30","2681","UPI","Mobile","US","US","0","510","14","1537","false","false","1.7443","0"
"V2TXN-000913","CUST-V2-0461","2025-05-01T23:48:51.7910000+05:30","1684","NETBANKING","Mobile","SG","SG","0","411","10","1772","false","false","0.9503","0"
"V2TXN-000914","CUST-V2-0847","2025-05-02T00:40:59.7070000+05:30","325","BANK_TRANSFER","Desktop","IN","IN","0","392","8","414","false","false","0.7850","0"
"V2TXN-000915","CUST-V2-0439","2025-05-02T01:45:16.6830000+05:30","1016","UPI","Mobile","IN","IN","0","137","4","952","false","false","1.0672","0"
"V2TXN-000916","CUST-V2-0551","2025-05-02T06:11:35.0630000+05:30","3163","CARD","Desktop","IN","IN","2","92","5","2421","false","false","1.3065","0"
"V2TXN-000917","CUST-V2-0772","2025-05-02T07:35:17.0580000+05:30","1265","UPI","Mobile","IN","IN","1","1192","28","866","false","false","1.4607","0"
"V2TXN-000918","CUST-V2-0209","2025-05-02T08:22:14.7860000+05:30","796","NETBANKING","Mobile","SA","SA","0","78","2","1022","false","false","0.7789","0"
"V2TXN-000919","CUST-V2-0966","2025-05-02T09:19:53.9510000+05:30","3134","UPI","Mobile","IN","IN","0","1367","40","1282","false","false","2.4446","0"
"V2TXN-000920","CUST-V2-0248","2025-05-02T10:09:25.8240000+05:30","1575","UPI","Mobile","CA","CA","0","1028","21","2106","false","false","0.7479","0"
"V2TXN-000921","CUST-V2-0464","2025-05-02T14:09:22.7910000+05:30","1702","WALLET","Tablet","US","US","0","754","19","2413","false","false","0.7053","0"
"V2TXN-000922","CUST-V2-0627","2025-05-02T17:11:10.4660000+05:30","563","UPI","Mobile","GB","GB","0","52","1","557","false","false","1.0108","0"
"V2TXN-000923","CUST-V2-0542","2025-05-02T17:26:16.1500000+05:30","570","UPI","Mobile","IN","IN","0","951","26","756","false","false","0.7540","0"
"V2TXN-000924","CUST-V2-0104","2025-05-02T20:55:11.8690000+05:30","1081","NETBANKING","Mobile","SA","SA","1","79","2","1927","false","false","0.5610","0"
"V2TXN-000925","CUST-V2-0854","2025-05-02T22:48:55.4930000+05:30","9403","CARD","Mobile","GB","GB","1","90","2","7419","false","false","1.2674","0"
"V2TXN-000926","CUST-V2-0994","2025-05-03T07:39:26.9430000+05:30","702","UPI","Mobile","IN","IN","1","970","14","1724","false","false","0.4072","0"
"V2TXN-000927","CUST-V2-0987","2025-05-03T10:52:41.8870000+05:30","2056","UPI","Mobile","IN","IN","0","1481","41","1880","false","false","1.0936","0"
"V2TXN-000928","CUST-V2-0932","2025-05-03T12:29:30.7260000+05:30","2628","WALLET","Tablet","IN","IN","0","841","25","2374","false","false","1.1070","0"
"V2TXN-000929","CUST-V2-0742","2025-05-03T15:44:18.6950000+05:30","2067","CARD","Desktop","IN","IN","0","134","1","861","false","false","2.4007","1"
"V2TXN-000930","CUST-V2-0106","2025-05-03T19:36:45.4240000+05:30","1862","UPI","Mobile","SG","SG","1","93","4","2004","false","false","0.9291","0"
"V2TXN-000931","CUST-V2-0004","2025-05-03T22:09:29.4550000+05:30","2332","UPI","Mobile","IN","IN","0","95","1","1883","false","false","1.2384","0"
"V2TXN-000932","CUST-V2-0959","2025-05-03T22:44:39.9600000+05:30","15646","CARD","Desktop","CA","CA","0","117","3","23351","false","false","0.6700","0"
"V2TXN-000933","CUST-V2-0893","2025-05-04T04:20:42.2900000+05:30","1269","UPI","Mobile","IN","IN","0","361","8","970","false","false","1.3082","0"
"V2TXN-000934","CUST-V2-0852","2025-05-04T05:54:22.0180000+05:30","1443","CARD","Mobile","US","US","3","1174","34","693","false","false","2.0823","1"
"V2TXN-000935","CUST-V2-0224","2025-05-04T12:02:29.4210000+05:30","1183","CARD","Mobile","IN","IN","0","1178","28","1184","false","false","0.9992","0"
"V2TXN-000936","CUST-V2-0813","2025-05-04T14:44:58.9560000+05:30","172617","CARD","Desktop","AU","AU","1","133","3","135942","false","false","1.2698","0"
"V2TXN-000937","CUST-V2-0723","2025-05-04T15:41:04.8540000+05:30","2841","CARD","Desktop","IN","IN","1","132","2","1878","false","false","1.5128","1"
"V2TXN-000938","CUST-V2-0161","2025-05-04T17:28:50.5920000+05:30","17192","CARD","Tablet","IN","IN","1","137","2","19430","false","false","0.8848","0"
"V2TXN-000939","CUST-V2-0735","2025-05-04T19:34:32.4690000+05:30","1661","UPI","Mobile","AU","AU","1","319","6","2546","false","false","0.6524","0"
"V2TXN-000940","CUST-V2-0700","2025-05-04T23:34:31.4870000+05:30","593","CARD","Mobile","CA","CA","0","1078","13","323","false","false","1.8359","0"
"V2TXN-000941","CUST-V2-0363","2025-05-04T23:40:47.1380000+05:30","2825","UPI","Mobile","IN","IN","0","1270","29","2700","false","false","1.0463","0"
"V2TXN-000942","CUST-V2-0397","2025-05-05T00:44:04.1670000+05:30","3069","UPI","Mobile","US","IN","2","621","13","1880","false","true","1.6324","0"
"V2TXN-000943","CUST-V2-0118","2025-05-05T01:43:37.3260000+05:30","1093","CARD","Desktop","SG","SG","1","114","2","2047","false","false","0.5340","0"
"V2TXN-000944","CUST-V2-0408","2025-05-05T06:23:41.0950000+05:30","3088","CARD","Desktop","IN","IN","1","1279","34","3443","false","false","0.8969","0"
"V2TXN-000945","CUST-V2-0959","2025-05-05T10:29:58.0870000+05:30","25972","UPI","Desktop","CA","CA","0","118","4","21424","false","false","1.2123","0"
"V2TXN-000946","CUST-V2-0141","2025-05-05T12:11:47.5980000+05:30","1101","UPI","Mobile","IN","IN","0","647","11","941","false","false","1.1700","0"
"V2TXN-000947","CUST-V2-0647","2025-05-05T17:42:00.6620000+05:30","1961","UPI","Desktop","SA","SA","0","226","3","1300","false","false","1.5085","0"
"V2TXN-000948","CUST-V2-0082","2025-05-05T19:42:28.7800000+05:30","1129","CARD","Mobile","IN","IN","0","559","8","1114","false","false","1.0135","0"
"V2TXN-000949","CUST-V2-0893","2025-05-05T21:44:53.2400000+05:30","643","UPI","Mobile","IN","IN","4","363","9","1003","false","false","0.6411","1"
"V2TXN-000950","CUST-V2-0896","2025-05-06T02:17:35.9960000+05:30","14155","CARD","Desktop","US","US","3","132","3","6239","false","false","2.2688","1"
"V2TXN-000951","CUST-V2-0721","2025-05-06T08:11:26.9930000+05:30","1434","WALLET","Mobile","IN","IN","0","1242","23","991","false","false","1.4470","0"
"V2TXN-000952","CUST-V2-0002","2025-05-06T08:46:01.5520000+05:30","4077","UPI","Mobile","IN","IN","0","1245","33","3936","false","false","1.0358","0"
"V2TXN-000953","CUST-V2-0311","2025-05-06T17:01:43.5010000+05:30","2828","BANK_TRANSFER","Mobile","IN","IN","0","1323","32","3633","false","false","0.7784","0"
"V2TXN-000954","CUST-V2-0979","2025-05-06T17:45:43.6290000+05:30","4847","CARD","Desktop","GB","AE","3","995","18","1056","false","true","4.5900","1"
"V2TXN-000955","CUST-V2-0837","2025-05-06T19:00:04.4620000+05:30","2806","WALLET","Mobile","IN","IN","1","498","9","1775","false","false","1.5808","0"
"V2TXN-000956","CUST-V2-0053","2025-05-06T22:35:43.8880000+05:30","1893","CARD","Tablet","IN","IN","0","1452","35","2399","false","false","0.7891","0"
"V2TXN-000957","CUST-V2-0302","2025-05-07T05:27:24.5230000+05:30","2857","UPI","Mobile","GB","SG","0","1306","20","1292","false","true","2.2113","1"
"V2TXN-000958","CUST-V2-0071","2025-05-07T06:09:54.6480000+05:30","1471","UPI","Mobile","IN","IN","0","1302","22","1310","false","false","1.1229","0"
"V2TXN-000959","CUST-V2-0342","2025-05-07T10:17:07.4060000+05:30","5668","CARD","Mobile","SA","SA","0","1231","25","3999","false","false","1.4174","0"
"V2TXN-000960","CUST-V2-0363","2025-05-07T14:41:38.6300000+05:30","1823","UPI","Mobile","IN","IN","0","1273","30","2704","false","false","0.6742","0"
"V2TXN-000961","CUST-V2-0759","2025-05-07T17:26:53.9620000+05:30","2059","NETBANKING","Desktop","IN","IN","0","117","2","4746","false","false","0.4338","0"
"V2TXN-000962","CUST-V2-0703","2025-05-07T18:37:49.6660000+05:30","3333","CARD","Mobile","IN","US","1","873","15","2401","false","true","1.3882","1"
"V2TXN-000963","CUST-V2-0328","2025-05-07T19:31:06.8930000+05:30","14289","CARD","Tablet","SA","SA","0","568","15","4749","false","false","3.0088","0"
"V2TXN-000964","CUST-V2-0696","2025-05-07T20:36:34.7700000+05:30","3056","UPI","Mobile","GB","GB","0","1441","27","3254","false","false","0.9392","0"
"V2TXN-000965","CUST-V2-0960","2025-05-07T21:41:08.2420000+05:30","4595","BANK_TRANSFER","Mobile","IN","IN","0","1039","11","2821","false","false","1.6289","0"
"V2TXN-000966","CUST-V2-0097","2025-05-07T22:07:30.9700000+05:30","1360","CARD","Mobile","AU","AU","0","1103","33","2490","false","false","0.5462","0"
"V2TXN-000967","CUST-V2-0056","2025-05-07T22:49:40.7400000+05:30","939","UPI","Mobile","IN","IN","0","1431","20","1796","false","false","0.5228","0"
"V2TXN-000968","CUST-V2-0382","2025-05-07T23:01:48.6970000+05:30","589","CARD","Mobile","IN","IN","3","115","3","1308","false","false","0.4503","1"
"V2TXN-000969","CUST-V2-0523","2025-05-07T23:19:52.1020000+05:30","714","WALLET","Tablet","IN","IN","0","376","10","687","false","false","1.0393","0"
"V2TXN-000970","CUST-V2-0009","2025-05-07T23:20:31.3010000+05:30","2509","UPI","Mobile","IN","IN","0","126","4","2512","false","false","0.9988","0"
"V2TXN-000971","CUST-V2-0634","2025-05-08T00:47:08.6470000+05:30","5292","WALLET","Mobile","US","US","0","1092","23","5171","false","false","1.0234","0"
"V2TXN-000972","CUST-V2-0696","2025-05-08T05:02:01.3650000+05:30","3163","CARD","Mobile","GB","GB","0","1441","28","3247","false","false","0.9741","0"
"V2TXN-000973","CUST-V2-0479","2025-05-08T10:23:38.4700000+05:30","2294","NETBANKING","Mobile","IN","IN","0","465","5","2054","false","false","1.1168","0"
"V2TXN-000974","CUST-V2-0676","2025-05-08T12:26:27.8040000+05:30","3021","UPI","Mobile","IN","IN","0","342","9","2156","false","false","1.4012","1"
"V2TXN-000975","CUST-V2-0727","2025-05-08T21:25:05.8170000+05:30","963","CARD","Mobile","SG","SG","0","888","20","800","false","false","1.2038","0"
"V2TXN-000976","CUST-V2-0018","2025-05-08T23:16:42.0840000+05:30","738","CARD","Mobile","IN","IN","0","821","25","790","false","false","0.9342","0"
"V2TXN-000977","CUST-V2-0527","2025-05-09T00:27:31.4540000+05:30","668","UPI","Mobile","IN","IN","0","126","1","647","false","false","1.0325","0"
"V2TXN-000978","CUST-V2-0889","2025-05-09T07:57:58.4000000+05:30","41217","UPI","Desktop","SG","SG","0","95","5","24676","false","false","1.6703","0"
"V2TXN-000979","CUST-V2-0080","2025-05-09T09:12:51.2150000+05:30","5011","CARD","Mobile","IN","IN","2","658","12","2827","false","false","1.7726","1"
"V2TXN-000980","CUST-V2-0425","2025-05-09T11:57:58.5300000+05:30","8164","CARD","Mobile","AE","AE","3","876","19","4008","false","false","2.0369","1"
"V2TXN-000981","CUST-V2-0889","2025-05-09T19:35:24.8540000+05:30","58478","UPI","Desktop","SG","SG","0","95","6","27432","false","false","2.1317","0"
"V2TXN-000982","CUST-V2-0551","2025-05-09T21:47:20.8200000+05:30","2872","CARD","Desktop","IN","IN","0","100","6","2545","false","false","1.1285","0"
"V2TXN-000983","CUST-V2-0949","2025-05-09T22:11:06.6130000+05:30","3219","UPI","Desktop","IN","IN","0","853","11","2077","false","false","1.5498","0"
"V2TXN-000984","CUST-V2-0014","2025-05-10T01:05:54.7630000+05:30","5473","CARD","Desktop","IN","IN","0","126","3","4301","false","false","1.2725","0"
"V2TXN-000985","CUST-V2-0442","2025-05-10T04:29:44.8240000+05:30","1821","CARD","Mobile","IN","IN","0","315","8","2448","false","false","0.7439","0"
"V2TXN-000986","CUST-V2-0049","2025-05-10T06:57:40.6480000+05:30","2541","UPI","Mobile","IN","IN","1","540","13","2207","false","false","1.1513","0"
"V2TXN-000987","CUST-V2-0198","2025-05-10T09:11:41.3820000+05:30","3568","CARD","Desktop","SA","GB","4","218","6","2997","false","true","1.1905","1"
"V2TXN-000988","CUST-V2-0627","2025-05-10T16:17:54.9650000+05:30","426","UPI","Mobile","GB","GB","0","60","2","560","false","false","0.7607","0"
"V2TXN-000989","CUST-V2-0429","2025-05-10T16:31:58.3060000+05:30","2350","NETBANKING","Mobile","SG","SG","0","1495","40","4317","false","false","0.5444","1"
"V2TXN-000990","CUST-V2-0628","2025-05-10T22:03:10.7350000+05:30","9130","NETBANKING","Mobile","IN","IN","0","1129","29","6188","false","false","1.4754","0"
"V2TXN-000991","CUST-V2-0905","2025-05-11T03:13:09.4550000+05:30","1040","WALLET","Mobile","IN","IN","1","1120","29","489","false","false","2.1268","0"
"V2TXN-000992","CUST-V2-0078","2025-05-11T04:09:17.6790000+05:30","2556","BANK_TRANSFER","Desktop","IN","IN","0","140","5","2786","false","false","0.9174","0"
"V2TXN-000993","CUST-V2-0477","2025-05-11T08:28:58.4960000+05:30","6456","UPI","Mobile","CA","CA","0","983","9","6678","false","false","0.9668","0"
"V2TXN-000994","CUST-V2-0982","2025-05-11T10:46:34.6610000+05:30","1922","CARD","Tablet","GB","GB","0","996","24","2198","false","false","0.8744","0"
"V2TXN-000995","CUST-V2-0186","2025-05-11T11:19:42.6320000+05:30","494","UPI","Mobile","IN","IN","0","1530","22","919","false","false","0.5375","0"
"V2TXN-000996","CUST-V2-0197","2025-05-11T16:40:10.7990000+05:30","19824","CARD","Desktop","GB","GB","0","120","1","23200","false","false","0.8545","0"
"V2TXN-000997","CUST-V2-0453","2025-05-11T19:07:10.4610000+05:30","5708","UPI","Mobile","IN","IN","1","580","17","4508","false","false","1.2662","0"
"V2TXN-000998","CUST-V2-0807","2025-05-11T20:13:45.6020000+05:30","2834","CARD","Desktop","US","US","0","787","11","1373","false","false","2.0641","0"
"V2TXN-000999","CUST-V2-0846","2025-05-12T08:20:53.6820000+05:30","788","NETBANKING","Desktop","IN","IN","0","121","4","780","false","false","1.0103","0"
"V2TXN-001000","CUST-V2-0593","2025-05-12T10:49:00.9470000+05:30","4000","UPI","Mobile","IN","IN","0","489","5","3652","false","false","1.0953","0"
"V2TXN-001001","CUST-V2-0983","2025-05-12T17:30:35.0300000+05:30","2371","CARD","Desktop","IN","GB","2","565","5","823","false","true","2.8809","1"
"V2TXN-001002","CUST-V2-0093","2025-05-12T19:08:18.3720000+05:30","513","CARD","Mobile","IN","IN","1","115","3","579","false","false","0.8860","0"
"V2TXN-001003","CUST-V2-0214","2025-05-12T21:35:22.2500000+05:30","423","UPI","Mobile","IN","IN","0","524","8","960","false","false","0.4406","0"
"V2TXN-001004","CUST-V2-0951","2025-05-13T03:42:56.6990000+05:30","2086","UPI","Mobile","IN","IN","0","103","1","2025","false","false","1.0301","0"
"V2TXN-001005","CUST-V2-0601","2025-05-13T05:26:31.7680000+05:30","4570","UPI","Mobile","SA","SA","0","1144","29","4764","false","false","0.9593","0"
"V2TXN-001006","CUST-V2-0302","2025-05-13T16:27:26.4350000+05:30","1956","UPI","Mobile","SG","SG","0","1313","21","1366","false","false","1.4319","0"
"V2TXN-001007","CUST-V2-0218","2025-05-14T00:17:02.7570000+05:30","1360","UPI","Mobile","IN","IN","0","1462","43","1740","false","false","0.7816","0"
"V2TXN-001008","CUST-V2-0848","2025-05-14T00:54:24.1780000+05:30","914","UPI","Desktop","IN","IN","0","136","5","618","false","false","1.4790","0"
"V2TXN-001009","CUST-V2-0097","2025-05-14T07:08:03.4450000+05:30","2016","CARD","Mobile","AU","AU","0","1109","34","2456","false","false","0.8208","0"
"V2TXN-001010","CUST-V2-0082","2025-05-14T07:14:13.2150000+05:30","1192","CARD","Mobile","IN","IN","0","567","9","1116","false","false","1.0681","0"
"V2TXN-001011","CUST-V2-0652","2025-05-14T08:04:10.4920000+05:30","131","UPI","Mobile","IN","IN","3","132","3","216","false","false","0.6065","0"
"V2TXN-001012","CUST-V2-0671","2025-05-14T10:31:13.9300000+05:30","2524","CARD","Mobile","AE","AE","1","1387","20","1910","false","false","1.3215","1"
"V2TXN-001013","CUST-V2-0206","2025-05-14T11:13:53.3980000+05:30","904","NETBANKING","Mobile","US","US","0","123","4","869","false","false","1.0403","0"
"V2TXN-001014","CUST-V2-0219","2025-05-14T14:43:14.1730000+05:30","2168","UPI","Mobile","US","US","0","94","3","1958","false","false","1.1073","0"
"V2TXN-001015","CUST-V2-0290","2025-05-14T15:22:30.8440000+05:30","4653","NETBANKING","Mobile","IN","IN","0","1050","25","4737","false","false","0.9823","0"
"V2TXN-001016","CUST-V2-0905","2025-05-14T16:12:43.1410000+05:30","698","WALLET","Mobile","IN","IN","0","1124","30","508","false","false","1.3740","0"
"V2TXN-001017","CUST-V2-0307","2025-05-14T22:41:40.6550000+05:30","273","CARD","Mobile","IN","IN","1","1060","17","717","false","false","0.3808","0"
"V2TXN-001018","CUST-V2-0461","2025-05-15T00:52:51.3000000+05:30","2853","NETBANKING","Mobile","SG","SG","0","424","11","1764","false","false","1.6173","0"
"V2TXN-001019","CUST-V2-0453","2025-05-15T06:00:52.6590000+05:30","16416","CARD","Desktop","GB","IN","2","583","18","4574","false","true","3.5890","1"
"V2TXN-001020","CUST-V2-0096","2025-05-15T06:25:13.1520000+05:30","3537","UPI","Desktop","IN","IN","0","837","22","5311","false","false","0.6660","0"
"V2TXN-001021","CUST-V2-0482","2025-05-15T06:51:01.0160000+05:30","908","CARD","Desktop","IN","IN","0","906","9","820","false","false","1.1073","1"
"V2TXN-001022","CUST-V2-0410","2025-05-15T08:22:27.0130000+05:30","773","UPI","Desktop","IN","IN","0","854","24","975","false","false","0.7928","0"
"V2TXN-001023","CUST-V2-0806","2025-05-15T09:46:50.1910000+05:30","6952","WALLET","Mobile","AE","AE","0","117","2","4428","false","false","1.5700","0"
"V2TXN-001024","CUST-V2-0308","2025-05-15T12:54:49.2600000+05:30","3234","UPI","Desktop","US","US","0","117","2","2427","false","false","1.3325","0"
"V2TXN-001025","CUST-V2-0080","2025-05-15T15:46:27.4250000+05:30","3050","CARD","Mobile","IN","IN","0","664","13","2995","false","false","1.0184","0"
"V2TXN-001026","CUST-V2-0504","2025-05-15T16:36:56.9390000+05:30","2338","UPI","Mobile","AE","AE","1","625","11","2354","false","false","0.9932","0"
"V2TXN-001027","CUST-V2-0008","2025-05-15T16:54:59.8700000+05:30","1458","CARD","Mobile","IN","IN","0","1086","15","1257","false","false","1.1599","0"
"V2TXN-001028","CUST-V2-0510","2025-05-15T18:41:41.6150000+05:30","297","CARD","Desktop","IN","IN","5","128","2","765","false","false","0.3882","1"
"V2TXN-001029","CUST-V2-0144","2025-05-15T22:37:15.7360000+05:30","453","UPI","Tablet","US","US","0","91","3","302","false","false","1.5","0"
"V2TXN-001030","CUST-V2-0453","2025-05-15T23:32:55.4440000+05:30","9083","UPI","Mobile","IN","IN","0","584","19","5198","false","false","1.7474","0"
"V2TXN-001031","CUST-V2-0023","2025-05-16T06:21:46.8230000+05:30","1010","CARD","Mobile","IN","IN","0","1238","28","1314","false","false","0.7686","0"
"V2TXN-001032","CUST-V2-0157","2025-05-16T08:43:06.5480000+05:30","9426","UPI","Desktop","IN","IN","1","132","4","8032","false","false","1.1736","0"
"V2TXN-001033","CUST-V2-0336","2025-05-16T18:11:08.0270000+05:30","742","UPI","Desktop","IN","IN","0","236","4","1094","false","false","0.6782","0"
"V2TXN-001034","CUST-V2-0900","2025-05-16T22:09:51.7090000+05:30","5340","CARD","Desktop","IN","IN","0","134","2","2334","false","false","2.2879","1"
"V2TXN-001035","CUST-V2-0265","2025-05-16T23:58:48.9730000+05:30","3710","CARD","Desktop","IN","IN","0","1284","38","2489","false","false","1.4906","0"
"V2TXN-001036","CUST-V2-0735","2025-05-17T00:26:34.7310000+05:30","6459","UPI","Desktop","IN","AU","3","331","7","2419","false","true","2.6701","1"
"V2TXN-001037","CUST-V2-0727","2025-05-17T04:51:30.2570000+05:30","1129","WALLET","Mobile","IN","SG","0","896","21","808","false","true","1.3973","1"
"V2TXN-001038","CUST-V2-0107","2025-05-17T07:53:56.5690000+05:30","18192","UPI","Mobile","US","US","0","118","2","16100","false","false","1.1299","0"
"V2TXN-001039","CUST-V2-0843","2025-05-17T08:18:21.5410000+05:30","2988","UPI","Mobile","IN","IN","0","957","27","4491","false","false","0.6653","0"
"V2TXN-001040","CUST-V2-0385","2025-05-17T08:58:57.3630000+05:30","1016","UPI","Mobile","GB","GB","1","158","2","1064","false","false","0.9549","0"
"V2TXN-001041","CUST-V2-0373","2025-05-17T13:40:15.9440000+05:30","4636","CARD","Desktop","CA","IN","2","713","15","3035","false","true","1.5275","1"
"V2TXN-001042","CUST-V2-0725","2025-05-18T03:19:38.2560000+05:30","1271","UPI","Mobile","IN","IN","0","666","12","1170","false","false","1.0863","0"
"V2TXN-001043","CUST-V2-0896","2025-05-18T05:30:49.1660000+05:30","6611","CARD","Mobile","US","US","0","144","4","8218","false","false","0.8045","0"
"V2TXN-001044","CUST-V2-0910","2025-05-18T05:44:29.3590000+05:30","1889","NETBANKING","Desktop","SA","SA","0","1472","28","2023","false","false","0.9338","0"
"V2TXN-001045","CUST-V2-0554","2025-05-18T08:28:45.8370000+05:30","3542","UPI","Mobile","IN","IN","0","696","13","2454","false","false","1.4434","0"
"V2TXN-001046","CUST-V2-0030","2025-05-18T17:09:54.7010000+05:30","1005","UPI","Mobile","IN","IN","0","141","2","2818","false","false","0.3566","0"
"V2TXN-001047","CUST-V2-0655","2025-05-18T20:39:48.4310000+05:30","6650","CARD","Mobile","IN","IN","1","143","5","5722","false","false","1.1622","0"
"V2TXN-001048","CUST-V2-0311","2025-05-19T03:36:26.8940000+05:30","5739","CARD","Desktop","DE","IN","1","1335","33","3609","false","true","1.5902","0"
"V2TXN-001049","CUST-V2-0841","2025-05-19T03:56:32.1090000+05:30","78301","UPI","Mobile","IN","IN","1","92","4","71188","false","false","1.0999","0"
"V2TXN-001050","CUST-V2-0362","2025-05-19T04:52:59.8470000+05:30","1174","NETBANKING","Desktop","SG","SG","0","343","6","1157","false","false","1.0147","0"
"V2TXN-001051","CUST-V2-0144","2025-05-19T05:33:59.0990000+05:30","252","CARD","Tablet","US","US","0","94","4","340","false","false","0.7412","0"
"V2TXN-001052","CUST-V2-0728","2025-05-19T05:34:32.2020000+05:30","11889","CARD","Desktop","SA","SA","0","101","2","9982","false","false","1.1910","0"
"V2TXN-001053","CUST-V2-0394","2025-05-19T07:02:30.8460000+05:30","541","UPI","Mobile","IN","IN","0","1106","28","413","false","false","1.3099","0"
"V2TXN-001054","CUST-V2-0511","2025-05-19T09:07:47.7830000+05:30","5150","UPI","Desktop","IN","IN","0","558","17","7238","false","false","0.7115","0"
"V2TXN-001055","CUST-V2-0610","2025-05-19T09:40:06.4980000+05:30","3536","CARD","Mobile","US","US","1","548","15","2118","false","false","1.6695","1"
"V2TXN-001056","CUST-V2-0307","2025-05-19T10:09:57.2860000+05:30","565","CARD","Mobile","IN","IN","1","1064","18","693","false","false","0.8153","0"
"V2TXN-001057","CUST-V2-0200","2025-05-19T10:28:06.6380000+05:30","244","UPI","Mobile","GB","GB","0","134","1","195","false","false","1.2513","0"
"V2TXN-001058","CUST-V2-0759","2025-05-19T11:22:13.7250000+05:30","5470","NETBANKING","Desktop","IN","IN","0","129","3","3850","false","false","1.4208","0"
"V2TXN-001059","CUST-V2-0801","2025-05-19T17:02:09.8690000+05:30","963","WALLET","Mobile","IN","IN","0","196","3","1219","false","false","0.7900","0"
"V2TXN-001060","CUST-V2-0012","2025-05-19T18:31:22.6040000+05:30","8289","CARD","Desktop","GB","GB","0","149","3","4152","false","false","1.9964","1"
"V2TXN-001061","CUST-V2-0007","2025-05-19T21:54:11.7620000+05:30","2780","UPI","Desktop","IN","IN","0","1281","18","3846","false","false","0.7228","0"
"V2TXN-001062","CUST-V2-0247","2025-05-19T22:51:26.4220000+05:30","19584","CARD","Desktop","IN","IN","0","106","2","25401","false","false","0.7710","0"
"V2TXN-001063","CUST-V2-0544","2025-05-20T05:08:34.9500000+05:30","3541","UPI","Mobile","IN","IN","0","1177","35","1904","false","false","1.8598","0"
"V2TXN-001064","CUST-V2-0725","2025-05-20T05:43:21.8510000+05:30","1296","UPI","Mobile","IN","IN","1","669","13","1178","false","false","1.1002","0"
"V2TXN-001065","CUST-V2-0504","2025-05-20T13:02:01.4580000+05:30","2396","UPI","Mobile","AE","AE","1","630","12","2352","false","false","1.0187","0"
"V2TXN-001066","CUST-V2-0010","2025-05-20T15:17:26.7570000+05:30","4107","UPI","Desktop","IN","IN","0","225","3","2804","false","false","1.4647","0"
"V2TXN-001067","CUST-V2-0075","2025-05-20T17:15:08.6650000+05:30","1481","UPI","Tablet","US","US","0","1068","19","3360","false","false","0.4408","1"
"V2TXN-001068","CUST-V2-0679","2025-05-20T21:35:15.7580000+05:30","1512","UPI","Desktop","IN","IN","0","236","4","2029","false","false","0.7452","0"
"V2TXN-001069","CUST-V2-0890","2025-05-20T23:06:42.5850000+05:30","423","UPI","Mobile","IN","IN","0","138","4","615","false","false","0.6878","0"
"V2TXN-001070","CUST-V2-0527","2025-05-21T07:35:34.9090000+05:30","477","UPI","Mobile","IN","IN","1","138","2","658","false","false","0.7249","0"
"V2TXN-001071","CUST-V2-0492","2025-05-21T09:03:46.5920000+05:30","2573","UPI","Mobile","IN","IN","0","622","18","2114","false","false","1.2171","0"
"V2TXN-001072","CUST-V2-0905","2025-05-21T12:04:37.5600000+05:30","401","CARD","Mobile","IN","IN","0","1130","31","514","false","false","0.7802","0"
"V2TXN-001073","CUST-V2-0793","2025-05-21T12:54:49.2880000+05:30","286","CARD","Mobile","IN","IN","0","108","3","429","false","false","0.6667","0"
"V2TXN-001074","CUST-V2-0812","2025-05-21T13:20:15.5100000+05:30","1697","BANK_TRANSFER","Mobile","IN","IN","1","1284","33","1068","false","false","1.5890","0"
"V2TXN-001075","CUST-V2-0311","2025-05-21T14:35:58.8590000+05:30","4995","BANK_TRANSFER","Mobile","IN","IN","0","1338","34","3671","false","false","1.3607","0"
"V2TXN-001076","CUST-V2-0621","2025-05-21T15:11:22.3420000+05:30","1846","WALLET","Desktop","IN","IN","0","662","12","2151","false","false","0.8582","1"
"V2TXN-001077","CUST-V2-0459","2025-05-21T16:56:31.6730000+05:30","5645","WALLET","Mobile","IN","IN","0","526","9","3511","false","false","1.6078","0"
"V2TXN-001078","CUST-V2-0453","2025-05-21T17:30:04.4160000+05:30","5054","UPI","Mobile","IN","IN","0","590","20","5392","false","false","0.9373","0"
"V2TXN-001079","CUST-V2-0141","2025-05-21T17:40:43.0150000+05:30","697","UPI","Mobile","IN","IN","0","663","12","955","false","false","0.7298","0"
"V2TXN-001080","CUST-V2-0837","2025-05-21T19:34:43.0750000+05:30","1488","WALLET","Desktop","IN","IN","0","513","10","1878","false","false","0.7923","0"
"V2TXN-001081","CUST-V2-0002","2025-05-21T22:32:24.9110000+05:30","8265","UPI","Mobile","IN","IN","1","1261","34","3940","false","false","2.0977","0"
"V2TXN-001082","CUST-V2-0588","2025-05-22T01:40:26.8620000+05:30","855","CARD","Mobile","IN","IN","0","728","21","909","false","false","0.9406","0"
"V2TXN-001083","CUST-V2-0082","2025-05-22T11:01:51.5730000+05:30","1287","CARD","Mobile","IN","IN","0","576","10","1123","false","false","1.1460","0"
"V2TXN-001084","CUST-V2-0806","2025-05-22T13:09:28.7680000+05:30","6314","CARD","Mobile","AE","AE","0","124","3","5269","false","false","1.1983","1"
"V2TXN-001085","CUST-V2-0732","2025-05-22T18:19:32.2920000+05:30","3364","BANK_TRANSFER","Mobile","GB","GB","0","1534","33","2324","false","false","1.4475","0"
"V2TXN-001086","CUST-V2-0369","2025-05-22T20:17:29.4940000+05:30","1537","UPI","Desktop","CA","IN","1","105","3","1441","false","true","1.0666","1"
"V2TXN-001087","CUST-V2-0364","2025-05-22T22:21:44.5250000+05:30","2964","CARD","Desktop","CA","CA","1","1226","31","3477","false","false","0.8525","0"
"V2TXN-001088","CUST-V2-0512","2025-05-22T23:04:56.2490000+05:30","2723","UPI","Mobile","IN","IN","1","472","9","3708","false","false","0.7344","0"
"V2TXN-001089","CUST-V2-0617","2025-05-22T23:56:03.9290000+05:30","1181","UPI","Mobile","IN","IN","0","1522","35","1157","false","false","1.0207","0"
"V2TXN-001090","CUST-V2-0247","2025-05-23T04:33:20.7550000+05:30","24517","CARD","Mobile","IN","IN","1","110","3","23462","false","false","1.0450","0"
"V2TXN-001091","CUST-V2-0989","2025-05-23T04:34:54.6560000+05:30","2199","UPI","Mobile","GB","GB","0","103","2","1576","false","false","1.3953","0"
"V2TXN-001092","CUST-V2-0954","2025-05-23T04:48:25.0710000+05:30","936","WALLET","Desktop","IN","IN","0","374","5","1551","false","false","0.6035","0"
"V2TXN-001093","CUST-V2-0382","2025-05-23T05:30:37.0950000+05:30","720","WALLET","Desktop","IN","IN","0","131","4","1128","false","false","0.6383","0"
"V2TXN-001094","CUST-V2-0248","2025-05-23T07:24:17.1140000+05:30","2311","UPI","Mobile","CA","CA","0","1049","22","2082","false","false","1.1100","0"
"V2TXN-001095","CUST-V2-0217","2025-05-23T07:41:04.8570000+05:30","7872","UPI","Mobile","IN","IN","1","1551","16","4673","false","false","1.6846","0"
"V2TXN-001096","CUST-V2-0437","2025-05-23T13:25:03.9050000+05:30","2954","CARD","Mobile","IN","IN","1","527","9","2763","false","false","1.0691","0"
"V2TXN-001097","CUST-V2-0287","2025-05-23T15:07:57.3330000+05:30","893","UPI","Mobile","AU","AU","0","1562","46","1283","false","false","0.6960","0"
"V2TXN-001098","CUST-V2-0885","2025-05-23T18:50:57.9250000+05:30","1471","CARD","Mobile","IN","IN","0","156","3","1306","false","false","1.1263","1"
"V2TXN-001099","CUST-V2-0329","2025-05-23T19:15:11.8930000+05:30","634","CARD","Mobile","IN","IN","0","298","5","788","false","false","0.8046","0"
"V2TXN-001100","CUST-V2-0172","2025-05-24T00:35:19.9150000+05:30","1375","UPI","Desktop","CA","CA","0","109","1","1345","false","false","1.0223","0"
"V2TXN-001101","CUST-V2-0699","2025-05-24T00:44:17.9940000+05:30","1643","WALLET","Mobile","IN","IN","0","837","24","2334","false","false","0.7039","0"
"V2TXN-001102","CUST-V2-0736","2025-05-24T01:05:17.8410000+05:30","379","UPI","Mobile","SG","SG","0","858","23","312","false","false","1.2147","0"
"V2TXN-001103","CUST-V2-0555","2025-05-24T07:09:04.3180000+05:30","749","WALLET","Mobile","IN","IN","0","1408","16","1099","false","false","0.6815","0"
"V2TXN-001104","CUST-V2-0110","2025-05-24T08:49:22.0300000+05:30","4312","CARD","Desktop","IN","IN","0","1442","16","2213","false","false","1.9485","1"
"V2TXN-001105","CUST-V2-0082","2025-05-24T10:21:18.5460000+05:30","1972","WALLET","Mobile","IN","IN","4","578","11","1138","false","false","1.7329","0"
"V2TXN-001106","CUST-V2-0074","2025-05-24T13:30:48.9670000+05:30","7431","CARD","Mobile","IN","IN","0","162","3","6161","false","false","1.2061","0"
"V2TXN-001107","CUST-V2-0452","2025-05-24T14:13:00.3620000+05:30","606","CARD","Mobile","IN","IN","5","746","22","1427","false","false","0.4247","1"
"V2TXN-001108","CUST-V2-0985","2025-05-24T19:40:51.9250000+05:30","4603","UPI","Mobile","SA","SA","1","1458","34","4679","false","false","0.9838","0"
"V2TXN-001109","CUST-V2-0035","2025-05-24T21:58:53.5080000+05:30","1624","UPI","Mobile","IN","IN","1","1253","23","1956","false","false","0.8303","0"
"V2TXN-001110","CUST-V2-0970","2025-05-24T23:38:01.4560000+05:30","1657","CARD","Desktop","US","US","0","653","19","1548","false","false","1.0704","0"
"V2TXN-001111","CUST-V2-0028","2025-05-25T02:13:16.9020000+05:30","378","UPI","Mobile","IN","IN","0","409","4","759","false","false","0.4980","0"
"V2TXN-001112","CUST-V2-0257","2025-05-25T03:44:31.4450000+05:30","7461","UPI","Mobile","IN","IN","0","597","10","5191","false","false","1.4373","0"
"V2TXN-001113","CUST-V2-0077","2025-05-25T09:10:22.8140000+05:30","1809","CARD","Mobile","IN","IN","0","1463","19","1726","false","false","1.0481","0"
"V2TXN-001114","CUST-V2-0156","2025-05-25T10:18:06.8250000+05:30","1886","UPI","Mobile","IN","IN","1","868","19","2287","false","false","0.8247","0"
"V2TXN-001115","CUST-V2-0947","2025-05-25T17:20:09.3130000+05:30","697","UPI","Mobile","IN","IN","0","150","4","860","false","false","0.8105","0"
"V2TXN-001116","CUST-V2-0191","2025-05-25T17:25:09.8800000+05:30","1872","UPI","Mobile","SG","SG","0","292","8","2075","false","false","0.9022","0"
"V2TXN-001117","CUST-V2-0800","2025-05-25T19:37:38.3100000+05:30","3297","UPI","Mobile","AE","AE","0","799","13","3013","false","false","1.0943","0"
"V2TXN-001118","CUST-V2-0681","2025-05-25T22:47:24.8330000+05:30","3141","WALLET","Mobile","IN","IN","0","1331","20","2012","false","false","1.5611","0"
"V2TXN-001119","CUST-V2-0337","2025-05-25T23:21:19.4070000+05:30","541","UPI","Mobile","IN","IN","0","189","3","569","false","false","0.9508","0"
"V2TXN-001120","CUST-V2-0816","2025-05-25T23:28:43.8640000+05:30","3150","UPI","Mobile","SG","SG","0","1208","17","4239","false","false","0.7431","0"
"V2TXN-001121","CUST-V2-0219","2025-05-25T23:58:20.8550000+05:30","1335","UPI","Mobile","US","US","1","106","4","2010","false","false","0.6642","0"
"V2TXN-001122","CUST-V2-0121","2025-05-26T04:25:54.7590000+05:30","729","CARD","Mobile","IN","IN","3","761","14","2560","false","false","0.2848","1"
"V2TXN-001123","CUST-V2-0406","2025-05-26T04:28:03.5630000+05:30","2849","UPI","Mobile","IN","IN","0","133","5","1984","false","false","1.4360","0"
"V2TXN-001124","CUST-V2-0432","2025-05-26T06:34:07.2890000+05:30","1511","CARD","Mobile","IN","IN","0","138","3","1022","false","false","1.4785","0"
"V2TXN-001125","CUST-V2-0016","2025-05-26T08:03:41.4290000+05:30","1083","UPI","Tablet","SA","SA","0","1395","14","1542","false","false","0.7023","0"
"V2TXN-001126","CUST-V2-0418","2025-05-26T13:16:01.5530000+05:30","1331","UPI","Mobile","IN","IN","0","1019","26","956","false","false","1.3923","0"
"V2TXN-001127","CUST-V2-0452","2025-05-26T20:12:35.8370000+05:30","2509","WALLET","Mobile","IN","IN","0","748","23","1391","false","false","1.8037","0"
"V2TXN-001128","CUST-V2-0415","2025-05-26T22:13:36.7180000+05:30","2618","UPI","Mobile","IN","IN","0","270","5","1904","false","false","1.375","0"
"V2TXN-001129","CUST-V2-0335","2025-05-26T23:42:01.2400000+05:30","2242","CARD","Mobile","CA","CA","0","135","3","1592","false","false","1.4083","0"
"V2TXN-001130","CUST-V2-0896","2025-05-26T23:53:16.7040000+05:30","6358","CARD","Mobile","US","US","0","153","5","7896","false","false","0.8052","0"
"V2TXN-001131","CUST-V2-0834","2025-05-27T01:30:34.0540000+05:30","863","UPI","Mobile","US","US","1","535","15","1613","false","false","0.5350","0"
"V2TXN-001132","CUST-V2-0449","2025-05-27T10:36:16.9130000+05:30","1953","UPI","Desktop","IN","IN","0","1623","18","2005","false","false","0.9741","0"
"V2TXN-001133","CUST-V2-0549","2025-05-27T17:24:05.0940000+05:30","1882","NETBANKING","Desktop","CA","CA","0","594","14","3174","false","false","0.5929","0"
"V2TXN-001134","CUST-V2-0107","2025-05-27T17:36:43.9420000+05:30","21898","UPI","Mobile","US","US","0","128","3","16797","false","false","1.3037","0"
"V2TXN-001135","CUST-V2-0424","2025-05-27T18:34:33.4750000+05:30","957","BANK_TRANSFER","Mobile","GB","GB","1","124","4","1567","false","false","0.6107","0"
"V2TXN-001136","CUST-V2-0759","2025-05-27T19:54:28.1990000+05:30","6116","NETBANKING","Desktop","IN","IN","0","137","4","4255","false","false","1.4374","0"
"V2TXN-001137","CUST-V2-0672","2025-05-27T22:10:30.6020000+05:30","950","CARD","Mobile","IN","IN","4","645","12","1722","false","false","0.5517","1"
"V2TXN-001138","CUST-V2-0542","2025-05-28T00:09:26.2910000+05:30","688","CARD","Mobile","IN","IN","0","976","27","749","false","false","0.9186","0"
"V2TXN-001139","CUST-V2-0325","2025-05-28T00:26:56.4110000+05:30","1255","UPI","Tablet","US","US","0","128","3","757","false","false","1.6579","0"
"V2TXN-001140","CUST-V2-0643","2025-05-28T01:21:47.0710000+05:30","5860","UPI","Mobile","IN","IN","0","1079","24","3620","false","false","1.6188","0"
"V2TXN-001141","CUST-V2-0054","2025-05-28T01:36:58.6110000+05:30","1299","CARD","Mobile","IN","IN","0","151","4","3608","false","false","0.3600","0"
"V2TXN-001142","CUST-V2-0459","2025-05-28T03:52:04.2050000+05:30","6123","WALLET","Mobile","IN","IN","0","532","10","3725","false","false","1.6438","0"
"V2TXN-001143","CUST-V2-0910","2025-05-28T07:51:11.4850000+05:30","2813","NETBANKING","Desktop","SA","SA","0","1482","29","2018","false","false","1.3940","0"
"V2TXN-001144","CUST-V2-0902","2025-05-28T08:56:41.2690000+05:30","478","CARD","Mobile","US","IN","5","162","3","5229","false","true","0.0914","1"
"V2TXN-001145","CUST-V2-0730","2025-05-28T10:19:25.0380000+05:30","1741","CARD","Mobile","IN","IN","0","1092","27","3424","false","false","0.5085","0"
"V2TXN-001146","CUST-V2-0286","2025-05-28T14:45:16.0890000+05:30","2163","UPI","Desktop","IN","IN","0","1542","35","1975","false","false","1.0952","0"
"V2TXN-001147","CUST-V2-0770","2025-05-28T15:30:54.6150000+05:30","444","CARD","Mobile","IN","IN","0","714","16","697","false","false","0.6370","0"
"V2TXN-001148","CUST-V2-0682","2025-05-28T19:00:07.6760000+05:30","942","BANK_TRANSFER","Desktop","IN","IN","1","1512","31","1242","false","false","0.7585","0"
"V2TXN-001149","CUST-V2-0667","2025-05-28T21:19:13.7270000+05:30","77984","UPI","Mobile","AU","AU","0","139","2","102617","false","false","0.7600","0"
"V2TXN-001150","CUST-V2-0556","2025-05-28T22:44:29.9520000+05:30","3380","UPI","Mobile","IN","IN","0","336","8","3869","false","false","0.8736","0"
"V2TXN-001151","CUST-V2-0403","2025-05-28T23:53:06.1880000+05:30","653","NETBANKING","Desktop","IN","IN","1","109","3","864","false","false","0.7558","0"
"V2TXN-001152","CUST-V2-0691","2025-05-29T01:51:34.2960000+05:30","747","CARD","Mobile","IN","IN","0","1236","16","1774","false","false","0.4211","0"
"V2TXN-001153","CUST-V2-0407","2025-05-29T04:34:51.4510000+05:30","4004","UPI","Mobile","IN","IN","1","196","3","2667","false","false","1.5013","0"
"V2TXN-001154","CUST-V2-0080","2025-05-29T06:33:33.7220000+05:30","2664","CARD","Mobile","IN","IN","0","678","14","2999","false","false","0.8883","0"
"V2TXN-001155","CUST-V2-0394","2025-05-29T08:54:37.1220000+05:30","843","UPI","Mobile","IN","IN","0","1116","29","417","false","false","2.0216","0"
"V2TXN-001156","CUST-V2-0105","2025-05-29T09:54:17.1640000+05:30","775","CARD","Mobile","IN","IN","1","673","9","666","false","false","1.1637","0"
"V2TXN-001157","CUST-V2-0951","2025-05-29T17:31:26.1620000+05:30","1152","UPI","Mobile","IN","IN","1","119","2","2056","false","false","0.5603","0"
"V2TXN-001158","CUST-V2-0088","2025-05-29T20:29:59.9080000+05:30","2958","CARD","Mobile","AE","IN","0","1101","26","1339","false","true","2.2091","1"
"V2TXN-001159","CUST-V2-0376","2025-05-29T23:00:05.8200000+05:30","598","UPI","Mobile","IN","IN","0","430","7","563","false","false","1.0622","0"
"V2TXN-001160","CUST-V2-0226","2025-05-30T01:26:35.8730000+05:30","1627","UPI","Desktop","SG","SG","1","513","6","1975","false","false","0.8238","0"
"V2TXN-001161","CUST-V2-0544","2025-05-30T05:23:52.7140000+05:30","850","CARD","Desktop","IN","IN","6","1187","36","1950","false","false","0.4359","1"
"V2TXN-001162","CUST-V2-0362","2025-05-30T08:29:13.3750000+05:30","1081","UPI","Mobile","SG","SG","0","354","7","1159","false","false","0.9327","0"
"V2TXN-001163","CUST-V2-0547","2025-05-30T19:56:01.5300000+05:30","6083","WALLET","Mobile","GB","GB","0","1459","31","5431","false","false","1.1201","0"
"V2TXN-001164","CUST-V2-0362","2025-05-30T20:47:05.5140000+05:30","1681","CARD","Desktop","SG","SG","0","354","8","1150","false","false","1.4617","0"
"V2TXN-001165","CUST-V2-0647","2025-05-30T20:48:59.6470000+05:30","3787","BANK_TRANSFER","Desktop","SA","SA","0","251","4","1465","false","false","2.5850","0"
"V2TXN-001166","CUST-V2-0078","2025-05-30T20:52:17.2930000+05:30","3204","BANK_TRANSFER","Desktop","IN","IN","0","160","6","2748","false","false","1.1659","0"
"V2TXN-001167","CUST-V2-0112","2025-05-30T21:49:39.8470000+05:30","1789","NETBANKING","Desktop","AU","AU","1","1050","28","2161","false","false","0.8279","0"
"V2TXN-001168","CUST-V2-0639","2025-05-30T23:00:53.1890000+05:30","52309","UPI","Desktop","IN","IN","0","128","1","28857","false","false","1.8127","0"
"V2TXN-001169","CUST-V2-0727","2025-05-31T01:01:24.1720000+05:30","784","CARD","Mobile","SG","SG","0","910","22","823","false","false","0.9526","0"
"V2TXN-001170","CUST-V2-0847","2025-05-31T02:19:47.2380000+05:30","502","BANK_TRANSFER","Desktop","IN","IN","0","421","9","404","false","false","1.2426","0"
"V2TXN-001171","CUST-V2-0861","2025-05-31T05:09:27.5780000+05:30","1592","UPI","Mobile","IN","IN","1","746","17","2198","false","false","0.7243","0"
"V2TXN-001172","CUST-V2-0985","2025-05-31T07:05:56.3720000+05:30","6616","CARD","Mobile","SA","SA","0","1464","35","4677","false","false","1.4146","0"
"V2TXN-001173","CUST-V2-0278","2025-05-31T07:46:14.7420000+05:30","3417","UPI","Mobile","IN","IN","0","159","5","4037","false","false","0.8464","0"
"V2TXN-001174","CUST-V2-0010","2025-05-31T08:32:05.1740000+05:30","6004","CARD","Desktop","IN","IN","0","236","4","3130","false","false","1.9182","1"
"V2TXN-001175","CUST-V2-0086","2025-05-31T11:53:18.8330000+05:30","995","CARD","Mobile","IN","IN","0","1516","36","1013","false","false","0.9822","1"
"V2TXN-001176","CUST-V2-0389","2025-05-31T12:01:10.6770000+05:30","854","UPI","Desktop","IN","IN","0","1219","29","612","false","false","1.3954","0"
"V2TXN-001177","CUST-V2-0212","2025-05-31T13:23:41.4680000+05:30","1413","CARD","Desktop","IN","IN","0","842","19","1227","false","false","1.1516","0"
"V2TXN-001178","CUST-V2-0601","2025-05-31T14:04:57.9810000+05:30","10395","CARD","Desktop","US","SA","3","1162","30","4758","false","true","2.1847","1"
"V2TXN-001179","CUST-V2-0709","2025-05-31T14:36:34.4490000+05:30","3389","CARD","Tablet","IN","IN","0","257","7","3209","false","false","1.0561","1"
"V2TXN-001180","CUST-V2-0826","2025-05-31T15:27:54.3570000+05:30","2585","CARD","Mobile","GB","GB","1","1414","17","2886","false","false","0.8957","0"
"V2TXN-001181","CUST-V2-0827","2025-05-31T17:06:36.4190000+05:30","35612","CARD","Mobile","IN","IN","0","144","2","30894","false","false","1.1527","0"
"V2TXN-001182","CUST-V2-0425","2025-05-31T23:33:04.8030000+05:30","2852","BANK_TRANSFER","Mobile","AE","AE","1","898","20","4216","false","false","0.6765","0"
"V2TXN-001183","CUST-V2-0055","2025-06-01T01:39:53.2440000+05:30","1170","NETBANKING","Desktop","US","US","0","1120","30","1146","false","false","1.0209","0"
"V2TXN-001184","CUST-V2-0987","2025-06-01T02:03:29.8920000+05:30","1664","UPI","Mobile","IN","IN","0","1510","42","1884","false","false","0.8832","0"
"V2TXN-001185","CUST-V2-0848","2025-06-01T04:37:52.9530000+05:30","438","UPI","Desktop","IN","IN","0","154","6","668","false","false","0.6557","0"
"V2TXN-001186","CUST-V2-0215","2025-06-01T05:01:20.3840000+05:30","847","UPI","Mobile","DE","DE","0","149","3","1435","false","false","0.5902","0"
"V2TXN-001187","CUST-V2-0761","2025-06-01T07:48:35.1250000+05:30","278","UPI","Mobile","IN","IN","0","1016","17","432","false","false","0.6435","0"
"V2TXN-001188","CUST-V2-0051","2025-06-01T07:51:06.3890000+05:30","2939","NETBANKING","Mobile","IN","IN","0","154","4","3376","false","false","0.8706","0"
"V2TXN-001189","CUST-V2-0965","2025-06-01T10:41:52.6550000+05:30","2999","CARD","Desktop","GB","GB","0","733","14","1520","false","false","1.9730","0"
"V2TXN-001190","CUST-V2-0376","2025-06-01T13:06:06.8330000+05:30","987","CARD","Mobile","US","IN","2","433","8","567","false","true","1.7407","1"
"V2TXN-001191","CUST-V2-0867","2025-06-01T15:43:42.8330000+05:30","1299","CARD","Mobile","IN","IN","0","211","2","1854","false","false","0.7006","0"
"V2TXN-001192","CUST-V2-0263","2025-06-01T19:36:51.1410000+05:30","3043","WALLET","Mobile","US","US","1","139","2","3216","false","false","0.9462","0"
"V2TXN-001193","CUST-V2-0770","2025-06-02T03:16:40.7490000+05:30","897","CARD","Mobile","IN","IN","0","718","17","682","false","false","1.3152","0"
"V2TXN-001194","CUST-V2-0363","2025-06-02T09:02:55.2380000+05:30","1947","CARD","Mobile","IN","IN","4","1298","31","2676","false","false","0.7276","0"
"V2TXN-001195","CUST-V2-0295","2025-06-02T14:14:56.7360000+05:30","1425","CARD","Desktop","US","SG","2","202","4","1244","false","true","1.1455","1"
"V2TXN-001196","CUST-V2-0507","2025-06-02T18:12:13.2890000+05:30","3105","UPI","Mobile","IN","IN","0","148","2","4532","false","false","0.6851","0"
"V2TXN-001197","CUST-V2-0180","2025-06-02T18:14:59.6730000+05:30","1527","BANK_TRANSFER","Desktop","IN","IN","0","810","14","1708","false","false","0.8940","0"
"V2TXN-001198","CUST-V2-0409","2025-06-02T20:06:59.6040000+05:30","6707","UPI","Mobile","AU","AU","0","145","2","5866","false","false","1.1434","0"
"V2TXN-001199","CUST-V2-0809","2025-06-02T21:19:55.5090000+05:30","405","UPI","Mobile","IN","IN","0","449","11","682","false","false","0.5938","0"
"V2TXN-001200","CUST-V2-0486","2025-06-03T05:20:47.0080000+05:30","1814","UPI","Desktop","SG","SG","1","682","7","1943","false","false","0.9336","0"
"V2TXN-001201","CUST-V2-0477","2025-06-03T08:48:29.3960000+05:30","9191","CARD","Desktop","IN","CA","4","1006","10","6656","false","true","1.3809","1"
"V2TXN-001202","CUST-V2-0683","2025-06-03T08:58:38.5110000+05:30","2277","UPI","Mobile","DE","DE","0","1360","20","1677","false","false","1.3578","0"
"V2TXN-001203","CUST-V2-0866","2025-06-03T14:52:21.9390000+05:30","1311","CARD","Mobile","IN","IN","0","1519","26","1807","false","false","0.7255","0"
"V2TXN-001204","CUST-V2-0449","2025-06-03T16:11:51.2630000+05:30","2739","UPI","Desktop","IN","IN","0","1631","19","2002","false","false","1.3681","0"
"V2TXN-001205","CUST-V2-0735","2025-06-03T19:07:17.6360000+05:30","3045","UPI","Mobile","AU","AU","0","349","8","2924","false","false","1.0414","0"
"V2TXN-001206","CUST-V2-0473","2025-06-03T19:41:09.3070000+05:30","932","UPI","Mobile","IN","IN","0","1240","34","1390","false","false","0.6705","0"
"V2TXN-001207","CUST-V2-0861","2025-06-03T20:24:33.6070000+05:30","4723","UPI","Mobile","IN","IN","0","750","18","2164","false","false","2.1825","0"
"V2TXN-001208","CUST-V2-0541","2025-06-03T21:56:18.2650000+05:30","3560","UPI","Desktop","IN","IN","3","134","3","5822","false","false","0.6115","0"
"V2TXN-001209","CUST-V2-0646","2025-06-03T22:47:01.9620000+05:30","4249","WALLET","Tablet","IN","IN","0","1012","18","2259","false","false","1.8809","0"
"V2TXN-001210","CUST-V2-0406","2025-06-04T03:44:35.4810000+05:30","896","WALLET","Mobile","IN","IN","1","142","6","2128","false","false","0.4211","0"
"V2TXN-001211","CUST-V2-0556","2025-06-04T04:27:34.8420000+05:30","2696","UPI","Mobile","IN","IN","0","342","9","3815","false","false","0.7067","0"
"V2TXN-001212","CUST-V2-0170","2025-06-04T04:32:44.5430000+05:30","3918","UPI","Desktop","US","US","0","966","20","3633","false","false","1.0784","1"
"V2TXN-001213","CUST-V2-0878","2025-06-04T04:54:17.4790000+05:30","2366","CARD","Mobile","US","US","0","1409","31","3414","false","false","0.6930","0"
"V2TXN-001214","CUST-V2-0282","2025-06-04T08:01:57.2630000+05:30","1400","NETBANKING","Desktop","IN","IN","0","1155","21","1498","false","false","0.9346","0"
"V2TXN-001215","CUST-V2-0062","2025-06-04T08:14:32.3450000+05:30","7867","CARD","Mobile","IN","IN","1","581","7","8183","false","false","0.9614","0"
"V2TXN-001216","CUST-V2-0415","2025-06-04T08:32:51.3700000+05:30","2997","UPI","Mobile","IN","IN","1","278","6","2023","false","false","1.4815","0"
"V2TXN-001217","CUST-V2-0185","2025-06-04T12:36:32.9600000+05:30","882","UPI","Desktop","US","US","0","623","12","982","false","false","0.8982","0"
"V2TXN-001218","CUST-V2-0788","2025-06-04T13:45:06.6650000+05:30","3596","UPI","Mobile","SA","SA","0","132","7","6727","false","false","0.5346","0"
"V2TXN-001219","CUST-V2-0311","2025-06-04T14:22:22.0240000+05:30","7488","BANK_TRANSFER","Mobile","IN","IN","1","1352","35","3709","false","false","2.0189","0"
"V2TXN-001220","CUST-V2-0153","2025-06-04T21:04:34.8220000+05:30","3838","CARD","Mobile","IN","IN","0","977","29","2553","false","false","1.5033","0"
"V2TXN-001221","CUST-V2-0387","2025-06-04T23:59:59.3410000+05:30","1129","CARD","Mobile","IN","IN","3","415","5","530","false","false","2.1302","1"
"V2TXN-001222","CUST-V2-0137","2025-06-05T02:52:23.8170000+05:30","2638","CARD","Mobile","IN","IN","0","762","20","3269","false","false","0.8070","0"
"V2TXN-001223","CUST-V2-0599","2025-06-05T06:26:25.7920000+05:30","1743","UPI","Desktop","IN","IN","0","1582","31","1539","false","false","1.1326","0"
"V2TXN-001224","CUST-V2-0345","2025-06-05T11:03:37.0650000+05:30","3864","UPI","Desktop","US","US","0","978","26","5195","false","false","0.7438","0"
"V2TXN-001225","CUST-V2-0342","2025-06-05T17:26:47.8050000+05:30","5810","CARD","Desktop","SA","SA","0","1261","26","4063","false","false","1.4300","0"
"V2TXN-001226","CUST-V2-0716","2025-06-05T18:04:42.0190000+05:30","1504","WALLET","Desktop","IN","IN","0","63","1","1773","false","false","0.8483","0"
"V2TXN-001227","CUST-V2-0211","2025-06-05T18:51:55.7570000+05:30","1939","CARD","Mobile","IN","IN","1","136","2","2433","false","false","0.7970","0"
"V2TXN-001228","CUST-V2-0671","2025-06-05T20:09:05.4960000+05:30","1073","CARD","Mobile","AE","AE","0","1409","21","1939","false","false","0.5534","0"
"V2TXN-001229","CUST-V2-0380","2025-06-06T06:53:03.7010000+05:30","1273","UPI","Desktop","SA","SA","0","425","8","1595","false","false","0.7981","0"
"V2TXN-001230","CUST-V2-0481","2025-06-06T07:33:15.9500000+05:30","2270","CARD","Mobile","IN","IN","0","1158","32","1457","false","false","1.5580","0"
"V2TXN-001231","CUST-V2-0734","2025-06-06T08:52:42.2790000+05:30","787","UPI","Desktop","IN","IN","1","502","15","1565","false","false","0.5029","0"
"V2TXN-001232","CUST-V2-0392","2025-06-06T14:51:25.0580000+05:30","3098","UPI","Desktop","IN","IN","0","894","21","2522","false","false","1.2284","0"
"V2TXN-001233","CUST-V2-0424","2025-06-06T15:45:41.4730000+05:30","1595","UPI","Mobile","GB","GB","0","134","5","1445","false","false","1.1038","0"
"V2TXN-001234","CUST-V2-0942","2025-06-06T17:13:47.7920000+05:30","826","NETBANKING","Mobile","IN","IN","0","389","8","758","false","false","1.0897","0"
"V2TXN-001235","CUST-V2-0541","2025-06-06T18:02:58.9780000+05:30","3008","UPI","Desktop","IN","IN","0","137","4","5257","false","false","0.5722","0"
"V2TXN-001236","CUST-V2-0454","2025-06-06T18:31:09.5640000+05:30","3448","UPI","Mobile","IN","IN","0","986","12","1961","false","false","1.7583","0"
"V2TXN-001237","CUST-V2-0866","2025-06-06T19:41:57.2120000+05:30","1300","CARD","Mobile","IN","IN","0","1523","27","1789","false","false","0.7267","0"
"V2TXN-001238","CUST-V2-0061","2025-06-06T21:39:01.1410000+05:30","1379","NETBANKING","Mobile","GB","GB","0","457","13","1434","false","false","0.9616","0"
"V2TXN-001239","CUST-V2-0943","2025-06-07T05:37:48.7200000+05:30","2491","UPI","Desktop","SG","SG","0","625","11","1843","false","false","1.3516","0"
"V2TXN-001240","CUST-V2-0345","2025-06-07T06:16:19.9580000+05:30","3717","UPI","Desktop","US","US","0","980","27","5146","false","false","0.7223","0"
"V2TXN-001241","CUST-V2-0352","2025-06-07T06:29:31.5000000+05:30","3555","CARD","Desktop","US","US","1","573","10","2968","false","false","1.1978","0"
"V2TXN-001242","CUST-V2-0022","2025-06-07T07:07:51.2890000+05:30","4156","UPI","Mobile","SG","SG","0","538","8","5455","false","false","0.7619","0"
"V2TXN-001243","CUST-V2-0691","2025-06-07T09:14:28.2470000+05:30","1806","UPI","Mobile","IN","IN","0","1245","17","1714","false","false","1.0537","0"
"V2TXN-001244","CUST-V2-0218","2025-06-07T11:53:20.1030000+05:30","2322","UPI","Mobile","IN","IN","0","1486","44","1732","false","false","1.3406","0"
"V2TXN-001245","CUST-V2-0835","2025-06-07T19:57:54.2980000+05:30","1891","BANK_TRANSFER","Mobile","IN","IN","0","732","11","3021","false","false","0.6260","0"
"V2TXN-001246","CUST-V2-0259","2025-06-07T21:11:33.1480000+05:30","1983","CARD","Mobile","AU","IN","0","1365","25","1345","false","true","1.4743","0"
"V2TXN-001247","CUST-V2-0144","2025-06-07T21:13:50.3790000+05:30","519","CARD","Tablet","US","US","0","114","5","322","false","false","1.6118","0"
"V2TXN-001248","CUST-V2-0021","2025-06-07T23:40:31.7290000+05:30","1107","NETBANKING","Tablet","CA","IN","0","1179","19","783","false","true","1.4138","0"
"V2TXN-001249","CUST-V2-0995","2025-06-08T04:06:01.7130000+05:30","1793","CARD","Mobile","AE","AE","0","1423","42","1217","false","false","1.4733","0"
"V2TXN-001250","CUST-V2-0180","2025-06-08T08:05:09.6610000+05:30","1042","NETBANKING","Desktop","IN","IN","0","816","15","1696","false","false","0.6144","0"
"V2TXN-001251","CUST-V2-0524","2025-06-08T08:25:27.5770000+05:30","2980","CARD","Tablet","IN","IN","0","173","2","1519","false","false","1.9618","0"
"V2TXN-001252","CUST-V2-0893","2025-06-08T11:04:25.9550000+05:30","802","UPI","Mobile","IN","IN","0","396","10","967","false","false","0.8294","0"
"V2TXN-001253","CUST-V2-0523","2025-06-08T11:13:49.2750000+05:30","404","WALLET","Tablet","IN","IN","0","408","11","689","false","false","0.5864","0"
"V2TXN-001254","CUST-V2-0935","2025-06-08T12:12:00.0880000+05:30","688","NETBANKING","Mobile","IN","IN","0","401","5","743","false","false","0.9260","0"
"V2TXN-001255","CUST-V2-0093","2025-06-08T12:23:45.7160000+05:30","652","CARD","Mobile","IN","IN","0","142","4","562","false","false","1.1601","0"
"V2TXN-001256","CUST-V2-0949","2025-06-08T15:27:21.2550000+05:30","1359","UPI","Desktop","IN","IN","1","882","12","2172","false","false","0.6257","0"
"V2TXN-001257","CUST-V2-0485","2025-06-08T16:53:40.1570000+05:30","610","UPI","Mobile","IN","IN","0","668","14","1261","false","false","0.4837","0"
"V2TXN-001258","CUST-V2-0767","2025-06-08T20:08:11.7620000+05:30","744","UPI","Mobile","GB","GB","0","172","2","658","false","false","1.1307","0"
"V2TXN-001259","CUST-V2-0439","2025-06-08T22:02:43.9000000+05:30","784","UPI","Mobile","IN","IN","0","175","5","965","false","false","0.8124","0"
"V2TXN-001260","CUST-V2-0621","2025-06-09T01:39:41.1990000+05:30","1964","CARD","Mobile","IN","IN","1","680","13","2128","false","false","0.9229","0"
"V2TXN-001261","CUST-V2-0273","2025-06-09T02:45:51.0090000+05:30","878","UPI","Mobile","IN","IN","3","1073","25","913","false","false","0.9617","0"
"V2TXN-001262","CUST-V2-0861","2025-06-09T13:12:20.6910000+05:30","1084","UPI","Mobile","IN","IN","1","756","19","2299","false","false","0.4715","0"
"V2TXN-001263","CUST-V2-0280","2025-06-09T14:49:36.5290000+05:30","871","CARD","Mobile","AU","AU","0","1308","17","1571","false","false","0.5544","0"
"V2TXN-001264","CUST-V2-0180","2025-06-09T20:07:57.5540000+05:30","2123","CARD","Mobile","AU","IN","3","817","16","1655","false","true","1.2828","1"
"V2TXN-001265","CUST-V2-0014","2025-06-09T21:41:26.3040000+05:30","7092","WALLET","Desktop","IN","IN","0","157","4","4594","false","false","1.5438","0"
"V2TXN-001266","CUST-V2-0008","2025-06-10T02:01:09.0910000+05:30","2748","CARD","Mobile","IN","IN","0","1111","16","1270","false","false","2.1638","0"
"V2TXN-001267","CUST-V2-0740","2025-06-10T03:31:20.7240000+05:30","1258","NETBANKING","Mobile","AE","AE","0","140","2","1624","false","false","0.7746","0"
"V2TXN-001268","CUST-V2-0950","2025-06-10T04:00:42.8760000+05:30","3995","CARD","Mobile","SG","SG","0","879","25","2430","false","false","1.6440","0"
"V2TXN-001269","CUST-V2-0038","2025-06-10T06:29:43.4580000+05:30","811","CARD","Mobile","US","US","0","184","2","815","false","false","0.9951","0"
"V2TXN-001270","CUST-V2-0386","2025-06-10T07:50:04.2690000+05:30","24243","UPI","Mobile","IN","IN","0","153","5","12889","false","false","1.8809","0"
"V2TXN-001271","CUST-V2-0634","2025-06-10T10:18:27.0060000+05:30","4055","WALLET","Mobile","US","US","0","1125","24","5176","false","false","0.7834","0"
"V2TXN-001272","CUST-V2-0018","2025-06-10T18:38:43.8310000+05:30","629","CARD","Mobile","IN","IN","1","854","26","788","false","false","0.7982","0"
"V2TXN-001273","CUST-V2-0213","2025-06-10T21:21:12.5080000+05:30","3020","UPI","Mobile","DE","DE","1","171","4","2969","false","false","1.0172","0"
"V2TXN-001274","CUST-V2-0237","2025-06-11T04:57:30.4740000+05:30","888","CARD","Mobile","DE","DE","4","485","5","1124","false","false","0.7900","1"
"V2TXN-001275","CUST-V2-0419","2025-06-11T07:12:27.6000000+05:30","4022","UPI","Desktop","IN","IN","0","842","24","4694","false","false","0.8568","0"
"V2TXN-001276","CUST-V2-0393","2025-06-11T09:08:59.2830000+05:30","2446","CARD","Mobile","IN","IN","0","1187","29","1643","false","false","1.4887","0"
"V2TXN-001277","CUST-V2-0210","2025-06-11T09:59:02.1850000+05:30","556","UPI","Mobile","IN","IN","0","923","12","713","false","false","0.7798","0"
"V2TXN-001278","CUST-V2-0948","2025-06-11T10:55:29.8750000+05:30","1244","NETBANKING","Desktop","IN","IN","0","144","6","704","false","false","1.7670","1"
"V2TXN-001279","CUST-V2-0104","2025-06-11T11:40:10.7400000+05:30","1626","NETBANKING","Mobile","SA","SA","0","119","3","1645","false","false","0.9884","0"
"V2TXN-001280","CUST-V2-0670","2025-06-11T20:09:15.1400000+05:30","1755","NETBANKING","Mobile","IN","IN","0","927","10","1441","false","false","1.2179","0"
"V2TXN-001281","CUST-V2-0463","2025-06-12T00:50:39.8930000+05:30","4807","CARD","Mobile","IN","IN","1","615","8","4471","false","false","1.0752","0"
"V2TXN-001282","CUST-V2-0728","2025-06-12T10:57:49.4500000+05:30","12175","CARD","Desktop","SA","SA","0","125","3","10618","false","false","1.1466","0"
"V2TXN-001283","CUST-V2-0821","2025-06-12T15:30:40.3570000+05:30","9040","CARD","Mobile","IN","IN","0","152","2","20083","false","false","0.4501","0"
"V2TXN-001284","CUST-V2-0767","2025-06-12T21:31:26.0610000+05:30","344","UPI","Mobile","GB","GB","1","176","3","686","false","false","0.5015","0"
"V2TXN-001285","CUST-V2-0999","2025-06-12T23:44:48.7010000+05:30","50133","CARD","Mobile","GB","GB","0","161","1","23429","false","false","2.1398","0"
"V2TXN-001286","CUST-V2-0104","2025-06-13T00:01:49.6270000+05:30","1564","NETBANKING","Mobile","SA","SA","0","121","4","1640","false","false","0.9537","0"
"V2TXN-001287","CUST-V2-0441","2025-06-13T07:51:04.6930000+05:30","1042","CARD","Mobile","IN","IN","0","699","13","1083","false","false","0.9621","0"
"V2TXN-001288","CUST-V2-0777","2025-06-13T12:29:57.8510000+05:30","2248","CARD","Mobile","GB","IN","0","164","2","1222","false","true","1.8396","1"
"V2TXN-001289","CUST-V2-0495","2025-06-13T18:05:26.3580000+05:30","1293","UPI","Mobile","IN","IN","1","997","28","1442","false","false","0.8967","0"
"V2TXN-001290","CUST-V2-0233","2025-06-13T19:56:51.9280000+05:30","1321","CARD","Mobile","IN","IN","0","569","11","1284","false","false","1.0288","0"
"V2TXN-001291","CUST-V2-0079","2025-06-14T01:26:42.6060000+05:30","4893","CARD","Mobile","US","US","0","1432","33","4290","false","false","1.1406","0"
"V2TXN-001292","CUST-V2-0617","2025-06-14T02:30:42.5280000+05:30","1651","CARD","Desktop","IN","IN","3","1544","36","1157","false","false","1.4270","0"
"V2TXN-001293","CUST-V2-0159","2025-06-14T09:17:52.1920000+05:30","1340","CARD","Mobile","CA","CA","1","1488","29","1747","false","false","0.7670","0"
"V2TXN-001294","CUST-V2-0418","2025-06-14T10:23:28.0940000+05:30","1356","UPI","Mobile","IN","IN","1","1038","27","970","false","false","1.3979","0"
"V2TXN-001295","CUST-V2-0394","2025-06-14T11:21:33.0890000+05:30","458","UPI","Mobile","IN","IN","0","1132","30","431","false","false","1.0626","0"
"V2TXN-001296","CUST-V2-0817","2025-06-14T12:24:54.5180000+05:30","3368","UPI","Mobile","SG","SG","0","1200","26","5690","false","false","0.5919","0"
"V2TXN-001297","CUST-V2-0593","2025-06-14T16:04:08.5510000+05:30","4332","UPI","Mobile","IN","IN","0","522","6","3710","false","false","1.1677","0"
"V2TXN-001298","CUST-V2-0498","2025-06-14T16:57:42.6660000+05:30","12702","CARD","Mobile","US","IN","0","144","4","4051","false","true","3.1355","1"
"V2TXN-001299","CUST-V2-0159","2025-06-14T18:59:08.6830000+05:30","2948","UPI","Mobile","CA","CA","0","1488","30","1734","false","false","1.7001","0"
"V2TXN-001300","CUST-V2-0144","2025-06-14T20:56:35.5610000+05:30","271","CARD","Tablet","US","US","0","121","6","355","false","false","0.7634","0"
"V2TXN-001301","CUST-V2-0634","2025-06-14T22:43:42.4330000+05:30","7015","WALLET","Mobile","US","US","0","1130","25","5131","false","false","1.3672","0"
"V2TXN-001302","CUST-V2-0827","2025-06-14T23:17:41.8350000+05:30","25190","CARD","Mobile","IN","IN","0","158","3","32466","false","false","0.7759","0"
"V2TXN-001303","CUST-V2-0406","2025-06-15T00:06:39.6070000+05:30","1581","UPI","Mobile","IN","IN","0","153","7","1952","false","false","0.8099","0"
"V2TXN-001304","CUST-V2-0493","2025-06-15T01:32:49.4330000+05:30","1347","CARD","Desktop","IN","IN","0","188","1","849","false","false","1.5866","0"
"V2TXN-001305","CUST-V2-0768","2025-06-15T06:50:51.4360000+05:30","1487","NETBANKING","Mobile","IN","IN","0","816","12","1080","false","false","1.3769","0"
"V2TXN-001306","CUST-V2-0825","2025-06-15T08:24:41.3150000+05:30","1466","UPI","Desktop","IN","IN","0","1255","15","1334","false","false","1.0990","0"
"V2TXN-001307","CUST-V2-0822","2025-06-15T18:20:52.8290000+05:30","729","UPI","Desktop","SG","SG","0","164","4","1079","false","false","0.6756","0"
"V2TXN-001308","CUST-V2-0132","2025-06-15T20:45:59.9040000+05:30","2116","UPI","Desktop","IN","IN","2","1301","27","1650","false","false","1.2824","0"
"V2TXN-001309","CUST-V2-0252","2025-06-15T21:34:48.9420000+05:30","351","NETBANKING","Tablet","AE","AE","0","1510","21","787","false","false","0.4460","0"
"V2TXN-001310","CUST-V2-0373","2025-06-15T22:57:44.2610000+05:30","4469","UPI","Mobile","IN","IN","0","743","16","3135","false","false","1.4255","0"
"V2TXN-001311","CUST-V2-0235","2025-06-16T02:44:01.2760000+05:30","9428","CARD","Mobile","US","US","1","168","2","9888","false","false","0.9535","0"
"V2TXN-001312","CUST-V2-0012","2025-06-16T04:39:58.2490000+05:30","3430","BANK_TRANSFER","Mobile","GB","GB","0","176","4","5186","false","false","0.6614","0"
"V2TXN-001313","CUST-V2-0643","2025-06-16T07:03:54.2790000+05:30","1959","UPI","Mobile","IN","IN","0","1098","25","3710","false","false","0.5280","1"
"V2TXN-001314","CUST-V2-0382","2025-06-16T09:09:48.6420000+05:30","1397","WALLET","Mobile","IN","IN","0","155","5","1046","false","false","1.3356","0"
"V2TXN-001315","CUST-V2-0513","2025-06-16T15:59:31.6570000+05:30","2789","CARD","Desktop","GB","IN","4","1020","18","1469","false","true","1.8986","1"
"V2TXN-001316","CUST-V2-0716","2025-06-16T17:14:01.4890000+05:30","1110","WALLET","Desktop","IN","IN","0","74","2","1638","false","false","0.6777","0"
"V2TXN-001317","CUST-V2-0846","2025-06-16T18:54:02.3120000+05:30","667","NETBANKING","Desktop","IN","IN","0","157","5","782","false","false","0.8529","0"
"V2TXN-001318","CUST-V2-0727","2025-06-16T19:40:50.3810000+05:30","817","CARD","Mobile","SG","SG","1","927","23","821","false","false","0.9951","0"
"V2TXN-001319","CUST-V2-0514","2025-06-16T19:43:47.3480000+05:30","539","UPI","Mobile","IN","IN","3","1360","31","705","false","false","0.7645","0"
"V2TXN-001320","CUST-V2-0419","2025-06-16T21:19:27.5460000+05:30","7722","UPI","Desktop","IN","IN","0","848","25","4667","false","false","1.6546","0"
"V2TXN-001321","CUST-V2-0994","2025-06-16T21:20:11.3270000+05:30","2601","UPI","Mobile","IN","IN","1","1015","15","1656","false","false","1.5707","0"
"V2TXN-001322","CUST-V2-0709","2025-06-16T21:24:02.7440000+05:30","3450","WALLET","Desktop","IN","IN","0","273","8","3232","false","false","1.0675","0"
"V2TXN-001323","CUST-V2-0538","2025-06-17T01:43:49.9120000+05:30","5794","NETBANKING","Mobile","IN","IN","0","892","20","3962","false","false","1.4624","0"
"V2TXN-001324","CUST-V2-0578","2025-06-17T05:35:56.3170000+05:30","2163","NETBANKING","Desktop","AU","IN","0","497","12","1822","false","true","1.1872","1"
"V2TXN-001325","CUST-V2-0648","2025-06-17T08:08:16.5310000+05:30","1009","NETBANKING","Desktop","IN","IN","0","732","20","1711","false","false","0.5897","0"
"V2TXN-001326","CUST-V2-0750","2025-06-17T13:37:01.8090000+05:30","5702","CARD","Mobile","DE","DE","0","1568","15","3766","false","false","1.5141","0"
"V2TXN-001327","CUST-V2-0471","2025-06-17T13:48:36.0220000+05:30","3246","CARD","Mobile","IN","IN","0","1178","13","2352","false","false","1.3801","0"
"V2TXN-001328","CUST-V2-0273","2025-06-17T17:40:59.1810000+05:30","693","CARD","Mobile","IN","IN","1","1082","26","912","false","false","0.7599","0"
"V2TXN-001329","CUST-V2-0573","2025-06-17T17:46:13.8500000+05:30","2834","UPI","Desktop","IN","IN","0","1392","39","3350","false","false","0.8460","0"
"V2TXN-001330","CUST-V2-0156","2025-06-17T18:57:18.9750000+05:30","2038","UPI","Mobile","IN","IN","0","892","20","2267","false","false","0.8990","0"
"V2TXN-001331","CUST-V2-0631","2025-06-17T21:34:21.4250000+05:30","429","UPI","Desktop","IN","IN","1","615","13","573","false","false","0.7487","1"
"V2TXN-001332","CUST-V2-0465","2025-06-17T23:41:35.5130000+05:30","4979","NETBANKING","Mobile","IN","IN","0","787","15","3984","false","false","1.2497","0"
"V2TXN-001333","CUST-V2-0149","2025-06-18T03:05:52.7950000+05:30","21455","CARD","Desktop","IN","IN","0","154","1","13949","false","false","1.5381","0"
"V2TXN-001334","CUST-V2-0949","2025-06-18T04:46:00.5970000+05:30","2013","UPI","Tablet","IN","IN","0","892","13","2109","false","false","0.9545","0"
"V2TXN-001335","CUST-V2-0547","2025-06-18T06:16:35.1040000+05:30","5929","NETBANKING","Tablet","GB","GB","0","1477","32","5451","false","false","1.0877","0"
"V2TXN-001336","CUST-V2-0001","2025-06-18T12:26:16.5330000+05:30","2881","BANK_TRANSFER","Tablet","IN","IN","0","158","3","2150","false","false","1.34","0"
"V2TXN-001337","CUST-V2-0403","2025-06-18T14:36:07.1750000+05:30","1117","NETBANKING","Desktop","IN","IN","0","130","4","812","false","false","1.3756","0"
"V2TXN-001338","CUST-V2-0965","2025-06-18T14:55:44.7990000+05:30","2609","UPI","Desktop","GB","GB","0","750","15","1619","false","false","1.6115","0"
"V2TXN-001339","CUST-V2-0958","2025-06-18T15:36:08.0360000+05:30","491","WALLET","Mobile","IN","IN","1","1084","18","912","false","false","0.5384","0"
"V2TXN-001340","CUST-V2-0486","2025-06-18T21:24:41.1370000+05:30","1491","UPI","Desktop","SG","SG","1","698","8","1927","false","false","0.7737","0"
"V2TXN-001341","CUST-V2-0781","2025-06-18T23:51:33.7490000+05:30","2484","UPI","Mobile","AU","AU","0","143","1","1756","false","false","1.4146","0"
"V2TXN-001342","CUST-V2-0206","2025-06-19T00:46:21.4220000+05:30","654","CARD","Mobile","US","US","0","159","5","876","false","false","0.7466","0"
"V2TXN-001343","CUST-V2-0884","2025-06-19T05:06:16.7660000+05:30","1002","CARD","Mobile","IN","IN","0","1121","24","1335","false","false","0.7506","0"
"V2TXN-001344","CUST-V2-0208","2025-06-19T05:58:46.4350000+05:30","4005","BANK_TRANSFER","Mobile","IN","IN","0","1092","23","1788","false","false","2.2399","0"
"V2TXN-001345","CUST-V2-0213","2025-06-19T06:42:36.0300000+05:30","2317","UPI","Mobile","DE","DE","0","179","5","2979","false","false","0.7778","0"
"V2TXN-001346","CUST-V2-0349","2025-06-19T07:23:12.8060000+05:30","1116","NETBANKING","Mobile","SG","SG","0","242","5","1054","false","false","1.0588","0"
"V2TXN-001347","CUST-V2-0784","2025-06-19T07:35:11.8430000+05:30","1749","WALLET","Mobile","CA","CA","0","591","13","1549","false","false","1.1291","0"
"V2TXN-001348","CUST-V2-0796","2025-06-19T08:42:47.0130000+05:30","469","NETBANKING","Desktop","US","US","0","1189","22","794","false","false","0.5907","0"
"V2TXN-001349","CUST-V2-0257","2025-06-19T09:40:39.4460000+05:30","7763","CARD","Desktop","IN","IN","0","623","11","5398","false","false","1.4381","1"
"V2TXN-001350","CUST-V2-0382","2025-06-19T11:45:54.9450000+05:30","921","WALLET","Desktop","IN","IN","0","158","6","1105","false","false","0.8335","0"
"V2TXN-001351","CUST-V2-0311","2025-06-19T11:56:35.5680000+05:30","3401","BANK_TRANSFER","Mobile","IN","IN","0","1367","36","3814","false","false","0.8917","0"
"V2TXN-001352","CUST-V2-0159","2025-06-19T12:17:06.4460000+05:30","3059","UPI","Mobile","CA","CA","0","1493","31","1773","false","false","1.7253","0"
"V2TXN-001353","CUST-V2-0259","2025-06-19T13:58:43.6790000+05:30","1723","CARD","Mobile","IN","IN","0","1377","26","1370","false","false","1.2577","0"
"V2TXN-001354","CUST-V2-0698","2025-06-19T15:06:26.8190000+05:30","1329","UPI","Mobile","IN","IN","0","411","11","873","false","false","1.5223","0"
"V2TXN-001355","CUST-V2-0013","2025-06-19T16:38:26.1230000+05:30","577","UPI","Desktop","GB","GB","0","1109","21","623","false","false","0.9262","0"
"V2TXN-001356","CUST-V2-0105","2025-06-19T17:32:22.5600000+05:30","451","CARD","Tablet","IN","IN","0","695","10","677","false","false","0.6662","0"
"V2TXN-001357","CUST-V2-0723","2025-06-19T19:40:19.3440000+05:30","775","CARD","Mobile","IN","IN","2","178","3","2199","false","false","0.3524","1"
"V2TXN-001358","CUST-V2-0644","2025-06-19T22:16:35.1000000+05:30","784","UPI","Desktop","SG","SG","0","116","1","1152","false","false","0.6806","0"
"V2TXN-001359","CUST-V2-0442","2025-06-20T01:21:51.6270000+05:30","3592","CARD","Mobile","IN","IN","0","356","9","2379","false","false","1.5099","0"
"V2TXN-001360","CUST-V2-0750","2025-06-20T02:41:06.7980000+05:30","1495","CARD","Mobile","DE","DE","5","1571","16","3887","false","false","0.3846","1"
"V2TXN-001361","CUST-V2-0193","2025-06-20T03:15:55.6310000+05:30","713","CARD","Mobile","US","US","1","498","6","2146","false","false","0.3322","0"
"V2TXN-001362","CUST-V2-0625","2025-06-20T03:24:49.3240000+05:30","13580","UPI","Tablet","SG","SG","0","241","5","7738","false","false","1.7550","0"
"V2TXN-001363","CUST-V2-0371","2025-06-20T05:50:36.7990000+05:30","2460","NETBANKING","Desktop","DE","DE","0","1112","31","1270","false","false","1.9370","0"
"V2TXN-001364","CUST-V2-0770","2025-06-20T06:31:24.9690000+05:30","664","CARD","Mobile","IN","IN","0","737","18","694","false","false","0.9568","0"
"V2TXN-001365","CUST-V2-0028","2025-06-20T09:22:20.9260000+05:30","670","UPI","Desktop","IN","IN","0","435","5","682","false","false","0.9824","0"
"V2TXN-001366","CUST-V2-0452","2025-06-20T12:22:40.3860000+05:30","1173","WALLET","Mobile","IN","IN","0","773","24","1438","false","false","0.8157","0"
"V2TXN-001367","CUST-V2-0110","2025-06-20T14:32:32.4840000+05:30","3179","UPI","Mobile","IN","IN","0","1469","17","2337","false","false","1.3603","0"
"V2TXN-001368","CUST-V2-0007","2025-06-20T15:51:12.4910000+05:30","9831","CARD","Desktop","IN","IN","1","1313","19","3790","false","false","2.5939","1"
"V2TXN-001369","CUST-V2-0131","2025-06-20T16:53:49.2460000+05:30","418","NETBANKING","Mobile","IN","IN","0","710","9","474","false","false","0.8819","0"
"V2TXN-001370","CUST-V2-0263","2025-06-20T17:57:45.9190000+05:30","4652","WALLET","Mobile","US","US","1","158","3","3158","false","false","1.4731","0"
"V2TXN-001371","CUST-V2-0156","2025-06-20T18:20:05.0710000+05:30","2193","UPI","Mobile","IN","IN","0","895","21","2256","false","false","0.9721","0"
"V2TXN-001372","CUST-V2-0239","2025-06-20T21:19:09.1810000+05:30","6428","NETBANKING","Mobile","IN","IN","0","124","4","4601","false","false","1.3971","0"
"V2TXN-001373","CUST-V2-0577","2025-06-20T22:19:55.0060000+05:30","2829","CARD","Desktop","IN","IN","2","939","25","2267","false","false","1.2479","1"
"V2TXN-001374","CUST-V2-0004","2025-06-20T23:33:48.2830000+05:30","7693","CARD","Desktop","US","IN","1","143","2","2108","false","true","3.6494","1"
"V2TXN-001375","CUST-V2-0887","2025-06-21T03:14:56.3300000+05:30","3895","CARD","Tablet","IN","IN","0","1081","24","2664","false","false","1.4621","0"
"V2TXN-001376","CUST-V2-0572","2025-06-21T03:27:44.7440000+05:30","13108","CARD","Mobile","IN","US","0","142","2","12349","false","true","1.0615","1"
"V2TXN-001377","CUST-V2-0476","2025-06-21T03:55:25.4000000+05:30","1366","UPI","Mobile","IN","IN","0","1278","15","652","false","false","2.0951","0"
"V2TXN-001378","CUST-V2-0305","2025-06-21T04:35:56.8540000+05:30","2430","WALLET","Desktop","IN","IN","0","402","4","4061","false","false","0.5984","0"
"V2TXN-001379","CUST-V2-0123","2025-06-21T06:07:52.5430000+05:30","1321","UPI","Mobile","IN","IN","1","153","4","1439","false","false","0.9180","0"
"V2TXN-001380","CUST-V2-0089","2025-06-21T07:57:38.6940000+05:30","2139","UPI","Desktop","IN","IN","0","137","4","2462","false","false","0.8688","0"
"V2TXN-001381","CUST-V2-0887","2025-06-21T09:53:32.0060000+05:30","3811","WALLET","Desktop","IN","IN","0","1081","25","2713","false","false","1.4047","1"
"V2TXN-001382","CUST-V2-0481","2025-06-21T15:28:16.5380000+05:30","1065","CARD","Mobile","IN","IN","0","1173","33","1482","false","false","0.7186","0"
"V2TXN-001383","CUST-V2-0766","2025-06-21T17:33:45.2810000+05:30","1977","WALLET","Mobile","IN","IN","0","1457","37","2181","false","false","0.9065","0"
"V2TXN-001384","CUST-V2-0819","2025-06-21T18:13:05.9500000+05:30","1132","UPI","Mobile","IN","IN","0","101","2","1586","false","false","0.7137","0"
"V2TXN-001385","CUST-V2-0300","2025-06-21T18:23:53.7880000+05:30","242","NETBANKING","Mobile","IN","IN","0","1084","14","406","false","false","0.5961","0"
"V2TXN-001386","CUST-V2-0030","2025-06-21T21:40:56.4780000+05:30","1655","UPI","Mobile","IN","IN","0","175","3","2214","false","false","0.7475","0"
"V2TXN-001387","CUST-V2-0727","2025-06-21T23:03:19.5570000+05:30","513","CARD","Mobile","SG","SG","1","932","24","821","false","false","0.6248","0"
"V2TXN-001388","CUST-V2-0626","2025-06-22T00:14:29.8640000+05:30","1453","CARD","Mobile","US","US","6","384","10","3304","false","false","0.4398","1"
"V2TXN-001389","CUST-V2-0922","2025-06-22T01:55:56.1010000+05:30","1571","UPI","Mobile","GB","GB","0","1232","33","2119","false","false","0.7414","0"
"V2TXN-001390","CUST-V2-0821","2025-06-22T05:29:17.6180000+05:30","17208","CARD","Tablet","IN","IN","1","161","3","16402","false","false","1.0491","0"
"V2TXN-001391","CUST-V2-0822","2025-06-22T05:45:55.4850000+05:30","1133","UPI","Desktop","SG","SG","0","171","5","1009","false","false","1.1229","0"
"V2TXN-001392","CUST-V2-0615","2025-06-22T08:16:32.5250000+05:30","754","UPI","Mobile","SG","SG","3","430","5","1057","false","false","0.7133","0"
"V2TXN-001393","CUST-V2-0075","2025-06-22T12:41:27.4240000+05:30","2458","UPI","Tablet","US","US","1","1101","20","3266","false","false","0.7526","0"
"V2TXN-001394","CUST-V2-0543","2025-06-22T14:09:51.3910000+05:30","2530","CARD","Mobile","IN","IN","0","1386","38","1870","false","false","1.3529","0"
"V2TXN-001395","CUST-V2-0258","2025-06-22T15:42:31.5540000+05:30","1269","UPI","Desktop","IN","IN","0","289","4","2758","false","false","0.4601","0"
"V2TXN-001396","CUST-V2-0562","2025-06-22T20:36:49.8100000+05:30","485","NETBANKING","Tablet","IN","IN","0","1369","21","568","false","false","0.8539","0"
"V2TXN-001397","CUST-V2-0958","2025-06-22T22:08:43.2350000+05:30","701","WALLET","Mobile","IN","IN","1","1088","19","889","false","false","0.7885","0"
"V2TXN-001398","CUST-V2-0911","2025-06-22T23:49:51.4040000+05:30","3041","CARD","Tablet","CA","CA","0","152","3","3334","false","false","0.9121","0"
"V2TXN-001399","CUST-V2-0429","2025-06-23T00:14:37.5570000+05:30","4759","NETBANKING","Mobile","SG","SG","0","1538","41","4269","false","false","1.1148","0"
"V2TXN-001400","CUST-V2-0761","2025-06-23T02:17:27.7420000+05:30","697","UPI","Desktop","US","IN","0","1038","18","423","false","true","1.6478","1"
"V2TXN-001401","CUST-V2-0696","2025-06-23T05:28:39.7000000+05:30","3251","UPI","Mobile","GB","GB","0","1487","29","3244","false","false","1.0022","0"
"V2TXN-001402","CUST-V2-0350","2025-06-23T09:44:16.4390000+05:30","532","WALLET","Desktop","IN","IN","0","142","4","940","false","false","0.5660","0"
"V2TXN-001403","CUST-V2-0882","2025-06-23T12:05:23.0950000+05:30","2774","BANK_TRANSFER","Mobile","SG","SG","0","182","3","3230","false","false","0.8588","0"
"V2TXN-001404","CUST-V2-0514","2025-06-23T14:16:25.0720000+05:30","420","UPI","Mobile","IN","IN","0","1367","32","700","false","false","0.6","0"
"V2TXN-001405","CUST-V2-0517","2025-06-23T14:56:26.9150000+05:30","2319","WALLET","Mobile","IN","IN","0","181","3","1996","false","false","1.1618","0"
"V2TXN-001406","CUST-V2-0218","2025-06-23T16:20:08.9630000+05:30","1554","UPI","Mobile","IN","IN","0","1503","45","1745","false","false","0.8905","0"
"V2TXN-001407","CUST-V2-0552","2025-06-23T16:47:08.4770000+05:30","1051","WALLET","Mobile","US","US","0","155","4","1832","false","false","0.5737","0"
"V2TXN-001408","CUST-V2-0402","2025-06-23T17:31:57.5630000+05:30","2053","CARD","Tablet","DE","DE","1","1141","15","1843","false","false","1.1139","0"
"V2TXN-001409","CUST-V2-0479","2025-06-23T19:14:49.9850000+05:30","2372","NETBANKING","Mobile","IN","IN","1","511","6","2094","false","false","1.1328","0"
"V2TXN-001410","CUST-V2-0369","2025-06-23T22:17:35.1230000+05:30","1942","CARD","Mobile","IN","IN","0","137","4","1465","false","false","1.3256","0"
"V2TXN-001411","CUST-V2-0109","2025-06-23T23:19:08.3220000+05:30","1155","CARD","Desktop","IN","IN","0","165","1","1341","false","false","0.8613","0"
"V2TXN-001412","CUST-V2-0172","2025-06-24T01:45:47.9710000+05:30","1444","UPI","Desktop","CA","CA","0","140","2","1360","false","false","1.0618","0"
"V2TXN-001413","CUST-V2-0268","2025-06-24T02:32:56.8020000+05:30","644","CARD","Desktop","AU","AU","0","147","1","756","false","false","0.8519","0"
"V2TXN-001414","CUST-V2-0493","2025-06-24T07:13:22.7660000+05:30","3088","CARD","Mobile","IN","IN","2","197","2","1098","false","false","2.8124","0"
"V2TXN-001415","CUST-V2-0674","2025-06-24T07:45:37.2060000+05:30","6576","WALLET","Tablet","IN","IN","0","1280","22","5245","false","false","1.2538","1"
"V2TXN-001416","CUST-V2-0949","2025-06-24T10:28:01.1890000+05:30","4608","UPI","Mobile","IN","IN","0","898","14","2103","false","false","2.1912","0"
"V2TXN-001417","CUST-V2-0980","2025-06-24T10:45:25.7500000+05:30","1994","NETBANKING","Desktop","IN","US","0","1394","23","1095","false","true","1.8210","1"
"V2TXN-001418","CUST-V2-0538","2025-06-24T13:36:33.8840000+05:30","5691","NETBANKING","Mobile","IN","IN","0","899","21","4049","false","false","1.4055","0"
"V2TXN-001419","CUST-V2-0123","2025-06-24T15:18:29.3180000+05:30","946","UPI","Mobile","IN","IN","1","156","5","1416","false","false","0.6681","0"
"V2TXN-001420","CUST-V2-0946","2025-06-24T21:26:08.0020000+05:30","3267","UPI","Mobile","CA","CA","0","379","7","5522","false","false","0.5916","0"
"V2TXN-001421","CUST-V2-0162","2025-06-25T01:09:53.5190000+05:30","600","UPI","Mobile","CA","CA","0","186","3","805","false","false","0.7453","0"
"V2TXN-001422","CUST-V2-0709","2025-06-25T07:01:13.7730000+05:30","4283","WALLET","Desktop","IN","IN","0","282","9","3256","false","false","1.3154","0"
"V2TXN-001423","CUST-V2-0004","2025-06-25T13:00:21.1890000+05:30","6391","UPI","Mobile","IN","IN","1","147","3","3969","false","false","1.6102","0"
"V2TXN-001424","CUST-V2-0124","2025-06-25T15:37:17.3860000+05:30","672","CARD","Mobile","SA","SA","0","1088","30","992","false","false","0.6774","0"
"V2TXN-001425","CUST-V2-0862","2025-06-25T20:16:31.6540000+05:30","1475","CARD","Mobile","CA","CA","0","796","10","2075","false","false","0.7108","0"
"V2TXN-001426","CUST-V2-0814","2025-06-26T00:18:28.8110000+05:30","1328","UPI","Desktop","IN","IN","0","160","4","936","false","false","1.4188","0"
"V2TXN-001427","CUST-V2-0350","2025-06-26T00:35:16.3520000+05:30","1150","CARD","Desktop","IN","IN","6","145","5","859","false","false","1.3388","1"
"V2TXN-001428","CUST-V2-0714","2025-06-26T01:52:05.8210000+05:30","5863","WALLET","Tablet","IN","IN","0","944","10","3139","false","false","1.8678","1"
"V2TXN-001429","CUST-V2-0146","2025-06-26T03:41:38.2060000+05:30","755","CARD","Mobile","US","US","0","1059","16","841","false","false","0.8977","0"
"V2TXN-001430","CUST-V2-0368","2025-06-26T11:23:51.3600000+05:30","522","CARD","Mobile","IN","IN","2","1119","18","1103","false","false","0.4733","0"
"V2TXN-001431","CUST-V2-0782","2025-06-26T14:21:22.3730000+05:30","4937","WALLET","Desktop","SA","SA","2","704","9","1850","false","false","2.6686","1"
"V2TXN-001432","CUST-V2-0610","2025-06-26T14:47:10.2170000+05:30","1311","CARD","Mobile","AU","US","2","586","16","2206","false","true","0.5943","1"
"V2TXN-001433","CUST-V2-0043","2025-06-26T14:48:46.7200000+05:30","239","CARD","Tablet","CA","CA","1","160","1","556","false","false","0.4299","0"
"V2TXN-001434","CUST-V2-0891","2025-06-26T16:49:22.9090000+05:30","4411","UPI","Desktop","US","US","0","565","10","3126","false","false","1.4111","0"
"V2TXN-001435","CUST-V2-0732","2025-06-26T18:49:05.8370000+05:30","2086","BANK_TRANSFER","Mobile","GB","GB","0","1569","34","2354","false","false","0.8862","0"
"V2TXN-001436","CUST-V2-0345","2025-06-26T21:07:45.6760000+05:30","2840","UPI","Desktop","US","US","0","999","28","5095","false","false","0.5574","0"
"V2TXN-001437","CUST-V2-0840","2025-06-26T23:30:57.8450000+05:30","599","CARD","Mobile","IN","IN","0","146","2","923","false","false","0.6490","0"
"V2TXN-001438","CUST-V2-0776","2025-06-27T00:52:51.4400000+05:30","487","UPI","Mobile","CA","CA","0","192","1","826","false","false","0.5896","0"
"V2TXN-001439","CUST-V2-0285","2025-06-27T02:18:03.0580000+05:30","804","CARD","Mobile","IN","IN","0","90","2","949","false","false","0.8472","0"
"V2TXN-001440","CUST-V2-0607","2025-06-27T02:34:09.6770000+05:30","807","UPI","Mobile","IN","IN","0","975","26","845","false","false","0.9550","0"
"V2TXN-001441","CUST-V2-0683","2025-06-27T08:37:52.6370000+05:30","379","CARD","Mobile","DE","DE","2","1384","21","1706","false","false","0.2222","1"
"V2TXN-001442","CUST-V2-0295","2025-06-27T12:29:19.7100000+05:30","2245","WALLET","Desktop","SG","SG","1","226","5","1280","false","false","1.7539","1"
"V2TXN-001443","CUST-V2-0121","2025-06-27T17:34:39.3360000+05:30","3216","CARD","Mobile","IN","IN","0","793","15","2438","false","false","1.3191","0"
"V2TXN-001444","CUST-V2-0932","2025-06-27T23:17:04.3670000+05:30","2997","CARD","Desktop","IN","IN","0","896","26","2384","false","false","1.2571","0"
"V2TXN-001445","CUST-V2-0825","2025-06-28T06:23:37.7050000+05:30","3699","CARD","Desktop","AU","IN","4","1268","16","1342","false","true","2.7563","1"
"V2TXN-001446","CUST-V2-0452","2025-06-28T07:34:57.0710000+05:30","1094","WALLET","Mobile","IN","IN","0","781","25","1427","false","false","0.7666","0"
"V2TXN-001447","CUST-V2-0319","2025-06-28T07:43:21.4290000+05:30","6716","WALLET","Desktop","SA","SA","0","649","18","4175","false","false","1.6086","0"
"V2TXN-001448","CUST-V2-0169","2025-06-28T07:55:55.3980000+05:30","221","CARD","Mobile","IN","IN","1","934","22","310","false","false","0.7129","0"
"V2TXN-001449","CUST-V2-0816","2025-06-28T11:27:39.1710000+05:30","4055","UPI","Mobile","SG","SG","0","1241","18","4179","false","false","0.9703","0"
"V2TXN-001450","CUST-V2-0170","2025-06-28T13:50:32.6130000+05:30","4024","UPI","Desktop","US","US","0","990","21","3646","false","false","1.1037","0"
"V2TXN-001451","CUST-V2-0625","2025-06-28T14:52:48.1590000+05:30","13061","UPI","Tablet","SG","SG","0","250","6","8711","false","false","1.4994","0"
"V2TXN-001452","CUST-V2-0918","2025-06-28T21:29:50.1630000+05:30","7409","CARD","Mobile","IN","IN","0","658","13","5001","false","false","1.4815","0"
"V2TXN-001453","CUST-V2-0274","2025-06-28T22:43:00.1270000+05:30","1029","CARD","Mobile","US","US","1","1146","23","1930","false","false","0.5332","0"
"V2TXN-001454","CUST-V2-0243","2025-06-29T05:57:23.0690000+05:30","832","CARD","Mobile","GB","GB","1","1084","19","659","false","false","1.2625","0"
"V2TXN-001455","CUST-V2-0002","2025-06-29T06:00:14.5200000+05:30","4183","BANK_TRANSFER","Mobile","IN","IN","0","1299","35","4064","false","false","1.0293","0"
"V2TXN-001456","CUST-V2-0728","2025-06-29T07:56:28.5930000+05:30","6404","CARD","Desktop","SA","SA","0","142","4","11007","false","false","0.5818","0"
"V2TXN-001457","CUST-V2-0353","2025-06-29T08:23:34.3530000+05:30","1035","NETBANKING","Desktop","AE","AE","0","177","3","1209","false","false","0.8561","0"
"V2TXN-001458","CUST-V2-0473","2025-06-29T10:11:39.8250000+05:30","1142","UPI","Mobile","IN","IN","0","1266","35","1377","false","false","0.8293","0"
"V2TXN-001459","CUST-V2-0226","2025-06-29T11:20:01.2520000+05:30","2674","CARD","Desktop","US","SG","0","543","7","1925","false","true","1.3891","1"
"V2TXN-001460","CUST-V2-0610","2025-06-29T15:25:20.4390000+05:30","3337","WALLET","Desktop","US","US","0","589","17","2154","false","false","1.5492","0"
"V2TXN-001461","CUST-V2-0514","2025-06-29T16:07:03.6840000+05:30","599","UPI","Mobile","IN","IN","0","1373","33","692","false","false","0.8656","0"
"V2TXN-001462","CUST-V2-0778","2025-06-29T17:23:26.8340000+05:30","139","CARD","Desktop","US","GB","2","618","14","1022","false","true","0.1360","1"
"V2TXN-001463","CUST-V2-0838","2025-06-29T20:06:51.9980000+05:30","1475","WALLET","Desktop","IN","IN","1","1009","10","1516","false","false","0.9730","1"
"V2TXN-001464","CUST-V2-0502","2025-06-29T21:29:28.2500000+05:30","16968","WALLET","Mobile","IN","IN","1","147","3","4612","false","false","3.6791","0"
"V2TXN-001465","CUST-V2-0068","2025-06-29T22:44:20.8980000+05:30","2593","CARD","Mobile","IN","IN","2","1050","22","2540","false","false","1.0209","0"
"V2TXN-001466","CUST-V2-0426","2025-06-29T22:58:49.0470000+05:30","6776","NETBANKING","Mobile","IN","IN","0","207","4","2396","false","false","2.8280","0"
"V2TXN-001467","CUST-V2-0245","2025-06-30T15:02:18.8530000+05:30","1802","NETBANKING","Tablet","IN","IN","0","666","8","1549","false","false","1.1633","0"
"V2TXN-001468","CUST-V2-0027","2025-06-30T23:40:09.4520000+05:30","2805","CARD","Mobile","IN","IN","0","448","8","1546","false","false","1.8144","0"
"V2TXN-001469","CUST-V2-0814","2025-07-01T01:49:36.3120000+05:30","2325","UPI","Desktop","IN","IN","0","165","5","1015","false","false","2.2906","0"
"V2TXN-001470","CUST-V2-0878","2025-07-01T02:19:43.8390000+05:30","2821","CARD","Mobile","US","US","1","1436","32","3381","false","false","0.8344","0"
"V2TXN-001471","CUST-V2-0899","2025-07-01T10:20:57.6880000+05:30","446","UPI","Mobile","AU","AU","0","139","2","831","false","false","0.5367","0"
"V2TXN-001472","CUST-V2-0147","2025-07-01T10:54:31.8090000+05:30","13800","UPI","Desktop","US","US","0","157","2","11457","false","false","1.2045","0"
"V2TXN-001473","CUST-V2-0400","2025-07-01T12:12:24.1080000+05:30","1871","UPI","Mobile","IN","IN","1","1129","18","1124","false","false","1.6646","0"
"V2TXN-001474","CUST-V2-0844","2025-07-01T14:47:45.0240000+05:30","690","BANK_TRANSFER","Mobile","IN","IN","0","1258","15","785","false","false","0.8790","0"
"V2TXN-001475","CUST-V2-0536","2025-07-01T15:07:26.1270000+05:30","1491","UPI","Desktop","IN","IN","1","1442","37","1396","false","false","1.0681","0"
"V2TXN-001476","CUST-V2-0811","2025-07-01T15:24:47.7890000+05:30","1623","WALLET","Mobile","GB","GB","0","164","2","1548","false","false","1.0484","0"
"V2TXN-001477","CUST-V2-0893","2025-07-01T16:25:30.5010000+05:30","1353","UPI","Mobile","IN","IN","0","419","11","952","false","false","1.4212","0"
"V2TXN-001478","CUST-V2-0112","2025-07-01T18:58:56.1250000+05:30","1924","NETBANKING","Desktop","AU","AU","0","1082","29","2148","false","false","0.8957","0"
"V2TXN-001479","CUST-V2-0072","2025-07-01T19:54:29.0920000+05:30","10812","UPI","Mobile","GB","GB","0","1378","38","3550","false","false","3.0456","0"
"V2TXN-001480","CUST-V2-0268","2025-07-01T23:16:19.9860000+05:30","750","UPI","Desktop","AU","AU","0","155","2","700","false","false","1.0714","0"
"V2TXN-001481","CUST-V2-0349","2025-07-02T00:28:55.6540000+05:30","1723","NETBANKING","Mobile","SG","SG","1","255","6","1064","false","false","1.6194","0"
"V2TXN-001482","CUST-V2-0759","2025-07-02T00:47:48.1330000+05:30","5155","NETBANKING","Desktop","IN","IN","0","173","5","4627","false","false","1.1141","1"
"V2TXN-001483","CUST-V2-0069","2025-07-02T03:43:15.9230000+05:30","1116","CARD","Mobile","IN","IN","1","302","6","1369","false","false","0.8152","0"
"V2TXN-001484","CUST-V2-0951","2025-07-02T05:35:26.4170000+05:30","1317","WALLET","Mobile","IN","IN","0","153","3","1754","false","false","0.7509","0"
"V2TXN-001485","CUST-V2-0064","2025-07-02T07:43:37.8890000+05:30","2704","BANK_TRANSFER","Desktop","SG","SG","0","1280","21","1887","false","false","1.4330","0"
"V2TXN-001486","CUST-V2-0452","2025-07-02T12:12:03.1510000+05:30","3838","CARD","Desktop","AU","IN","3","785","26","1414","false","true","2.7143","1"
"V2TXN-001487","CUST-V2-0360","2025-07-02T12:23:40.7340000+05:30","2483","NETBANKING","Mobile","IN","IN","4","192","3","1998","false","false","1.2427","0"
"V2TXN-001488","CUST-V2-0680","2025-07-02T14:54:24.0590000+05:30","1121","UPI","Mobile","AE","AE","0","161","4","1510","false","false","0.7424","0"
"V2TXN-001489","CUST-V2-0308","2025-07-02T19:26:52.4750000+05:30","2179","UPI","Desktop","US","US","1","166","3","2696","false","false","0.8082","0"
"V2TXN-001490","CUST-V2-0353","2025-07-02T20:47:42.5980000+05:30","1343","BANK_TRANSFER","Desktop","AE","AE","0","181","4","1165","false","false","1.1528","0"
"V2TXN-001491","CUST-V2-0364","2025-07-03T00:52:00.0740000+05:30","2921","CARD","Mobile","CA","CA","0","1267","32","3461","false","false","0.8440","0"
"V2TXN-001492","CUST-V2-0839","2025-07-03T00:56:46.0880000+05:30","321","UPI","Mobile","GB","GB","0","934","19","851","false","false","0.3772","0"
"V2TXN-001493","CUST-V2-0824","2025-07-03T01:54:16.9560000+05:30","1766","CARD","Mobile","IN","IN","0","1274","19","1827","false","false","0.9666","0"
"V2TXN-001494","CUST-V2-0405","2025-07-03T04:53:58.0750000+05:30","3324","WALLET","Mobile","IN","IN","1","1278","24","3944","false","false","0.8428","0"
"V2TXN-001495","CUST-V2-0018","2025-07-03T07:49:18.7620000+05:30","747","WALLET","Desktop","IN","IN","1","876","27","782","false","false","0.9552","0"
"V2TXN-001496","CUST-V2-0491","2025-07-03T07:56:30.8870000+05:30","702","CARD","Mobile","IN","IN","1","174","1","1034","false","false","0.6789","0"
"V2TXN-001497","CUST-V2-0470","2025-07-03T08:19:44.6520000+05:30","651","CARD","Tablet","IN","IN","5","853","17","1074","false","false","0.6061","0"
"V2TXN-001498","CUST-V2-0191","2025-07-03T09:33:03.1580000+05:30","2140","UPI","Mobile","SG","SG","0","331","9","2053","false","false","1.0424","0"
"V2TXN-001499","CUST-V2-0554","2025-07-03T09:57:14.5430000+05:30","3508","WALLET","Desktop","IN","IN","0","742","14","2531","false","false","1.3860","0"
"V2TXN-001500","CUST-V2-0914","2025-07-03T10:10:19.8090000+05:30","3561","CARD","Desktop","US","IN","2","413","8","3520","false","true","1.0116","0"
"V2TXN-001501","CUST-V2-0681","2025-07-03T15:24:19.0880000+05:30","2254","WALLET","Desktop","IN","IN","0","1370","21","2065","false","false","1.0915","0"
"V2TXN-001502","CUST-V2-0254","2025-07-03T16:52:52.9290000+05:30","1424","UPI","Mobile","SG","SG","0","299","3","1875","false","false","0.7595","0"
"V2TXN-001503","CUST-V2-0432","2025-07-03T19:21:54.6640000+05:30","1192","CARD","Mobile","IN","IN","0","176","4","1145","false","false","1.0410","0"
"V2TXN-001504","CUST-V2-0407","2025-07-03T20:15:43.1720000+05:30","5426","CARD","Desktop","IN","IN","0","231","4","3001","false","false","1.8081","0"
"V2TXN-001505","CUST-V2-0214","2025-07-03T21:47:20.0230000+05:30","438","CARD","Tablet","DE","IN","0","576","9","900","false","true","0.4867","1"
"V2TXN-001506","CUST-V2-0969","2025-07-03T23:16:54.7500000+05:30","690","NETBANKING","Desktop","IN","IN","0","179","1","1128","false","false","0.6117","0"
"V2TXN-001507","CUST-V2-0161","2025-07-04T01:46:01.1350000+05:30","17884","CARD","Tablet","IN","IN","0","197","3","18684","false","false","0.9572","0"
"V2TXN-001508","CUST-V2-0870","2025-07-04T02:03:42.7120000+05:30","1716","WALLET","Mobile","IN","IN","0","651","13","1690","false","false","1.0154","0"
"V2TXN-001509","CUST-V2-0340","2025-07-04T03:19:12.6370000+05:30","1736","UPI","Mobile","US","US","0","849","8","2551","false","false","0.6805","0"
"V2TXN-001510","CUST-V2-0224","2025-07-04T04:04:07.6840000+05:30","751","CARD","Mobile","IN","IN","0","1238","29","1184","false","false","0.6343","0"
"V2TXN-001511","CUST-V2-0746","2025-07-04T06:58:42.3340000+05:30","1684","CARD","Mobile","GB","GB","0","1521","37","1010","false","false","1.6673","0"
"V2TXN-001512","CUST-V2-0471","2025-07-04T09:53:24.8990000+05:30","2950","CARD","Mobile","IN","IN","0","1195","14","2416","false","false","1.2210","0"
"V2TXN-001513","CUST-V2-0331","2025-07-04T13:17:24.6060000+05:30","1153","CARD","Mobile","IN","IN","0","1057","26","1084","false","false","1.0637","0"
"V2TXN-001514","CUST-V2-0389","2025-07-04T14:12:43.2840000+05:30","933","CARD","Mobile","IN","IN","0","1253","30","620","false","false","1.5048","0"
"V2TXN-001515","CUST-V2-0372","2025-07-04T16:47:52.7240000+05:30","1357","CARD","Mobile","AE","AE","2","726","13","1091","false","false","1.2438","1"
"V2TXN-001516","CUST-V2-0621","2025-07-04T19:03:16.7340000+05:30","846","CARD","Mobile","IN","IN","0","706","14","2116","false","false","0.3998","0"
"V2TXN-001517","CUST-V2-0399","2025-07-04T20:01:22.3720000+05:30","775","WALLET","Desktop","US","US","0","164","2","657","false","false","1.1796","0"
"V2TXN-001518","CUST-V2-0486","2025-07-04T20:49:59.8620000+05:30","981","UPI","Desktop","SG","SG","1","714","9","1878","false","false","0.5224","0"
"V2TXN-001519","CUST-V2-0118","2025-07-04T21:36:59.5880000+05:30","1132","CARD","Mobile","SG","SG","0","175","3","1729","false","false","0.6547","0"
"V2TXN-001520","CUST-V2-0672","2025-07-04T22:53:41.9410000+05:30","2058","WALLET","Mobile","IN","IN","0","683","13","1662","false","false","1.2383","0"
"V2TXN-001521","CUST-V2-0194","2025-07-04T23:35:46.0380000+05:30","2364","CARD","Mobile","IN","IN","0","1366","37","2136","false","false","1.1067","0"
"V2TXN-001522","CUST-V2-0442","2025-07-04T23:50:27.0330000+05:30","2401","CARD","Mobile","IN","IN","0","371","10","2500","false","false","0.9604","0"
"V2TXN-001523","CUST-V2-0819","2025-07-05T15:30:32.9320000+05:30","1098","CARD","Mobile","IN","IN","0","115","3","1435","false","false","0.7652","1"
"V2TXN-001524","CUST-V2-0681","2025-07-05T17:24:49.8740000+05:30","3247","WALLET","Desktop","IN","IN","0","1372","22","2074","false","false","1.5656","0"
"V2TXN-001525","CUST-V2-0549","2025-07-05T18:39:33.2770000+05:30","7020","NETBANKING","Tablet","CA","CA","0","633","15","3087","false","false","2.2741","0"
"V2TXN-001526","CUST-V2-0822","2025-07-05T21:44:37.9580000+05:30","672","UPI","Desktop","SG","SG","1","184","6","1030","false","false","0.6524","0"
"V2TXN-001527","CUST-V2-0312","2025-07-06T00:08:42.9080000+05:30","4462","CARD","Desktop","SG","SG","1","1344","27","3063","false","false","1.4567","0"
"V2TXN-001528","CUST-V2-0168","2025-07-06T01:37:44.6910000+05:30","2240","UPI","Desktop","US","US","1","1439","37","1485","false","false","1.5084","0"
"V2TXN-001529","CUST-V2-0163","2025-07-06T06:39:04.6900000+05:30","1194","UPI","Mobile","GB","GB","0","385","5","811","false","false","1.4723","0"
"V2TXN-001530","CUST-V2-0251","2025-07-06T06:44:32.4890000+05:30","3024","BANK_TRANSFER","Mobile","AE","AE","0","693","11","2854","false","false","1.0596","0"
"V2TXN-001531","CUST-V2-0096","2025-07-06T08:45:23.9100000+05:30","5894","UPI","Desktop","IN","IN","1","889","23","5234","false","false","1.1261","0"
"V2TXN-001532","CUST-V2-0266","2025-07-06T10:26:36.8690000+05:30","1509","NETBANKING","Desktop","IN","IN","0","693","18","903","false","false","1.6711","0"
"V2TXN-001533","CUST-V2-0909","2025-07-06T13:15:02.6410000+05:30","3028","CARD","Mobile","IN","IN","2","569","8","3128","false","false","0.9680","0"
"V2TXN-001534","CUST-V2-0358","2025-07-06T17:11:04.5230000+05:30","602","CARD","Mobile","IN","IN","0","1439","36","771","false","false","0.7808","0"
"V2TXN-001535","CUST-V2-0006","2025-07-06T17:12:00.3930000+05:30","698","UPI","Mobile","IN","IN","1","1407","29","1318","false","false","0.5296","0"
"V2TXN-001536","CUST-V2-0861","2025-07-06T18:36:02.8840000+05:30","1778","UPI","Mobile","IN","IN","0","783","20","2238","false","false","0.7945","0"
"V2TXN-001537","CUST-V2-0954","2025-07-06T18:59:42.3090000+05:30","1492","WALLET","Desktop","IN","IN","1","419","6","1448","false","false","1.0304","0"
"V2TXN-001538","CUST-V2-0307","2025-07-06T19:17:27.2820000+05:30","996","CARD","Mobile","IN","IN","0","1113","19","686","false","false","1.4519","0"
"V2TXN-001539","CUST-V2-0698","2025-07-06T19:38:31.7250000+05:30","581","UPI","Mobile","IN","IN","0","428","12","911","false","false","0.6378","0"
"V2TXN-001540","CUST-V2-0743","2025-07-06T22:59:45.7270000+05:30","5490","CARD","Mobile","DE","DE","0","179","1","5000","false","false","1.098","0"
"V2TXN-001541","CUST-V2-0422","2025-07-07T00:29:53.8410000+05:30","1369","WALLET","Mobile","AU","AU","0","919","27","1131","false","false","1.2104","0"
"V2TXN-001542","CUST-V2-0085","2025-07-07T01:38:15.4470000+05:30","3462","UPI","Mobile","SG","SG","0","546","14","4128","false","false","0.8387","0"
"V2TXN-001543","CUST-V2-0607","2025-07-07T01:54:15.8020000+05:30","496","UPI","Mobile","IN","IN","0","985","27","844","false","false","0.5877","0"
"V2TXN-001544","CUST-V2-0361","2025-07-07T03:43:51.4590000+05:30","1491","CARD","Mobile","US","IN","1","1307","21","699","false","true","2.1330","1"
"V2TXN-001545","CUST-V2-0093","2025-07-07T04:11:11.8870000+05:30","584","CARD","Mobile","IN","IN","0","170","5","580","false","false","1.0069","0"
"V2TXN-001546","CUST-V2-0555","2025-07-07T11:56:44.1080000+05:30","2832","WALLET","Desktop","SG","IN","1","1452","17","1079","false","true","2.6247","1"
"V2TXN-001547","CUST-V2-0522","2025-07-07T16:55:51.3290000+05:30","1894","CARD","Desktop","IN","IN","0","532","8","2293","false","false","0.8260","0"
"V2TXN-001548","CUST-V2-0844","2025-07-07T17:11:17.4820000+05:30","668","BANK_TRANSFER","Mobile","IN","IN","0","1264","16","779","false","false","0.8575","0"
"V2TXN-001549","CUST-V2-0538","2025-07-07T20:01:31.5530000+05:30","6069","NETBANKING","Mobile","IN","IN","0","913","22","4124","false","false","1.4716","0"
"V2TXN-001550","CUST-V2-0408","2025-07-07T20:15:52.7940000+05:30","2864","WALLET","Desktop","IN","IN","0","1343","35","3432","false","false","0.8345","0"
"V2TXN-001551","CUST-V2-0431","2025-07-07T20:23:01.0750000+05:30","2250","CARD","Desktop","GB","GB","4","1450","35","1764","false","false","1.2755","1"
"V2TXN-001552","CUST-V2-0917","2025-07-08T01:17:35.5150000+05:30","3603","CARD","Tablet","IN","IN","0","157","2","6762","false","false","0.5328","0"
"V2TXN-001553","CUST-V2-0842","2025-07-08T01:21:00.1230000+05:30","2409","NETBANKING","Mobile","SG","SG","0","143","3","2473","false","false","0.9741","0"
"V2TXN-001554","CUST-V2-0884","2025-07-08T02:18:21.9780000+05:30","1932","CARD","Desktop","IN","IN","0","1140","25","1321","false","false","1.4625","0"
"V2TXN-001555","CUST-V2-0189","2025-07-08T07:45:48.1370000+05:30","1004","UPI","Desktop","IN","IN","0","1372","35","1539","false","false","0.6524","0"
"V2TXN-001556","CUST-V2-0627","2025-07-08T07:56:18.1280000+05:30","501","WALLET","Mobile","GB","GB","0","119","3","515","false","false","0.9728","0"
"V2TXN-001557","CUST-V2-0738","2025-07-08T10:35:15.8930000+05:30","1765","CARD","Desktop","AE","IN","0","212","4","1551","false","true","1.1380","1"
"V2TXN-001558","CUST-V2-0788","2025-07-08T11:07:56.4300000+05:30","9185","BANK_TRANSFER","Mobile","SA","SA","1","166","8","6335","false","false","1.4499","0"
"V2TXN-001559","CUST-V2-0309","2025-07-08T16:54:27.1620000+05:30","4066","NETBANKING","Desktop","IN","IN","0","657","17","2557","false","false","1.5901","0"
"V2TXN-001560","CUST-V2-0787","2025-07-08T18:30:22.6070000+05:30","5692","UPI","Mobile","IN","IN","0","1286","33","2819","false","false","2.0192","0"
"V2TXN-001561","CUST-V2-0405","2025-07-08T22:26:43.5610000+05:30","1744","WALLET","Mobile","IN","IN","0","1284","25","3919","false","false","0.4450","0"
"V2TXN-001562","CUST-V2-0813","2025-07-08T23:48:57.2260000+05:30","64798","CARD","Desktop","AU","AU","0","198","4","145111","false","false","0.4465","0"
"V2TXN-001563","CUST-V2-0433","2025-07-09T00:40:52.1790000+05:30","6675","UPI","Desktop","IN","IN","0","198","4","9036","false","false","0.7387","0"
"V2TXN-001564","CUST-V2-0734","2025-07-09T00:50:47.0690000+05:30","1055","CARD","Desktop","IN","IN","1","535","16","1516","false","false","0.6959","1"
"V2TXN-001565","CUST-V2-0306","2025-07-09T05:07:46.1090000+05:30","1078","UPI","Desktop","DE","DE","1","759","11","1145","false","false","0.9415","0"
"V2TXN-001566","CUST-V2-0170","2025-07-09T07:39:17.3950000+05:30","3615","WALLET","Desktop","US","US","1","1001","22","3664","false","false","0.9866","0"
"V2TXN-001567","CUST-V2-0885","2025-07-09T07:40:51.2440000+05:30","1777","CARD","Desktop","IN","IN","1","202","4","1347","false","false","1.3192","1"
"V2TXN-001568","CUST-V2-0619","2025-07-09T12:25:14.7560000+05:30","1063","NETBANKING","Mobile","US","IN","0","1071","17","751","false","true","1.4154","0"
"V2TXN-001569","CUST-V2-0884","2025-07-09T17:12:10.6050000+05:30","2272","CARD","Mobile","IN","IN","0","1142","26","1345","false","false","1.6892","0"
"V2TXN-001570","CUST-V2-0691","2025-07-09T17:47:45.1960000+05:30","1552","CARD","Mobile","IN","IN","0","1278","18","1719","false","false","0.9029","0"
"V2TXN-001571","CUST-V2-0055","2025-07-09T21:46:56.4820000+05:30","1098","NETBANKING","Desktop","US","US","0","1159","31","1146","false","false","0.9581","0"
"V2TXN-001572","CUST-V2-0041","2025-07-10T01:56:17.1150000+05:30","11158","UPI","Desktop","IN","IN","0","157","3","12351","false","false","0.9034","0"
"V2TXN-001573","CUST-V2-0118","2025-07-10T02:37:28.6180000+05:30","1284","CARD","Mobile","SG","SG","1","180","4","1580","false","false","0.8127","0"
"V2TXN-001574","CUST-V2-0826","2025-07-10T03:03:58.6130000+05:30","2132","CARD","Mobile","GB","GB","0","1453","18","2869","false","false","0.7431","0"
"V2TXN-001575","CUST-V2-0318","2025-07-10T03:07:02.6730000+05:30","399","CARD","Desktop","IN","IN","5","775","10","2865","false","false","0.1393","1"
"V2TXN-001576","CUST-V2-0631","2025-07-10T05:29:55.0940000+05:30","706","UPI","Mobile","IN","IN","1","637","14","563","false","false","1.2540","0"
"V2TXN-001577","CUST-V2-0943","2025-07-10T05:55:25.4000000+05:30","2478","UPI","Desktop","CA","SG","1","658","12","1897","false","true","1.3063","1"
"V2TXN-001578","CUST-V2-0559","2025-07-10T06:05:10.8570000+05:30","2409","UPI","Mobile","IN","IN","1","809","11","1678","false","false","1.4356","0"
"V2TXN-001579","CUST-V2-0836","2025-07-10T07:19:53.5470000+05:30","1004","WALLET","Mobile","IN","IN","0","1469","29","671","false","false","1.4963","0"
"V2TXN-001580","CUST-V2-0498","2025-07-10T07:33:26.7840000+05:30","7032","CARD","Mobile","IN","IN","0","169","5","5781","false","false","1.2164","0"
"V2TXN-001581","CUST-V2-0410","2025-07-10T07:35:47.2860000+05:30","958","UPI","Desktop","IN","IN","0","910","25","967","false","false","0.9907","0"
"V2TXN-001582","CUST-V2-0410","2025-07-10T14:36:14.0490000+05:30","976","UPI","Desktop","IN","IN","0","910","26","966","false","false","1.0104","0"
"V2TXN-001583","CUST-V2-0278","2025-07-10T19:33:29.7070000+05:30","5835","UPI","Mobile","IN","IN","0","200","6","3934","false","false","1.4832","0"
"V2TXN-001584","CUST-V2-0629","2025-07-10T20:17:51.2100000+05:30","2449","WALLET","Mobile","DE","DE","0","152","2","3730","false","false","0.6566","0"
"V2TXN-001585","CUST-V2-0648","2025-07-11T01:11:55.6080000+05:30","1140","UPI","Desktop","IN","IN","0","756","21","1678","false","false","0.6794","0"
"V2TXN-001586","CUST-V2-0801","2025-07-11T01:30:50.4350000+05:30","1325","CARD","Mobile","IN","IN","0","248","4","1155","false","false","1.1472","0"
"V2TXN-001587","CUST-V2-0501","2025-07-11T02:19:56.6390000+05:30","2381","UPI","Desktop","IN","IN","0","875","24","1867","false","false","1.2753","0"
"V2TXN-001588","CUST-V2-0127","2025-07-11T03:59:37.5310000+05:30","2340","NETBANKING","Mobile","IN","IN","0","676","8","2111","false","false","1.1085","1"
"V2TXN-001589","CUST-V2-0682","2025-07-11T06:40:15.3720000+05:30","2123","CARD","Desktop","AU","IN","1","1555","32","1232","false","true","1.7232","1"
"V2TXN-001590","CUST-V2-0835","2025-07-11T07:33:46.8270000+05:30","3960","BANK_TRANSFER","Mobile","IN","IN","0","766","12","2927","false","false","1.3529","0"
"V2TXN-001591","CUST-V2-0046","2025-07-11T09:04:18.3820000+05:30","1637","UPI","Mobile","GB","GB","0","381","7","969","false","false","1.6894","0"
"V2TXN-001592","CUST-V2-0732","2025-07-11T12:19:21.9720000+05:30","882","BANK_TRANSFER","Mobile","GB","GB","0","1584","35","2347","false","false","0.3758","0"
"V2TXN-001593","CUST-V2-0961","2025-07-11T14:00:38.5930000+05:30","903","BANK_TRANSFER","Mobile","SA","SA","0","177","5","1433","false","false","0.6301","0"
"V2TXN-001594","CUST-V2-0072","2025-07-11T14:29:06.9660000+05:30","2328","UPI","Mobile","GB","GB","0","1388","39","3736","false","false","0.6231","0"
"V2TXN-001595","CUST-V2-0798","2025-07-11T16:59:45.5990000+05:30","1703","WALLET","Mobile","IN","IN","0","1367","40","1480","false","false","1.1507","0"
"V2TXN-001596","CUST-V2-0683","2025-07-11T18:37:01.0790000+05:30","2726","UPI","Mobile","DE","DE","0","1399","22","1645","false","false","1.6571","0"
"V2TXN-001597","CUST-V2-0196","2025-07-11T19:04:17.9560000+05:30","497","NETBANKING","Mobile","IN","IN","0","724","21","683","false","false","0.7277","0"
"V2TXN-001598","CUST-V2-0359","2025-07-11T19:52:46.0320000+05:30","593","UPI","Desktop","US","US","1","538","10","944","false","false","0.6282","0"
"V2TXN-001599","CUST-V2-0130","2025-07-11T21:48:25.0210000+05:30","1646","UPI","Mobile","SG","SG","0","591","8","1492","false","false","1.1032","0"
"V2TXN-001600","CUST-V2-0624","2025-07-12T02:03:41.1500000+05:30","1590","CARD","Mobile","IN","IN","0","186","3","1310","false","false","1.2137","0"
"V2TXN-001601","CUST-V2-0501","2025-07-12T04:23:12.9610000+05:30","1479","UPI","Desktop","IN","IN","0","876","25","1887","false","false","0.7838","0"
"V2TXN-001602","CUST-V2-0127","2025-07-12T06:47:38.3230000+05:30","1699","WALLET","Mobile","IN","IN","0","677","9","2137","false","false","0.7950","0"
"V2TXN-001603","CUST-V2-0274","2025-07-12T07:09:25.6180000+05:30","2520","CARD","Mobile","US","US","0","1159","24","1893","false","false","1.3312","0"
"V2TXN-001604","CUST-V2-0851","2025-07-12T07:55:35.4070000+05:30","1804","UPI","Desktop","US","US","0","1205","13","1176","false","false","1.5340","0"
"V2TXN-001605","CUST-V2-0162","2025-07-12T12:48:26.0270000+05:30","759","UPI","Mobile","CA","CA","0","204","4","754","false","false","1.0066","0"
"V2TXN-001606","CUST-V2-0841","2025-07-12T13:23:44.1280000+05:30","130180","UPI","Mobile","IN","IN","0","147","5","72611","false","false","1.7928","0"
"V2TXN-001607","CUST-V2-0688","2025-07-12T18:30:09.9240000+05:30","1013","CARD","Desktop","IN","IN","0","911","25","1195","false","false","0.8477","0"
"V2TXN-001608","CUST-V2-0251","2025-07-12T18:42:17.2000000+05:30","3061","BANK_TRANSFER","Mobile","AE","AE","0","699","12","2868","false","false","1.0673","0"
"V2TXN-001609","CUST-V2-0331","2025-07-12T20:22:20.1700000+05:30","1430","CARD","Mobile","IN","IN","1","1065","27","1086","false","false","1.3168","0"
"V2TXN-001610","CUST-V2-0106","2025-07-12T21:02:25.5430000+05:30","1973","UPI","Mobile","SG","SG","0","164","5","1976","false","false","0.9985","0"
"V2TXN-001611","CUST-V2-0190","2025-07-12T21:41:35.4270000+05:30","2871","WALLET","Mobile","IN","IN","0","165","2","3103","false","false","0.9252","0"
"V2TXN-001612","CUST-V2-0249","2025-07-12T23:14:21.6140000+05:30","1265","CARD","Desktop","IN","IN","0","1342","40","2384","false","false","0.5306","0"
"V2TXN-001613","CUST-V2-0312","2025-07-13T01:31:55.9700000+05:30","2672","CARD","Mobile","SG","SG","1","1351","28","3113","false","false","0.8583","0"
"V2TXN-001614","CUST-V2-0483","2025-07-13T03:15:41.0320000+05:30","2672","NETBANKING","Mobile","IN","IN","1","290","4","2827","false","false","0.9452","0"
"V2TXN-001615","CUST-V2-0108","2025-07-13T09:54:36.5610000+05:30","3268","WALLET","Mobile","AE","AE","0","1152","13","1923","false","false","1.6994","0"
"V2TXN-001616","CUST-V2-0313","2025-07-13T10:25:19.7230000+05:30","1491","CARD","Mobile","GB","GB","0","277","6","791","false","false","1.8850","0"
"V2TXN-001617","CUST-V2-0408","2025-07-13T14:24:26.4540000+05:30","2706","WALLET","Desktop","IN","IN","0","1349","36","3417","false","false","0.7919","0"
"V2TXN-001618","CUST-V2-0778","2025-07-13T17:54:19.6340000+05:30","854","UPI","Desktop","GB","GB","0","632","15","963","false","false","0.8868","0"
"V2TXN-001619","CUST-V2-0319","2025-07-13T20:48:22.9380000+05:30","6812","NETBANKING","Desktop","SA","SA","0","664","19","4309","false","false","1.5809","0"
"V2TXN-001620","CUST-V2-0331","2025-07-13T21:12:58.8390000+05:30","844","CARD","Mobile","IN","IN","2","1066","28","1098","false","false","0.7687","0"
"V2TXN-001621","CUST-V2-0038","2025-07-13T21:48:53.1040000+05:30","747","CARD","Mobile","US","US","0","218","3","814","false","false","0.9177","0"
"V2TXN-001622","CUST-V2-0837","2025-07-13T22:56:42.1130000+05:30","2527","NETBANKING","Desktop","IN","IN","0","566","11","1843","false","false","1.3711","0"
"V2TXN-001623","CUST-V2-0618","2025-07-13T23:00:50.6970000+05:30","21566","CARD","Desktop","GB","IN","4","1269","26","5538","false","true","3.8942","1"
"V2TXN-001624","CUST-V2-0245","2025-07-14T00:00:37.1380000+05:30","1756","CARD","Mobile","AE","IN","1","679","9","1577","false","true","1.1135","1"
"V2TXN-001625","CUST-V2-0272","2025-07-14T01:45:20.9290000+05:30","2265","UPI","Desktop","DE","DE","0","1272","37","1774","false","false","1.2768","0"
"V2TXN-001626","CUST-V2-0886","2025-07-14T01:56:15.7650000+05:30","4140","CARD","Desktop","GB","GB","1","1406","26","1275","false","false","3.2471","1"
"V2TXN-001627","CUST-V2-0387","2025-07-14T02:15:48.9180000+05:30","617","UPI","Mobile","IN","IN","0","454","6","630","false","false","0.9794","0"
"V2TXN-001628","CUST-V2-0375","2025-07-14T04:10:03.6770000+05:30","2161","BANK_TRANSFER","Desktop","IN","US","0","388","8","802","false","true","2.6945","1"
"V2TXN-001629","CUST-V2-0369","2025-07-14T05:17:56.6790000+05:30","1904","UPI","Mobile","IN","IN","0","157","5","1561","false","false","1.2197","0"
"V2TXN-001630","CUST-V2-0483","2025-07-14T06:33:30.0170000+05:30","2563","NETBANKING","Mobile","IN","IN","0","291","5","2796","false","false","0.9167","0"
"V2TXN-001631","CUST-V2-0742","2025-07-14T08:53:23.1390000+05:30","1759","UPI","Desktop","IN","IN","0","206","2","1464","false","false","1.2015","0"
"V2TXN-001632","CUST-V2-0904","2025-07-14T09:43:14.7890000+05:30","1687","CARD","Desktop","IN","IN","0","1344","18","848","false","false","1.9894","0"
"V2TXN-001633","CUST-V2-0821","2025-07-14T11:51:56.7140000+05:30","11967","CARD","Mobile","IN","IN","0","184","4","16604","false","false","0.7207","0"
"V2TXN-001634","CUST-V2-0208","2025-07-14T11:55:51.1580000+05:30","1493","BANK_TRANSFER","Mobile","IN","IN","0","1117","24","1880","false","false","0.7941","0"
"V2TXN-001635","CUST-V2-0901","2025-07-14T18:13:12.6510000+05:30","1105","UPI","Mobile","IN","IN","1","899","21","1048","false","false","1.0544","0"
"V2TXN-001636","CUST-V2-0501","2025-07-14T19:41:16.5320000+05:30","2052","UPI","Mobile","IN","IN","1","879","26","1872","false","false","1.0962","0"
"V2TXN-001637","CUST-V2-0351","2025-07-14T22:28:00.1630000+05:30","6135","UPI","Mobile","IN","IN","0","309","6","3999","false","false","1.5341","0"
"V2TXN-001638","CUST-V2-0862","2025-07-14T23:45:24.7830000+05:30","2178","CARD","Mobile","CA","CA","0","815","11","2020","false","false","1.0782","0"
"V2TXN-001639","CUST-V2-0519","2025-07-15T01:18:26.5560000+05:30","535","UPI","Mobile","IN","IN","0","735","18","653","false","false","0.8193","0"
"V2TXN-001640","CUST-V2-0137","2025-07-15T01:28:11.5600000+05:30","315","CARD","Mobile","IN","IN","2","802","21","3239","false","false","0.0973","0"
"V2TXN-001641","CUST-V2-0510","2025-07-15T01:29:51.0190000+05:30","576","NETBANKING","Desktop","IN","IN","0","188","3","609","false","false","0.9458","0"
"V2TXN-001642","CUST-V2-0612","2025-07-15T03:17:16.4950000+05:30","1693","UPI","Desktop","IN","IN","0","176","3","1538","false","false","1.1008","0"
"V2TXN-001643","CUST-V2-0062","2025-07-15T04:51:26.7760000+05:30","10929","CARD","Mobile","IN","IN","0","622","8","8143","false","false","1.3421","0"
"V2TXN-001644","CUST-V2-0772","2025-07-15T07:56:14.0880000+05:30","834","UPI","Mobile","IN","IN","0","1266","29","879","false","false","0.9488","0"
"V2TXN-001645","CUST-V2-0022","2025-07-15T11:12:28.2210000+05:30","4390","CARD","Mobile","SG","SG","1","576","9","5311","false","false","0.8266","0"
"V2TXN-001646","CUST-V2-0804","2025-07-15T23:54:40.7040000+05:30","1099","NETBANKING","Mobile","IN","IN","1","1410","33","1129","false","false","0.9734","0"
"V2TXN-001647","CUST-V2-0459","2025-07-16T06:53:46.5810000+05:30","3449","WALLET","Mobile","IN","IN","1","582","11","3943","false","false","0.8747","0"
"V2TXN-001648","CUST-V2-0225","2025-07-16T07:09:12.5870000+05:30","1474","UPI","Mobile","IN","IN","0","128","1","823","false","false","1.7910","0"
"V2TXN-001649","CUST-V2-0705","2025-07-16T07:57:49.2840000+05:30","811","UPI","Mobile","IN","IN","0","452","10","1479","false","false","0.5483","0"
"V2TXN-001650","CUST-V2-0824","2025-07-16T12:02:19.9410000+05:30","2819","CARD","Mobile","IN","IN","3","1287","20","1824","false","false","1.5455","0"
"V2TXN-001651","CUST-V2-0060","2025-07-16T13:13:50.2760000+05:30","2222","WALLET","Tablet","IN","IN","0","180","3","1373","false","false","1.6184","0"
"V2TXN-001652","CUST-V2-0400","2025-07-16T14:14:48.3050000+05:30","1980","CARD","Desktop","IN","IN","0","1144","19","1164","false","false","1.7010","1"
"V2TXN-001653","CUST-V2-0018","2025-07-16T17:28:05.8230000+05:30","1802","NETBANKING","Mobile","US","IN","2","890","28","781","false","true","2.3073","1"
"V2TXN-001654","CUST-V2-0522","2025-07-17T02:15:05.5640000+05:30","3258","UPI","Desktop","IN","IN","0","541","9","2249","false","false","1.4486","0"
"V2TXN-001655","CUST-V2-0759","2025-07-17T05:20:32.8210000+05:30","9190","CARD","Desktop","IN","IN","1","188","6","4715","false","false","1.9491","1"
"V2TXN-001656","CUST-V2-0390","2025-07-17T06:32:18.2210000+05:30","991","UPI","Mobile","IN","IN","0","199","3","1093","false","false","0.9067","0"
"V2TXN-001657","CUST-V2-0479","2025-07-17T08:16:13.8660000+05:30","2897","NETBANKING","Mobile","IN","IN","2","535","7","2134","false","false","1.3575","0"
"V2TXN-001658","CUST-V2-0951","2025-07-17T12:23:22.6350000+05:30","5388","UPI","Mobile","SG","IN","0","168","4","1645","false","true","3.2754","1"
"V2TXN-001659","CUST-V2-0909","2025-07-17T13:38:45.4720000+05:30","2838","CARD","Tablet","IN","IN","1","580","9","3117","false","false","0.9105","0"
"V2TXN-001660","CUST-V2-0676","2025-07-17T14:07:03.6590000+05:30","2079","UPI","Mobile","IN","IN","0","412","10","2243","false","false","0.9269","0"
"V2TXN-001661","CUST-V2-0043","2025-07-17T15:34:23.2030000+05:30","351","CARD","Mobile","CA","CA","1","181","2","398","false","false","0.8819","0"
"V2TXN-001662","CUST-V2-0046","2025-07-17T17:22:04.7720000+05:30","3074","BANK_TRANSFER","Mobile","GB","GB","0","387","8","1052","false","false","2.9221","0"
"V2TXN-001663","CUST-V2-0628","2025-07-17T23:19:21.8380000+05:30","16922","CARD","Mobile","SG","IN","2","1197","30","6286","false","true","2.6920","1"
"V2TXN-001664","CUST-V2-0874","2025-07-17T23:34:13.7310000+05:30","2261","BANK_TRANSFER","Mobile","IN","IN","0","550","13","1740","false","false","1.2994","0"
"V2TXN-001665","CUST-V2-0555","2025-07-18T02:32:53.4690000+05:30","906","WALLET","Mobile","IN","IN","1","1463","18","1176","false","false","0.7704","0"
"V2TXN-001666","CUST-V2-0675","2025-07-18T04:34:07.3440000+05:30","901","CARD","Mobile","GB","GB","1","1525","32","1927","false","false","0.4676","0"
"V2TXN-001667","CUST-V2-0670","2025-07-18T04:44:25.3450000+05:30","1250","UPI","Mobile","IN","IN","0","963","11","1470","false","false","0.8503","0"
"V2TXN-001668","CUST-V2-0282","2025-07-18T07:03:30.5180000+05:30","2744","CARD","Desktop","IN","IN","2","1199","22","1494","false","false","1.8367","1"
"V2TXN-001669","CUST-V2-0073","2025-07-18T09:31:00.5170000+05:30","686","UPI","Mobile","CA","CA","0","799","14","1321","false","false","0.5193","0"
"V2TXN-001670","CUST-V2-0672","2025-07-18T12:51:28.8690000+05:30","2094","WALLET","Mobile","IN","IN","0","697","14","1691","false","false","1.2383","0"
"V2TXN-001671","CUST-V2-0153","2025-07-18T16:18:24.2790000+05:30","1414","CARD","Mobile","IN","IN","4","1020","30","2596","false","false","0.5447","0"
"V2TXN-001672","CUST-V2-0769","2025-07-18T17:20:52.4050000+05:30","2433","UPI","Desktop","IN","IN","3","254","2","2120","false","false","1.1476","0"
"V2TXN-001673","CUST-V2-0907","2025-07-18T17:53:43.6770000+05:30","5973","BANK_TRANSFER","Mobile","IN","IN","0","882","24","4837","false","false","1.2349","0"
"V2TXN-001674","CUST-V2-0156","2025-07-18T17:59:17.7410000+05:30","2255","UPI","Mobile","IN","IN","0","923","22","2253","false","false","1.0009","0"
"V2TXN-001675","CUST-V2-0645","2025-07-18T19:39:43.6440000+05:30","5240","CARD","Mobile","IN","IN","0","1319","22","2372","false","false","2.2091","0"
"V2TXN-001676","CUST-V2-0306","2025-07-18T22:16:05.2460000+05:30","923","UPI","Desktop","DE","DE","0","769","12","1139","false","false","0.8104","0"
"V2TXN-001677","CUST-V2-0688","2025-07-19T00:09:09.5490000+05:30","1611","CARD","Desktop","IN","IN","1","917","26","1188","false","false","1.3561","0"
"V2TXN-001678","CUST-V2-0319","2025-07-19T05:15:49.1660000+05:30","5542","NETBANKING","Desktop","SA","SA","0","670","20","4434","false","false","1.2499","0"
"V2TXN-001679","CUST-V2-0165","2025-07-19T05:57:40.4350000+05:30","1198","CARD","Mobile","IN","IN","4","1110","31","442","false","false","2.7104","1"
"V2TXN-001680","CUST-V2-0257","2025-07-19T06:33:11.1060000+05:30","9051","CARD","Desktop","IN","IN","4","653","12","5595","false","false","1.6177","1"
"V2TXN-001681","CUST-V2-0482","2025-07-19T07:15:14.7280000+05:30","1421","UPI","Desktop","IN","IN","1","971","10","829","false","false","1.7141","0"
"V2TXN-001682","CUST-V2-0980","2025-07-19T07:54:27.5480000+05:30","1810","CARD","Desktop","US","US","0","1419","24","1133","false","false","1.5975","0"
"V2TXN-001683","CUST-V2-0423","2025-07-19T10:16:58.8910000+05:30","437","UPI","Desktop","AU","AU","0","1177","30","1206","false","false","0.3624","0"
"V2TXN-001684","CUST-V2-0594","2025-07-19T11:22:40.6200000+05:30","1541","WALLET","Mobile","GB","GB","0","252","7","1579","false","false","0.9759","0"
"V2TXN-001685","CUST-V2-0329","2025-07-19T11:42:07.4060000+05:30","735","CARD","Mobile","IN","IN","0","355","6","762","false","false","0.9646","0"
"V2TXN-001686","CUST-V2-0761","2025-07-19T12:20:03.6560000+05:30","551","UPI","Mobile","IN","IN","0","1064","19","438","false","false","1.2580","0"
"V2TXN-001687","CUST-V2-0947","2025-07-19T13:46:42.3530000+05:30","942","UPI","Mobile","AU","IN","1","204","5","828","false","true","1.1377","1"
"V2TXN-001688","CUST-V2-0288","2025-07-19T14:08:43.0250000+05:30","3149","CARD","Mobile","IN","IN","0","584","15","4868","false","false","0.6469","0"
"V2TXN-001689","CUST-V2-0174","2025-07-19T14:28:32.1890000+05:30","1420","CARD","Mobile","IN","IN","1","1296","35","1326","false","false","1.0709","0"
"V2TXN-001690","CUST-V2-0544","2025-07-19T16:33:51.7600000+05:30","1490","UPI","Desktop","IN","IN","0","1237","37","1920","false","false","0.7760","0"
"V2TXN-001691","CUST-V2-0538","2025-07-19T17:24:19.7050000+05:30","5558","NETBANKING","Mobile","IN","IN","0","925","23","4208","false","false","1.3208","0"
"V2TXN-001692","CUST-V2-0771","2025-07-19T19:20:39.8260000+05:30","2101","BANK_TRANSFER","Mobile","IN","IN","0","513","7","1998","false","false","1.0516","0"
"V2TXN-001693","CUST-V2-0015","2025-07-19T22:13:54.0300000+05:30","5004","UPI","Desktop","IN","IN","0","1083","20","4504","false","false","1.1110","0"
"V2TXN-001694","CUST-V2-0732","2025-07-19T22:29:39.2300000+05:30","2660","BANK_TRANSFER","Mobile","GB","GB","0","1592","36","2306","false","false","1.1535","0"
"V2TXN-001695","CUST-V2-0635","2025-07-20T01:50:47.7410000+05:30","825","CARD","Desktop","GB","GB","0","177","4","922","false","false","0.8948","0"
"V2TXN-001696","CUST-V2-0831","2025-07-20T02:49:37.2970000+05:30","549","UPI","Mobile","IN","IN","0","178","4","498","false","false","1.1024","0"
"V2TXN-001697","CUST-V2-0177","2025-07-20T04:36:20.4170000+05:30","3149","BANK_TRANSFER","Desktop","US","US","0","1106","32","1582","false","false","1.9905","0"
"V2TXN-001698","CUST-V2-0306","2025-07-20T05:45:25.5210000+05:30","1258","CARD","Desktop","DE","DE","0","770","13","1123","false","false","1.1202","0"
"V2TXN-001699","CUST-V2-0072","2025-07-20T08:15:06.3150000+05:30","4310","UPI","Mobile","GB","GB","0","1397","40","3701","false","false","1.1646","0"
"V2TXN-001700","CUST-V2-0537","2025-07-20T10:51:03.7990000+05:30","3666","UPI","Desktop","US","IN","2","540","15","5696","false","true","0.6436","1"
"V2TXN-001701","CUST-V2-0868","2025-07-20T11:26:56.9640000+05:30","3680","CARD","Mobile","IN","IN","0","190","2","3594","false","false","1.0239","0"
"V2TXN-001702","CUST-V2-0325","2025-07-20T12:25:05.0910000+05:30","813","CARD","Tablet","US","US","0","181","4","881","false","false","0.9228","0"
"V2TXN-001703","CUST-V2-0874","2025-07-20T14:53:40.6380000+05:30","2150","CARD","Mobile","IN","IN","0","553","14","1778","false","false","1.2092","0"
"V2TXN-001704","CUST-V2-0538","2025-07-20T15:58:05.8600000+05:30","2819","UPI","Mobile","IN","IN","0","926","24","4265","false","false","0.6610","1"
"V2TXN-001705","CUST-V2-0847","2025-07-20T16:26:40.7750000+05:30","653","BANK_TRANSFER","Desktop","IN","IN","1","472","10","414","false","false","1.5773","0"
"V2TXN-001706","CUST-V2-0741","2025-07-20T16:30:40.0020000+05:30","3861","CARD","Mobile","IN","IN","0","478","13","2666","false","false","1.4482","1"
"V2TXN-001707","CUST-V2-0886","2025-07-20T21:45:50.3670000+05:30","1315","CARD","Mobile","GB","GB","0","1413","27","1381","false","false","0.9522","0"
"V2TXN-001708","CUST-V2-0556","2025-07-20T22:20:35.2020000+05:30","3512","UPI","Mobile","IN","IN","0","389","10","3703","false","false","0.9484","0"
"V2TXN-001709","CUST-V2-0545","2025-07-21T00:19:03.1760000+05:30","10072","WALLET","Mobile","IN","IN","1","1695","42","7330","false","false","1.3741","0"
"V2TXN-001710","CUST-V2-0778","2025-07-21T02:59:28.9650000+05:30","771","UPI","Desktop","GB","GB","0","639","16","957","false","false","0.8056","0"
"V2TXN-001711","CUST-V2-0461","2025-07-21T06:10:40.5290000+05:30","1416","NETBANKING","Mobile","SG","SG","0","491","12","1855","false","false","0.7633","0"
"V2TXN-001712","CUST-V2-0468","2025-07-21T07:21:35.8120000+05:30","1566","UPI","Mobile","IN","IN","1","1459","32","2303","false","false","0.6800","0"
"V2TXN-001713","CUST-V2-0380","2025-07-21T11:32:06.1290000+05:30","1757","UPI","Desktop","SA","SA","0","470","9","1559","false","false","1.1270","0"
"V2TXN-001714","CUST-V2-0251","2025-07-21T14:02:41.5990000+05:30","2505","CARD","Desktop","IN","AE","0","708","13","2883","false","true","0.8689","1"
"V2TXN-001715","CUST-V2-0349","2025-07-21T14:09:17.4850000+05:30","1100","CARD","Mobile","SG","SG","0","274","7","1158","false","false","0.9499","0"
"V2TXN-001716","CUST-V2-0243","2025-07-21T15:47:12.7980000+05:30","839","WALLET","Mobile","GB","GB","0","1106","20","668","false","false","1.2560","0"
"V2TXN-001717","CUST-V2-0328","2025-07-21T15:48:32.2010000+05:30","6235","UPI","Mobile","SA","SA","0","643","16","5345","false","false","1.1665","0"
"V2TXN-001718","CUST-V2-0826","2025-07-21T19:59:30.5410000+05:30","2685","CARD","Mobile","GB","GB","0","1465","19","2830","false","false","0.9488","0"
"V2TXN-001719","CUST-V2-0159","2025-07-21T21:34:11.4320000+05:30","1740","UPI","Mobile","CA","CA","0","1526","32","1813","false","false","0.9597","0"
"V2TXN-001720","CUST-V2-0809","2025-07-21T23:50:40.9280000+05:30","1405","CARD","Desktop","US","IN","2","498","12","659","false","true","2.1320","1"
"V2TXN-001721","CUST-V2-0904","2025-07-22T00:34:34.2310000+05:30","604","UPI","Mobile","IN","IN","0","1352","19","892","false","false","0.6771","0"
"V2TXN-001722","CUST-V2-0688","2025-07-22T02:02:09.9500000+05:30","1728","CARD","Desktop","IN","IN","1","920","27","1204","false","false","1.4352","0"
"V2TXN-001723","CUST-V2-0694","2025-07-22T02:40:54.1790000+05:30","2560","NETBANKING","Mobile","AE","AE","0","474","12","1728","false","false","1.4815","0"
"V2TXN-001724","CUST-V2-0822","2025-07-22T03:13:13.0060000+05:30","705","UPI","Desktop","SG","SG","3","201","7","978","false","false","0.7209","0"
"V2TXN-001725","CUST-V2-0096","2025-07-22T04:33:56.3390000+05:30","4200","CARD","Mobile","IN","IN","0","905","24","5262","false","false","0.7982","0"
"V2TXN-001726","CUST-V2-0062","2025-07-22T04:56:18.3190000+05:30","12146","CARD","Mobile","IN","IN","0","629","9","8453","false","false","1.4369","0"
"V2TXN-001727","CUST-V2-0171","2025-07-22T05:52:25.3040000+05:30","680","CARD","Desktop","US","IN","5","1496","19","797","false","true","0.8532","1"
"V2TXN-001728","CUST-V2-0715","2025-07-22T06:20:09.2610000+05:30","370","WALLET","Desktop","AE","US","0","613","12","407","false","true","0.9091","0"
"V2TXN-001729","CUST-V2-0387","2025-07-22T07:57:44.4200000+05:30","628","UPI","Mobile","IN","IN","1","462","7","628","false","false","1","0"
"V2TXN-001730","CUST-V2-0851","2025-07-22T11:39:47.1040000+05:30","1275","UPI","Desktop","US","US","0","1215","14","1221","false","false","1.0442","0"
"V2TXN-001731","CUST-V2-0134","2025-07-22T12:01:16.6310000+05:30","2841","CARD","Desktop","AU","IN","3","847","22","1073","false","true","2.6477","1"
"V2TXN-001732","CUST-V2-0369","2025-07-22T15:12:31.8110000+05:30","1185","UPI","Mobile","IN","IN","0","166","6","1618","false","false","0.7324","0"
"V2TXN-001733","CUST-V2-0137","2025-07-22T15:53:56.6680000+05:30","2804","CARD","Mobile","IN","IN","2","810","22","3106","false","false","0.9028","0"
"V2TXN-001734","CUST-V2-0936","2025-07-22T19:34:52.0380000+05:30","268","UPI","Mobile","IN","IN","0","924","18","560","false","false","0.4786","0"
"V2TXN-001735","CUST-V2-0836","2025-07-22T23:20:23.2800000+05:30","870","WALLET","Tablet","IN","IN","0","1482","30","682","false","false","1.2757","0"
"V2TXN-001736","CUST-V2-0691","2025-07-23T00:03:17.3670000+05:30","2101","CARD","Mobile","IN","IN","0","1291","19","1710","false","false","1.2287","0"
"V2TXN-001737","CUST-V2-0910","2025-07-23T00:37:44.4430000+05:30","997","NETBANKING","Desktop","SA","SA","0","1538","30","2045","false","false","0.4875","0"
"V2TXN-001738","CUST-V2-0237","2025-07-23T00:39:27.3520000+05:30","928","UPI","Desktop","DE","DE","0","527","6","1085","false","false","0.8553","0"
"V2TXN-001739","CUST-V2-0506","2025-07-23T01:00:30.2250000+05:30","701","CARD","Desktop","IN","IN","0","692","14","1241","false","false","0.5649","0"
"V2TXN-001740","CUST-V2-0979","2025-07-23T21:03:15.7300000+05:30","1361","CARD","Mobile","AE","AE","6","1073","19","1256","false","false","1.0836","1"
"V2TXN-001741","CUST-V2-0128","2025-07-23T21:53:28.6030000+05:30","1210","CARD","Mobile","IN","IN","0","485","5","1115","false","false","1.0852","0"
"V2TXN-001742","CUST-V2-0827","2025-07-23T22:31:47.9370000+05:30","49977","CARD","Mobile","IN","IN","0","197","4","30647","false","false","1.6307","0"
"V2TXN-001743","CUST-V2-0446","2025-07-24T01:33:15.1640000+05:30","4300","UPI","Mobile","IN","IN","0","967","20","2029","false","false","2.1193","0"
"V2TXN-001744","CUST-V2-0726","2025-07-24T08:53:11.1960000+05:30","596","WALLET","Mobile","GB","GB","0","295","5","939","false","false","0.6347","0"
"V2TXN-001745","CUST-V2-0276","2025-07-24T08:56:48.8720000+05:30","658","CARD","Desktop","SA","SA","0","1281","28","703","false","false","0.9360","0"
"V2TXN-001746","CUST-V2-0440","2025-07-24T10:25:59.8310000+05:30","822","CARD","Mobile","GB","GB","0","695","12","715","false","false","1.1497","0"
"V2TXN-001747","CUST-V2-0849","2025-07-24T10:57:45.1480000+05:30","1459","UPI","Mobile","IN","IN","0","1335","17","948","false","false","1.5390","0"
"V2TXN-001748","CUST-V2-0515","2025-07-25T03:14:43.9180000+05:30","1304","CARD","Mobile","IN","IN","0","1216","21","1721","false","false","0.7577","0"
"V2TXN-001749","CUST-V2-0727","2025-07-25T03:21:08.1060000+05:30","2035","CARD","Mobile","SG","SG","0","965","25","809","false","false","2.5155","0"
"V2TXN-001750","CUST-V2-0293","2025-07-25T03:52:35.1050000+05:30","2491","CARD","Desktop","IN","IN","0","1441","37","1838","false","false","1.3553","0"
"V2TXN-001751","CUST-V2-0587","2025-07-25T11:58:19.4860000+05:30","978","UPI","Mobile","DE","DE","0","391","8","856","false","false","1.1425","0"
"V2TXN-001752","CUST-V2-0085","2025-07-25T17:52:42.7730000+05:30","3895","WALLET","Desktop","SG","SG","0","565","15","4084","false","false","0.9537","0"
"V2TXN-001753","CUST-V2-0269","2025-07-25T22:30:29.6160000+05:30","2160","UPI","Mobile","GB","GB","0","408","10","3063","false","false","0.7052","0"
"V2TXN-001754","CUST-V2-0171","2025-07-25T22:31:00.9780000+05:30","881","CARD","Desktop","CA","IN","4","1500","20","792","false","true","1.1124","1"
"V2TXN-001755","CUST-V2-0862","2025-07-25T22:36:25.1480000+05:30","2294","NETBANKING","Mobile","CA","CA","0","826","12","2033","false","false","1.1284","1"
"V2TXN-001756","CUST-V2-0625","2025-07-26T00:44:20.0840000+05:30","23965","UPI","Tablet","SG","SG","0","277","7","9333","false","false","2.5678","1"
"V2TXN-001757","CUST-V2-0389","2025-07-26T05:11:35.6280000+05:30","1151","UPI","Mobile","IN","IN","0","1275","31","630","false","false","1.8270","0"
"V2TXN-001758","CUST-V2-0523","2025-07-26T06:18:01.3360000+05:30","729","CARD","Tablet","IN","IN","0","456","12","665","false","false","1.0962","0"
"V2TXN-001759","CUST-V2-0290","2025-07-26T10:50:03.0820000+05:30","4017","NETBANKING","Mobile","IN","IN","0","1123","26","4734","false","false","0.8485","0"
"V2TXN-001760","CUST-V2-0573","2025-07-26T13:05:22.9840000+05:30","1827","CARD","Desktop","IN","IN","0","1431","40","3337","false","false","0.5475","0"
"V2TXN-001761","CUST-V2-0732","2025-07-26T14:12:46.8680000+05:30","1367","BANK_TRANSFER","Mobile","GB","GB","0","1599","37","2315","false","false","0.5905","0"
"V2TXN-001762","CUST-V2-0067","2025-07-26T18:03:06.9920000+05:30","2096","UPI","Mobile","DE","DE","1","192","3","1946","false","false","1.0771","0"
"V2TXN-001763","CUST-V2-0851","2025-07-26T18:39:50.4920000+05:30","999","CARD","Desktop","US","US","0","1219","15","1224","false","false","0.8162","0"
"V2TXN-001764","CUST-V2-0700","2025-07-27T00:10:11.7180000+05:30","351","UPI","Mobile","CA","CA","0","1161","14","342","false","false","1.0263","0"
"V2TXN-001765","CUST-V2-0458","2025-07-27T00:22:29.4020000+05:30","2025","UPI","Desktop","DE","IN","0","619","14","2019","false","true","1.0030","1"
"V2TXN-001766","CUST-V2-0163","2025-07-27T03:50:57.9210000+05:30","1631","CARD","Desktop","GB","GB","1","406","6","875","false","false","1.864","0"
"V2TXN-001767","CUST-V2-0045","2025-07-27T13:45:32.8300000+05:30","1630","UPI","Mobile","CA","CA","0","189","2","1948","false","false","0.8368","0"
"V2TXN-001768","CUST-V2-0861","2025-07-27T15:30:08.5110000+05:30","1967","UPI","Mobile","IN","IN","0","804","21","2216","false","false","0.8876","0"
"V2TXN-001769","CUST-V2-0871","2025-07-27T15:53:25.2250000+05:30","796","UPI","Desktop","IN","IN","0","801","11","1691","false","false","0.4707","0"
"V2TXN-001770","CUST-V2-0640","2025-07-27T16:27:02.5700000+05:30","6441","UPI","Desktop","IN","IN","1","1039","30","3519","false","false","1.8303","0"
"V2TXN-001771","CUST-V2-0641","2025-07-27T21:11:55.3380000+05:30","1473","UPI","Desktop","IN","IN","0","342","10","1707","false","false","0.8629","0"
"V2TXN-001772","CUST-V2-0316","2025-07-27T23:46:44.8320000+05:30","2125","CARD","Mobile","US","US","0","665","9","2816","false","false","0.7546","0"
"V2TXN-001773","CUST-V2-0894","2025-07-28T06:45:02.1150000+05:30","402","WALLET","Mobile","GB","GB","1","1269","28","860","false","false","0.4674","0"
"V2TXN-001774","CUST-V2-0798","2025-07-28T06:55:08.9400000+05:30","1638","WALLET","Mobile","IN","IN","1","1384","41","1486","false","false","1.1023","0"
"V2TXN-001775","CUST-V2-0764","2025-07-28T07:44:09.6700000+05:30","2295","CARD","Mobile","US","US","1","1163","13","2124","false","false","1.0805","0"
"V2TXN-001776","CUST-V2-0725","2025-07-28T10:18:48.5020000+05:30","495","CARD","Mobile","IN","IN","5","738","14","1187","false","false","0.4170","1"
"V2TXN-001777","CUST-V2-0029","2025-07-28T12:36:22.2600000+05:30","1793","UPI","Mobile","IN","IN","0","225","2","3506","false","false","0.5114","0"
"V2TXN-001778","CUST-V2-0957","2025-07-28T18:04:06.8540000+05:30","6280","CARD","Tablet","IN","IN","1","868","24","4305","false","false","1.4588","0"
"V2TXN-001779","CUST-V2-0008","2025-07-28T18:57:23.4550000+05:30","1767","CARD","Mobile","IN","IN","0","1160","17","1357","false","false","1.3021","0"
"V2TXN-001780","CUST-V2-0191","2025-07-28T21:27:32.0040000+05:30","5047","CARD","Tablet","IN","SG","1","356","10","2062","false","true","2.4476","0"
"V2TXN-001781","CUST-V2-0198","2025-07-29T01:44:46.7320000+05:30","4291","UPI","Mobile","GB","GB","0","298","7","3078","false","false","1.3941","0"
"V2TXN-001782","CUST-V2-0734","2025-07-29T03:17:01.4840000+05:30","1430","UPI","Desktop","IN","IN","0","555","17","1489","false","false","0.9604","0"
"V2TXN-001783","CUST-V2-0114","2025-07-29T04:19:59.7600000+05:30","12040","UPI","Mobile","AU","AU","0","707","17","11715","false","false","1.0277","1"
"V2TXN-001784","CUST-V2-0930","2025-07-29T04:44:13.3740000+05:30","6898","WALLET","Desktop","IN","IN","0","1120","13","2829","false","false","2.4383","0"
"V2TXN-001785","CUST-V2-0429","2025-07-29T04:51:19.1310000+05:30","3387","NETBANKING","Mobile","SG","SG","0","1575","42","4281","false","false","0.7912","0"
"V2TXN-001786","CUST-V2-0553","2025-07-29T05:04:48.8890000+05:30","3489","NETBANKING","Mobile","AE","IN","0","1533","40","4428","false","true","0.7879","1"
"V2TXN-001787","CUST-V2-0702","2025-07-29T05:57:26.5370000+05:30","1407","UPI","Mobile","US","US","1","438","10","1456","false","false","0.9663","0"
"V2TXN-001788","CUST-V2-0463","2025-07-29T07:24:09.7330000+05:30","6393","CARD","Mobile","IN","IN","0","662","9","4508","false","false","1.4181","0"
"V2TXN-001789","CUST-V2-0397","2025-07-29T10:02:57.7920000+05:30","1356","UPI","Mobile","IN","IN","0","706","14","1965","false","false","0.6901","0"
"V2TXN-001790","CUST-V2-0950","2025-07-29T12:41:27.1440000+05:30","2088","CARD","Tablet","SG","SG","1","928","26","2490","false","false","0.8386","0"
"V2TXN-001791","CUST-V2-0861","2025-07-29T14:56:41.1610000+05:30","1704","UPI","Mobile","IN","IN","0","806","22","2205","false","false","0.7728","0"
"V2TXN-001792","CUST-V2-0932","2025-07-29T21:10:58.2910000+05:30","1531","CARD","Desktop","IN","IN","0","928","27","2406","false","false","0.6363","0"
"V2TXN-001793","CUST-V2-0920","2025-07-29T21:58:11.2950000+05:30","3240","UPI","Mobile","IN","IN","1","1219","35","4018","false","false","0.8064","0"
"V2TXN-001794","CUST-V2-0796","2025-07-29T22:11:24.7150000+05:30","721","NETBANKING","Desktop","US","US","1","1229","23","780","false","false","0.9244","0"
"V2TXN-001795","CUST-V2-0759","2025-07-29T23:18:02.2850000+05:30","7174","UPI","Desktop","IN","IN","1","200","7","5355","false","false","1.3397","0"
"V2TXN-001796","CUST-V2-0057","2025-07-29T23:41:10.4430000+05:30","5634","UPI","Mobile","IN","IN","0","994","20","5598","false","false","1.0064","0"
"V2TXN-001797","CUST-V2-0583","2025-07-30T03:05:51.9660000+05:30","947","UPI","Mobile","US","IN","3","1046","18","946","false","true","1.0011","0"
"V2TXN-001798","CUST-V2-0237","2025-07-30T04:54:26.8270000+05:30","1437","UPI","Mobile","DE","DE","0","534","7","1063","false","false","1.3518","0"
"V2TXN-001799","CUST-V2-0649","2025-07-30T07:43:41.2720000+05:30","32383","CARD","Desktop","US","IN","4","170","5","13641","false","true","2.3739","1"
"V2TXN-001800","CUST-V2-0310","2025-07-30T09:25:16.0970000+05:30","3800","CARD","Desktop","IN","IN","0","169","1","1670","false","false","2.2754","0"
"V2TXN-001801","CUST-V2-0333","2025-07-30T10:44:15.6820000+05:30","557","CARD","Mobile","SG","SG","0","1328","32","1201","false","false","0.4638","0"
"V2TXN-001802","CUST-V2-0479","2025-07-30T16:39:10.4220000+05:30","2201","NETBANKING","Mobile","IN","IN","0","548","8","2229","false","false","0.9874","0"
"V2TXN-001803","CUST-V2-0959","2025-07-30T17:29:54.0720000+05:30","33105","UPI","Desktop","CA","CA","3","204","5","22334","false","false","1.4823","0"
"V2TXN-001804","CUST-V2-0307","2025-07-30T21:55:41.6880000+05:30","1556","CARD","Mobile","AE","IN","1","1137","20","702","false","true","2.2165","1"
"V2TXN-001805","CUST-V2-0888","2025-07-30T22:39:50.1410000+05:30","9670","NETBANKING","Desktop","US","US","1","207","3","8628","false","false","1.1208","0"
"V2TXN-001806","CUST-V2-0718","2025-07-30T23:16:27.4120000+05:30","1836","CARD","Mobile","GB","GB","0","189","5","1162","false","false","1.5800","0"
"V2TXN-001807","CUST-V2-0813","2025-07-30T23:35:13.3450000+05:30","158433","CARD","Desktop","AU","AU","0","220","5","129048","false","false","1.2277","0"
"V2TXN-001808","CUST-V2-0767","2025-07-31T03:48:27.5320000+05:30","776","UPI","Mobile","GB","GB","0","224","4","601","false","false","1.2912","0"
"V2TXN-001809","CUST-V2-0244","2025-07-31T06:55:17.6480000+05:30","2428","UPI","Mobile","IN","IN","0","1024","13","1276","false","false","1.9028","0"
"V2TXN-001810","CUST-V2-0337","2025-07-31T09:18:09.7970000+05:30","583","UPI","Mobile","IN","IN","1","256","4","562","false","false","1.0374","0"
"V2TXN-001811","CUST-V2-0157","2025-07-31T12:35:37.3050000+05:30","4823","UPI","Mobile","IN","IN","0","209","5","8311","false","false","0.5803","0"
"V2TXN-001812","CUST-V2-0752","2025-07-31T12:52:32.3930000+05:30","191","WALLET","Mobile","AE","SA","0","1064","17","284","false","true","0.6725","1"
"V2TXN-001813","CUST-V2-0169","2025-07-31T14:10:54.5500000+05:30","208","CARD","Mobile","IN","IN","0","967","23","306","false","false","0.6797","0"
"V2TXN-001814","CUST-V2-0244","2025-07-31T14:13:14.9330000+05:30","1530","CARD","Desktop","IN","IN","1","1024","14","1358","false","false","1.1267","1"
"V2TXN-001815","CUST-V2-0458","2025-07-31T14:33:50.9930000+05:30","2787","UPI","Desktop","IN","IN","0","624","15","2019","false","false","1.3804","0"
"V2TXN-001816","CUST-V2-0471","2025-07-31T16:24:46.2970000+05:30","2504","CARD","Desktop","IN","IN","0","1223","15","2452","false","false","1.0212","0"
"V2TXN-001817","CUST-V2-0961","2025-07-31T16:44:45.8880000+05:30","1759","BANK_TRANSFER","Mobile","SA","SA","2","197","6","1344","false","false","1.3088","0"
"V2TXN-001818","CUST-V2-0291","2025-07-31T21:10:11.0790000+05:30","1562","NETBANKING","Mobile","IN","IN","0","619","14","1900","false","false","0.8221","0"
"V2TXN-001819","CUST-V2-0597","2025-08-01T02:51:38.9020000+05:30","2660","UPI","Desktop","IN","IN","0","676","8","1745","false","false","1.5244","0"
"V2TXN-001820","CUST-V2-0921","2025-08-01T08:42:51.9470000+05:30","1272","UPI","Desktop","IN","IN","3","1327","14","1505","false","false","0.8452","0"
"V2TXN-001821","CUST-V2-0895","2025-08-01T12:10:42.2130000+05:30","2460","UPI","Mobile","IN","IN","0","1012","23","2858","false","false","0.8607","0"
"V2TXN-001822","CUST-V2-0555","2025-08-01T12:36:51.1710000+05:30","1606","WALLET","Mobile","IN","IN","0","1477","19","1162","false","false","1.3821","0"
"V2TXN-001823","CUST-V2-0652","2025-08-01T13:08:29.7800000+05:30","174","UPI","Mobile","IN","IN","0","211","4","194","false","false","0.8969","0"
"V2TXN-001824","CUST-V2-0504","2025-08-01T13:59:42.6780000+05:30","1651","UPI","Mobile","AE","AE","0","703","13","2356","false","false","0.7008","0"
"V2TXN-001825","CUST-V2-0333","2025-08-01T16:30:47.4340000+05:30","964","CARD","Mobile","SG","SG","0","1330","33","1181","false","false","0.8163","0"
"V2TXN-001826","CUST-V2-0994","2025-08-01T16:54:22.8220000+05:30","1498","CARD","Mobile","IN","IN","0","1060","16","1715","false","false","0.8735","0"
"V2TXN-001827","CUST-V2-0152","2025-08-01T18:56:38.0080000+05:30","1768","CARD","Mobile","AU","AU","0","1413","17","1906","false","false","0.9276","0"
"V2TXN-001828","CUST-V2-0082","2025-08-01T22:37:23.9310000+05:30","781","CARD","Desktop","IN","IN","0","647","12","1208","false","false","0.6465","0"
"V2TXN-001829","CUST-V2-0580","2025-08-01T22:58:26.9340000+05:30","14661","UPI","Mobile","IN","IN","1","211","2","14464","false","false","1.0136","0"
"V2TXN-001830","CUST-V2-0618","2025-08-02T01:54:55.1580000+05:30","8450","CARD","Desktop","IN","IN","0","1288","27","6132","false","false","1.3780","1"
"V2TXN-001831","CUST-V2-0171","2025-08-02T02:46:17.6660000+05:30","938","NETBANKING","Desktop","IN","IN","1","1507","21","796","false","false","1.1784","0"
"V2TXN-001832","CUST-V2-0394","2025-08-02T03:08:21.0440000+05:30","464","UPI","Mobile","IN","IN","1","1180","31","432","false","false","1.0741","0"
"V2TXN-001833","CUST-V2-0775","2025-08-02T04:33:17.7570000+05:30","3571","WALLET","Desktop","CA","CA","1","1431","25","3230","false","false","1.1056","0"
"V2TXN-001834","CUST-V2-0957","2025-08-02T08:16:12.3930000+05:30","2946","CARD","Mobile","IN","IN","0","873","25","4384","false","false","0.6720","0"
"V2TXN-001835","CUST-V2-0119","2025-08-02T10:57:25.8740000+05:30","1619","WALLET","Mobile","IN","IN","0","206","3","2547","false","false","0.6356","0"
"V2TXN-001836","CUST-V2-0283","2025-08-02T12:55:56.0530000+05:30","5184","CARD","Mobile","IN","IN","0","248","6","4690","false","false","1.1053","0"
"V2TXN-001837","CUST-V2-0317","2025-08-02T16:10:53.3070000+05:30","8150","CARD","Tablet","IN","IN","0","910","13","7578","false","false","1.0755","0"
"V2TXN-001838","CUST-V2-0053","2025-08-02T19:25:11.0950000+05:30","2625","CARD","Tablet","IN","IN","1","1540","36","2385","false","false","1.1006","0"
"V2TXN-001839","CUST-V2-0426","2025-08-02T20:08:04.0840000+05:30","1114","CARD","Mobile","IN","IN","0","241","5","3272","false","false","0.3405","0"
"V2TXN-001840","CUST-V2-0673","2025-08-02T21:36:47.2370000+05:30","403","UPI","Mobile","SG","SG","1","220","2","435","false","false","0.9264","0"
"V2TXN-001841","CUST-V2-0449","2025-08-02T22:11:02.7650000+05:30","2304","UPI","Desktop","IN","IN","0","1691","20","2039","false","false","1.1300","0"
"V2TXN-001842","CUST-V2-0213","2025-08-02T22:15:37.8370000+05:30","3385","UPI","Mobile","DE","DE","4","224","6","2869","false","false","1.1799","1"
"V2TXN-001843","CUST-V2-0685","2025-08-03T00:51:20.2620000+05:30","2268","CARD","Desktop","IN","IN","0","426","7","2607","false","false","0.8700","0"
"V2TXN-001844","CUST-V2-0880","2025-08-03T01:37:35.8660000+05:30","1539","CARD","Desktop","IN","IN","0","1028","18","919","false","false","1.6746","1"
"V2TXN-001845","CUST-V2-0394","2025-08-03T06:21:43.1960000+05:30","619","UPI","Desktop","AE","IN","1","1182","32","433","false","true","1.4296","1"
"V2TXN-001846","CUST-V2-0639","2025-08-03T07:15:52.4700000+05:30","17378","UPI","Desktop","IN","IN","0","193","2","40583","false","false","0.4282","0"
"V2TXN-001847","CUST-V2-0371","2025-08-03T10:58:29.6120000+05:30","1188","NETBANKING","Desktop","DE","DE","0","1156","32","1307","false","false","0.9090","0"
"V2TXN-001848","CUST-V2-0086","2025-08-03T11:19:10.0110000+05:30","740","CARD","Mobile","IN","IN","0","1580","37","1013","false","false","0.7305","0"
"V2TXN-001849","CUST-V2-0243","2025-08-03T11:42:51.4400000+05:30","901","CARD","Mobile","GB","GB","0","1119","21","676","false","false","1.3328","0"
"V2TXN-001850","CUST-V2-0258","2025-08-03T14:35:02.7000000+05:30","2526","CARD","Desktop","IN","IN","0","331","5","2460","false","false","1.0268","0"
"V2TXN-001851","CUST-V2-0252","2025-08-03T21:09:52.4160000+05:30","821","NETBANKING","Mobile","AE","AE","0","1559","22","768","false","false","1.0690","0"
"V2TXN-001852","CUST-V2-0559","2025-08-04T05:37:17.7190000+05:30","1342","UPI","Mobile","IN","IN","0","834","12","1739","false","false","0.7717","0"
"V2TXN-001853","CUST-V2-0664","2025-08-04T07:21:25.2040000+05:30","1220","CARD","Mobile","IN","IN","1","1238","22","1212","false","false","1.0066","0"
"V2TXN-001854","CUST-V2-0778","2025-08-04T09:23:19.1030000+05:30","1155","UPI","Desktop","GB","GB","0","654","17","946","false","false","1.2209","0"
"V2TXN-001855","CUST-V2-0643","2025-08-04T15:01:47.5730000+05:30","3014","UPI","Mobile","IN","IN","0","1148","26","3643","false","false","0.8273","0"
"V2TXN-001856","CUST-V2-0452","2025-08-04T22:54:08.4100000+05:30","1623","WALLET","Mobile","IN","IN","0","818","27","1504","false","false","1.0791","0"
"V2TXN-001857","CUST-V2-0844","2025-08-05T03:48:19.8250000+05:30","954","BANK_TRANSFER","Mobile","IN","IN","1","1293","17","773","false","false","1.2342","0"
"V2TXN-001858","CUST-V2-0678","2025-08-05T05:59:22.1680000+05:30","1644","CARD","Desktop","IN","IN","0","1067","20","1364","false","false","1.2053","0"
"V2TXN-001859","CUST-V2-0548","2025-08-05T08:29:57.6990000+05:30","747","CARD","Tablet","US","US","0","418","8","659","false","false","1.1335","0"
"V2TXN-001860","CUST-V2-0764","2025-08-05T08:31:11.2280000+05:30","2683","CARD","Mobile","US","US","4","1171","14","2136","false","false","1.2561","0"
"V2TXN-001861","CUST-V2-0596","2025-08-05T08:33:15.6410000+05:30","1403","UPI","Mobile","IN","IN","0","209","4","1629","false","false","0.8613","0"
"V2TXN-001862","CUST-V2-0274","2025-08-05T13:50:13.8130000+05:30","3532","CARD","Mobile","US","US","1","1184","25","1918","false","false","1.8415","0"
"V2TXN-001863","CUST-V2-1000","2025-08-05T14:40:54.6980000+05:30","1782","WALLET","Mobile","IN","IN","0","168","5","1138","false","false","1.5659","1"
"V2TXN-001864","CUST-V2-0391","2025-08-05T14:51:20.3550000+05:30","1477","UPI","Tablet","GB","GB","1","200","4","1510","false","false","0.9781","0"
"V2TXN-001865","CUST-V2-0854","2025-08-05T15:22:10.1490000+05:30","12960","CARD","Mobile","GB","GB","4","185","3","8080","false","false","1.6040","0"
"V2TXN-001866","CUST-V2-0126","2025-08-05T17:58:38.7890000+05:30","328","WALLET","Mobile","SG","SG","0","1300","13","480","false","false","0.6833","1"
"V2TXN-001867","CUST-V2-0061","2025-08-05T18:36:20.9190000+05:30","950","CARD","Desktop","IN","GB","5","517","14","1430","false","true","0.6643","1"
"V2TXN-001868","CUST-V2-0969","2025-08-05T19:33:41.9860000+05:30","831","NETBANKING","Desktop","IN","IN","3","212","2","909","false","false","0.9142","0"
"V2TXN-001869","CUST-V2-0591","2025-08-05T19:46:01.1730000+05:30","3361","CARD","Mobile","US","US","1","607","9","2877","false","false","1.1682","0"
"V2TXN-001870","CUST-V2-0112","2025-08-05T20:51:26.0110000+05:30","2794","UPI","Desktop","AU","AU","0","1117","30","2141","false","false","1.3050","0"
"V2TXN-001871","CUST-V2-0992","2025-08-05T23:30:20.2490000+05:30","517","CARD","Desktop","SA","SA","1","557","10","340","false","false","1.5206","0"
"V2TXN-001872","CUST-V2-0450","2025-08-06T00:59:22.2720000+05:30","1268","CARD","Mobile","SG","SG","4","1029","27","2835","false","false","0.4473","1"
"V2TXN-001873","CUST-V2-0464","2025-08-06T02:20:07.0470000+05:30","1775","WALLET","Tablet","US","US","0","850","20","2378","false","false","0.7464","0"
"V2TXN-001874","CUST-V2-0423","2025-08-06T06:37:22.7250000+05:30","1337","UPI","Mobile","AU","AU","4","1195","31","1181","false","false","1.1321","0"
"V2TXN-001875","CUST-V2-0477","2025-08-06T09:03:01.4080000+05:30","9448","UPI","Mobile","CA","CA","0","1070","11","6886","false","false","1.3721","0"
"V2TXN-001876","CUST-V2-0444","2025-08-06T11:38:33.9420000+05:30","12012","WALLET","Mobile","IN","IN","1","217","2","9806","false","false","1.2250","0"
"V2TXN-001877","CUST-V2-0882","2025-08-06T13:33:51.7740000+05:30","3018","CARD","Mobile","SG","SG","0","226","4","3116","false","false","0.9685","0"
"V2TXN-001878","CUST-V2-0989","2025-08-06T14:28:57.9250000+05:30","2721","UPI","Mobile","GB","GB","1","178","3","1784","false","false","1.5252","0"
"V2TXN-001879","CUST-V2-0427","2025-08-07T00:25:34.4360000+05:30","4116","UPI","Mobile","IN","IN","0","1076","12","2716","false","false","1.5155","0"
"V2TXN-001880","CUST-V2-0858","2025-08-07T07:25:32.2000000+05:30","1536","CARD","Desktop","CA","CA","0","276","6","1986","false","false","0.7734","0"
"V2TXN-001881","CUST-V2-0441","2025-08-07T09:50:45.2590000+05:30","767","CARD","Mobile","IN","IN","0","754","14","1080","false","false","0.7102","0"
"V2TXN-001882","CUST-V2-0209","2025-08-07T10:26:35.3580000+05:30","832","UPI","Mobile","SA","SA","3","175","3","946","false","false","0.8795","1"
"V2TXN-001883","CUST-V2-0895","2025-08-07T17:50:59.0710000+05:30","2546","UPI","Mobile","IN","IN","0","1018","24","2841","false","false","0.8962","0"
"V2TXN-001884","CUST-V2-0519","2025-08-07T18:33:52.1740000+05:30","614","UPI","Mobile","IN","IN","0","759","19","647","false","false","0.9490","0"
"V2TXN-001885","CUST-V2-0081","2025-08-07T21:35:17.8480000+05:30","1869","CARD","Mobile","US","US","0","1401","25","2318","false","false","0.8063","0"
"V2TXN-001886","CUST-V2-0130","2025-08-07T22:27:51.9940000+05:30","2411","UPI","Tablet","SG","SG","0","618","9","1509","false","false","1.5977","0"
"V2TXN-001887","CUST-V2-0047","2025-08-08T01:52:10.4510000+05:30","1116","CARD","Mobile","IN","US","4","234","5","4349","false","true","0.2566","0"
"V2TXN-001888","CUST-V2-0542","2025-08-08T01:56:11.6510000+05:30","1088","CARD","Mobile","IN","IN","0","1048","28","747","false","false","1.4565","0"
"V2TXN-001889","CUST-V2-0344","2025-08-08T02:50:34.8850000+05:30","545","UPI","Mobile","IN","IN","0","227","3","496","false","false","1.0988","0"
"V2TXN-001890","CUST-V2-0929","2025-08-08T04:14:27.2850000+05:30","9408","UPI","Mobile","IN","IN","1","298","8","6133","false","false","1.5340","0"
"V2TXN-001891","CUST-V2-0597","2025-08-08T04:58:26.3630000+05:30","1845","UPI","Desktop","IN","IN","0","683","9","1847","false","false","0.9989","0"
"V2TXN-001892","CUST-V2-0557","2025-08-08T06:31:18.0220000+05:30","39730","UPI","Mobile","IN","IN","0","218","4","24266","false","false","1.6373","0"
"V2TXN-001893","CUST-V2-0481","2025-08-08T06:58:51.1230000+05:30","1564","CARD","Mobile","IN","IN","0","1221","34","1469","false","false","1.0647","0"
"V2TXN-001894","CUST-V2-0220","2025-08-08T08:21:00.3080000+05:30","717","CARD","Mobile","IN","IN","0","996","12","1606","false","false","0.4465","0"
"V2TXN-001895","CUST-V2-0038","2025-08-08T10:48:39.7220000+05:30","682","CARD","Mobile","US","US","0","243","4","797","false","false","0.8557","0"
"V2TXN-001896","CUST-V2-0074","2025-08-08T12:01:36.2690000+05:30","11090","CARD","Mobile","IN","IN","0","238","4","6479","false","false","1.7117","0"
"V2TXN-001897","CUST-V2-0170","2025-08-08T14:25:59.7110000+05:30","1801","UPI","Desktop","US","US","0","1031","23","3661","false","false","0.4919","0"
"V2TXN-001898","CUST-V2-0418","2025-08-08T15:55:56.0260000+05:30","1119","UPI","Mobile","IN","IN","0","1093","28","983","false","false","1.1384","0"
"V2TXN-001899","CUST-V2-0634","2025-08-08T15:56:38.6190000+05:30","7326","WALLET","Mobile","US","US","0","1185","26","5204","false","false","1.4078","0"
"V2TXN-001900","CUST-V2-0143","2025-08-08T16:58:40.3800000+05:30","1415","WALLET","Mobile","IN","IN","0","1108","29","1158","false","false","1.2219","1"
"V2TXN-001901","CUST-V2-0405","2025-08-08T18:54:31.1090000+05:30","2769","WALLET","Mobile","IN","IN","0","1315","26","3835","false","false","0.7220","0"
"V2TXN-001902","CUST-V2-0210","2025-08-08T19:15:37.4410000+05:30","647","UPI","Mobile","IN","IN","0","981","13","701","false","false","0.9230","0"
"V2TXN-001903","CUST-V2-0186","2025-08-08T21:04:46.9080000+05:30","917","UPI","Mobile","IN","IN","1","1619","23","901","false","false","1.0178","0"
"V2TXN-001904","CUST-V2-0896","2025-08-09T01:51:12.6780000+05:30","5473","CARD","Mobile","US","US","0","227","6","7640","false","false","0.7164","0"
"V2TXN-001905","CUST-V2-0906","2025-08-09T05:43:38.3930000+05:30","1033","CARD","Mobile","IN","IN","0","516","11","788","false","false","1.3109","0"
"V2TXN-001906","CUST-V2-0149","2025-08-09T06:30:21.0880000+05:30","16471","CARD","Desktop","IN","IN","0","207","2","17702","false","false","0.9305","0"
"V2TXN-001907","CUST-V2-0994","2025-08-09T09:53:19.6380000+05:30","1306","UPI","Mobile","IN","IN","0","1068","17","1702","false","false","0.7673","0"
"V2TXN-001908","CUST-V2-0092","2025-08-09T11:19:31.7440000+05:30","3161","UPI","Desktop","IN","IN","0","278","4","3453","false","false","0.9154","0"
"V2TXN-001909","CUST-V2-0194","2025-08-09T12:35:12.6650000+05:30","2990","CARD","Mobile","IN","IN","0","1402","38","2142","false","false","1.3959","0"
"V2TXN-001910","CUST-V2-0752","2025-08-09T13:08:14.5510000+05:30","427","WALLET","Mobile","SA","SA","0","1073","18","279","false","false","1.5305","0"
"V2TXN-001911","CUST-V2-0037","2025-08-09T16:23:51.1990000+05:30","5885","UPI","Desktop","IN","IN","0","1435","39","4005","false","false","1.4694","0"
"V2TXN-001912","CUST-V2-0748","2025-08-09T17:11:39.5340000+05:30","1193","NETBANKING","Mobile","SG","SG","0","982","24","1048","false","false","1.1384","0"
"V2TXN-001913","CUST-V2-0250","2025-08-09T18:30:59.0010000+05:30","4485","BANK_TRANSFER","Mobile","IN","IN","0","213","1","5515","false","false","0.8132","0"
"V2TXN-001914","CUST-V2-0975","2025-08-09T23:03:51.1820000+05:30","2750","CARD","Mobile","IN","IN","0","958","28","4620","false","false","0.5952","0"
"V2TXN-001915","CUST-V2-0830","2025-08-09T23:33:09.4040000+05:30","5751","BANK_TRANSFER","Mobile","GB","IN","0","1335","36","3516","false","true","1.6357","1"
"V2TXN-001916","CUST-V2-0244","2025-08-10T00:17:52.5610000+05:30","1613","UPI","Mobile","IN","IN","0","1034","15","1369","false","false","1.1782","0"
"V2TXN-001917","CUST-V2-0021","2025-08-10T03:37:43.2590000+05:30","406","CARD","Tablet","IN","IN","0","1242","20","799","false","false","0.5081","0"
"V2TXN-001918","CUST-V2-0152","2025-08-10T07:33:16.4280000+05:30","1085","CARD","Mobile","AU","AU","0","1422","18","1899","false","false","0.5714","0"
"V2TXN-001919","CUST-V2-0688","2025-08-10T09:19:38.0370000+05:30","1645","CARD","Tablet","IN","IN","0","940","28","1223","false","false","1.3451","0"
"V2TXN-001920","CUST-V2-0506","2025-08-10T09:47:12.2430000+05:30","850","UPI","Desktop","IN","IN","0","710","15","1205","false","false","0.7054","1"
"V2TXN-001921","CUST-V2-0108","2025-08-10T10:35:06.4050000+05:30","1744","WALLET","Mobile","AE","AE","1","1180","14","2019","false","false","0.8638","0"
"V2TXN-001922","CUST-V2-0516","2025-08-10T10:38:08.8580000+05:30","551","WALLET","Mobile","IN","IN","0","960","21","629","false","false","0.8760","0"
"V2TXN-001923","CUST-V2-0082","2025-08-10T11:51:40.4360000+05:30","1079","CARD","Mobile","IN","IN","0","656","13","1175","false","false","0.9183","0"
"V2TXN-001924","CUST-V2-0233","2025-08-10T12:23:22.2720000+05:30","1355","CARD","Tablet","IN","IN","0","627","12","1287","false","false","1.0528","0"
"V2TXN-001925","CUST-V2-0241","2025-08-10T13:53:06.6030000+05:30","3847","CARD","Mobile","IN","IN","4","1482","33","4159","false","false","0.9250","0"
"V2TXN-001926","CUST-V2-0193","2025-08-10T16:11:57.7650000+05:30","3394","CARD","Mobile","US","US","0","550","7","1942","false","false","1.7477","0"
"V2TXN-001927","CUST-V2-0962","2025-08-10T21:16:45.9120000+05:30","789","WALLET","Mobile","GB","GB","0","602","11","1445","false","false","0.5460","0"
"V2TXN-001928","CUST-V2-0583","2025-08-10T23:54:17.3660000+05:30","603","UPI","Mobile","IN","IN","0","1058","19","946","false","false","0.6374","0"
"V2TXN-001929","CUST-V2-0262","2025-08-11T01:21:16.9790000+05:30","2360","CARD","Desktop","AE","US","0","896","21","2063","false","true","1.1440","1"
"V2TXN-001930","CUST-V2-0446","2025-08-11T14:11:27.1450000+05:30","2003","UPI","Mobile","IN","IN","0","986","21","2137","false","false","0.9373","0"
"V2TXN-001931","CUST-V2-0143","2025-08-11T17:24:22.8780000+05:30","874","CARD","Tablet","IN","IN","0","1111","30","1166","false","false","0.7496","0"
"V2TXN-001932","CUST-V2-0909","2025-08-11T19:19:51.7000000+05:30","3778","CARD","Mobile","IN","IN","0","605","10","3089","false","false","1.2230","0"
"V2TXN-001933","CUST-V2-0522","2025-08-12T00:39:22.8590000+05:30","2745","UPI","Desktop","IN","IN","0","567","10","2350","false","false","1.1681","0"
"V2TXN-001934","CUST-V2-0087","2025-08-12T03:00:50.2170000+05:30","3373","BANK_TRANSFER","Desktop","AU","AU","0","169","3","1993","false","false","1.6924","0"
"V2TXN-001935","CUST-V2-0957","2025-08-12T06:50:45.4830000+05:30","4330","CARD","Tablet","IN","IN","0","883","26","4329","false","false","1.0002","0"
"V2TXN-001936","CUST-V2-0196","2025-08-12T08:14:06.0970000+05:30","1654","CARD","Mobile","CA","IN","4","756","22","674","false","true","2.4540","1"
"V2TXN-001937","CUST-V2-0331","2025-08-12T09:58:07.3970000+05:30","1265","CARD","Mobile","IN","IN","1","1096","29","1090","false","false","1.1606","0"
"V2TXN-001938","CUST-V2-0681","2025-08-12T10:10:49.5400000+05:30","2055","WALLET","Desktop","IN","IN","0","1409","23","2125","false","false","0.9671","0"
"V2TXN-001939","CUST-V2-0453","2025-08-12T11:47:41.3690000+05:30","2787","UPI","Desktop","IN","IN","1","673","21","5376","false","false","0.5184","0"
"V2TXN-001940","CUST-V2-0737","2025-08-12T14:43:36.4740000+05:30","2687","UPI","Mobile","IN","IN","0","1213","32","2154","false","false","1.2474","0"
"V2TXN-001941","CUST-V2-0725","2025-08-12T16:23:22.3040000+05:30","1301","UPI","Mobile","IN","IN","0","753","15","1140","false","false","1.1412","0"
"V2TXN-001942","CUST-V2-0313","2025-08-12T18:09:55.9850000+05:30","1699","WALLET","Mobile","GB","GB","1","307","7","891","false","false","1.9068","1"
"V2TXN-001943","CUST-V2-0078","2025-08-12T18:30:25.7840000+05:30","1600","WALLET","Desktop","IN","IN","0","233","7","2813","false","false","0.5688","0"
"V2TXN-001944","CUST-V2-0446","2025-08-12T21:08:18.2020000+05:30","1897","UPI","Mobile","IN","IN","0","987","22","2131","false","false","0.8902","0"
"V2TXN-001945","CUST-V2-0826","2025-08-12T23:23:13.7620000+05:30","1944","CARD","Mobile","GB","GB","0","1487","20","2823","false","false","0.6886","0"
"V2TXN-001946","CUST-V2-0550","2025-08-13T03:41:10.6900000+05:30","1162","CARD","Mobile","IN","IN","0","336","7","1129","false","false","1.0292","0"
"V2TXN-001947","CUST-V2-0507","2025-08-13T04:06:13.2380000+05:30","3344","UPI","Mobile","IN","IN","0","219","3","4056","false","false","0.8245","0"
"V2TXN-001948","CUST-V2-0957","2025-08-13T04:27:35.5760000+05:30","4213","CARD","Desktop","IN","IN","0","883","27","4329","false","false","0.9732","0"
"V2TXN-001949","CUST-V2-0756","2025-08-13T05:10:56.2160000+05:30","1343","UPI","Desktop","SG","SG","0","553","9","1957","false","false","0.6863","0"
"V2TXN-001950","CUST-V2-0740","2025-08-13T05:43:32.1050000+05:30","1221","NETBANKING","Mobile","AE","AE","0","204","3","1502","false","false","0.8129","0"
"V2TXN-001951","CUST-V2-0743","2025-08-13T09:13:17.9370000+05:30","6711","UPI","Mobile","DE","DE","0","216","2","5245","false","false","1.2795","0"
"V2TXN-001952","CUST-V2-0237","2025-08-13T14:45:27.6680000+05:30","862","UPI","Mobile","DE","DE","1","548","8","1109","false","false","0.7773","0"
"V2TXN-001953","CUST-V2-0388","2025-08-13T17:10:21.8910000+05:30","4150","UPI","Desktop","IN","IN","0","241","3","4712","false","false","0.8807","0"
"V2TXN-001954","CUST-V2-0836","2025-08-13T18:13:09.4470000+05:30","586","WALLET","Mobile","IN","IN","1","1503","31","688","false","false","0.8517","0"
"V2TXN-001955","CUST-V2-0105","2025-08-13T19:48:17.5810000+05:30","1232","UPI","Mobile","IN","IN","0","750","11","656","false","false","1.8780","0"
"V2TXN-001956","CUST-V2-0618","2025-08-13T20:56:49.7210000+05:30","9537","UPI","Mobile","IN","IN","0","1300","28","6214","false","false","1.5348","0"
"V2TXN-001957","CUST-V2-0686","2025-08-13T22:38:29.3010000+05:30","2621","NETBANKING","Desktop","GB","GB","0","722","11","2493","false","false","1.0513","0"
"V2TXN-001958","CUST-V2-0057","2025-08-14T00:33:08.9720000+05:30","6235","UPI","Mobile","SA","IN","1","1009","21","5600","false","true","1.1134","0"
"V2TXN-001959","CUST-V2-0635","2025-08-14T01:46:25.7050000+05:30","847","CARD","Desktop","GB","GB","1","202","5","902","false","false","0.9390","0"
"V2TXN-001960","CUST-V2-0730","2025-08-14T02:40:03.3350000+05:30","1778","CARD","Mobile","IN","IN","0","1170","28","3364","false","false","0.5285","0"
"V2TXN-001961","CUST-V2-0453","2025-08-14T05:34:21.4310000+05:30","12793","CARD","Desktop","US","IN","4","674","22","5258","false","true","2.4331","1"
"V2TXN-001962","CUST-V2-0848","2025-08-14T05:38:34.9590000+05:30","829","UPI","Desktop","IN","IN","1","228","7","635","false","false","1.3055","0"
"V2TXN-001963","CUST-V2-0015","2025-08-14T06:07:37.8490000+05:30","3451","UPI","Desktop","IN","IN","1","1108","21","4528","false","false","0.7621","0"
"V2TXN-001964","CUST-V2-0412","2025-08-14T08:10:12.6330000+05:30","241","UPI","Desktop","SG","SG","0","285","4","380","false","false","0.6342","0"
"V2TXN-001965","CUST-V2-0920","2025-08-14T08:32:23.7140000+05:30","3539","UPI","Desktop","IN","IN","0","1234","36","3997","false","false","0.8854","0"
"V2TXN-001966","CUST-V2-0995","2025-08-14T16:27:56.9060000+05:30","985","CARD","Mobile","AE","AE","0","1490","43","1230","false","false","0.8008","0"
"V2TXN-001967","CUST-V2-0058","2025-08-14T17:48:52.6080000+05:30","2565","UPI","Desktop","IN","IN","0","98","3","3151","false","false","0.8140","0"
"V2TXN-001968","CUST-V2-0921","2025-08-14T17:56:28.5910000+05:30","1320","UPI","Desktop","IN","IN","0","1340","15","1490","false","false","0.8859","0"
"V2TXN-001969","CUST-V2-0483","2025-08-14T19:57:42.2330000+05:30","5373","BANK_TRANSFER","Mobile","IN","IN","0","322","6","2757","false","false","1.9489","0"
"V2TXN-001970","CUST-V2-0982","2025-08-14T21:35:52.3140000+05:30","1899","CARD","Tablet","GB","GB","0","1091","25","2186","false","false","0.8687","0"
"V2TXN-001971","CUST-V2-0536","2025-08-14T22:40:54.0760000+05:30","2424","UPI","Desktop","IN","IN","0","1486","38","1399","false","false","1.7327","0"
"V2TXN-001972","CUST-V2-0412","2025-08-14T23:33:45.7210000+05:30","480","UPI","Desktop","IN","SG","1","286","5","352","false","true","1.3636","0"
"V2TXN-001973","CUST-V2-0197","2025-08-15T01:10:48.6350000+05:30","16058","WALLET","Desktop","GB","GB","0","215","2","21512","false","false","0.7465","0"
"V2TXN-001974","CUST-V2-0324","2025-08-15T03:57:57.9700000+05:30","1749","NETBANKING","Mobile","IN","IN","1","375","5","1979","false","false","0.8838","0"
"V2TXN-001975","CUST-V2-0305","2025-08-15T04:38:35.0590000+05:30","4682","UPI","Desktop","IN","IN","0","457","5","3735","false","false","1.2535","0"
"V2TXN-001976","CUST-V2-0642","2025-08-15T05:01:45.8500000+05:30","2030","NETBANKING","Desktop","US","US","0","530","6","1565","false","false","1.2971","0"
"V2TXN-001977","CUST-V2-0513","2025-08-15T06:30:54.9230000+05:30","997","UPI","Desktop","IN","IN","0","1080","19","1538","false","false","0.6482","0"
"V2TXN-001978","CUST-V2-0159","2025-08-15T06:46:25.8450000+05:30","2185","NETBANKING","Mobile","CA","CA","0","1550","33","1811","false","false","1.2065","0"
"V2TXN-001979","CUST-V2-0552","2025-08-15T08:22:33.0380000+05:30","3688","BANK_TRANSFER","Mobile","US","US","0","207","5","1675","false","false","2.2018","0"
"V2TXN-001980","CUST-V2-0021","2025-08-15T08:35:10.8050000+05:30","2062","NETBANKING","Mobile","SG","IN","0","1247","21","781","false","true","2.6402","1"
"V2TXN-001981","CUST-V2-0666","2025-08-15T09:08:15.6940000+05:30","1542","UPI","Mobile","IN","IN","0","1323","26","1724","false","false","0.8944","0"
"V2TXN-001982","CUST-V2-0150","2025-08-15T10:45:59.1390000+05:30","856","CARD","Mobile","IN","IN","0","1247","24","1782","false","false","0.4804","0"
"V2TXN-001983","CUST-V2-0469","2025-08-15T12:22:45.8340000+05:30","2864","CARD","Mobile","US","US","0","1586","26","2114","false","false","1.3548","0"
"V2TXN-001984","CUST-V2-0558","2025-08-15T13:29:26.3980000+05:30","1461","CARD","Mobile","IN","IN","0","1312","36","2469","false","false","0.5917","0"
"V2TXN-001985","CUST-V2-0459","2025-08-15T14:30:42.9880000+05:30","2514","WALLET","Mobile","IN","IN","0","612","12","3901","false","false","0.6445","0"
"V2TXN-001986","CUST-V2-0127","2025-08-15T15:20:10.5710000+05:30","2846","UPI","Mobile","US","IN","2","711","10","2093","false","true","1.3598","1"
"V2TXN-001987","CUST-V2-0526","2025-08-15T16:30:29.5880000+05:30","4696","CARD","Desktop","IN","DE","1","1419","36","2015","false","true","2.3305","1"
"V2TXN-001988","CUST-V2-0611","2025-08-15T20:13:26.7310000+05:30","1520","NETBANKING","Mobile","GB","GB","0","338","9","1660","false","false","0.9157","0"
"V2TXN-001989","CUST-V2-0060","2025-08-16T02:38:39.3720000+05:30","1186","WALLET","Tablet","IN","IN","0","210","4","1585","false","false","0.7483","1"
"V2TXN-001990","CUST-V2-0341","2025-08-16T02:45:49.8370000+05:30","2060","NETBANKING","Mobile","US","US","0","1249","21","1467","false","false","1.4042","0"
"V2TXN-001991","CUST-V2-0558","2025-08-16T08:50:29.2600000+05:30","2378","UPI","Mobile","IN","IN","0","1313","37","2442","false","false","0.9738","0"
"V2TXN-001992","CUST-V2-0204","2025-08-16T09:26:26.7650000+05:30","1713","CARD","Desktop","AE","AE","0","1045","19","1215","false","false","1.4099","0"
"V2TXN-001993","CUST-V2-0427","2025-08-16T09:47:16.0750000+05:30","2597","UPI","Mobile","IN","IN","0","1085","13","2823","false","false","0.9199","0"
"V2TXN-001994","CUST-V2-0304","2025-08-16T09:58:19.5460000+05:30","3080","UPI","Desktop","CA","CA","0","1142","21","2766","false","false","1.1135","0"
"V2TXN-001995","CUST-V2-0163","2025-08-16T11:16:19.9900000+05:30","1029","UPI","Desktop","GB","GB","1","426","7","983","false","false","1.0468","0"
"V2TXN-001996","CUST-V2-0600","2025-08-16T15:00:13.8160000+05:30","2158","UPI","Mobile","IN","IN","1","406","11","1747","false","false","1.2353","0"
"V2TXN-001997","CUST-V2-0026","2025-08-16T22:55:24.4100000+05:30","3494","UPI","Mobile","IN","IN","0","282","6","2415","false","false","1.4468","0"
"V2TXN-001998","CUST-V2-0714","2025-08-16T23:14:25.5970000+05:30","7565","CARD","Tablet","GB","IN","1","996","11","3387","false","true","2.2335","1"
"V2TXN-001999","CUST-V2-0706","2025-08-17T09:51:15.6740000+05:30","1181","UPI","Tablet","IN","IN","0","598","7","1488","false","false","0.7937","0"
"V2TXN-002000","CUST-V2-0559","2025-08-17T10:16:02.2720000+05:30","1700","CARD","Mobile","IN","IN","0","847","13","1708","false","false","0.9953","0"
"V2TXN-002001","CUST-V2-0124","2025-08-17T11:21:27.7270000+05:30","1128","CARD","Mobile","SA","SA","0","1140","31","981","false","false","1.1498","0"
"V2TXN-002002","CUST-V2-0849","2025-08-17T11:28:25.7100000+05:30","1205","UPI","Desktop","IN","IN","4","1360","18","976","false","false","1.2346","0"
"V2TXN-002003","CUST-V2-0493","2025-08-17T12:38:34.7680000+05:30","1427","CARD","Desktop","IN","IN","1","251","3","1761","false","false","0.8103","0"
"V2TXN-002004","CUST-V2-0230","2025-08-17T13:30:31.6580000+05:30","2982","WALLET","Mobile","SA","SA","0","1281","26","3211","false","false","0.9287","0"
"V2TXN-002005","CUST-V2-0917","2025-08-17T15:24:47.5910000+05:30","5089","CARD","Tablet","IN","IN","0","198","3","5709","false","false","0.8914","0"
"V2TXN-002006","CUST-V2-0631","2025-08-17T15:38:54.2480000+05:30","472","CARD","Mobile","IN","IN","0","676","15","572","false","false","0.8252","0"
"V2TXN-002007","CUST-V2-0811","2025-08-17T21:10:16.6980000+05:30","4437","CARD","Desktop","US","GB","4","212","3","1573","false","true","2.8207","1"
"V2TXN-002008","CUST-V2-0993","2025-08-17T21:31:52.6390000+05:30","1833","UPI","Mobile","GB","GB","0","163","2","2109","false","false","0.8691","0"
"V2TXN-002009","CUST-V2-0895","2025-08-18T04:03:14.5850000+05:30","1164","UPI","Mobile","IN","IN","0","1029","25","2830","false","false","0.4113","0"
"V2TXN-002010","CUST-V2-0462","2025-08-18T06:07:04.6730000+05:30","3711","UPI","Mobile","US","US","0","618","15","7414","false","false","0.5005","0"
"V2TXN-002011","CUST-V2-0680","2025-08-18T07:26:38.5480000+05:30","3040","UPI","Mobile","AE","AE","0","207","5","1433","false","false","2.1214","0"
"V2TXN-002012","CUST-V2-0291","2025-08-18T07:34:14.3000000+05:30","2730","BANK_TRANSFER","Mobile","IN","IN","0","636","15","1877","false","false","1.4544","0"
"V2TXN-002013","CUST-V2-0682","2025-08-18T07:57:55.9310000+05:30","1611","BANK_TRANSFER","Desktop","IN","IN","0","1593","33","1259","false","false","1.2796","0"
"V2TXN-002014","CUST-V2-0583","2025-08-18T09:28:25.9120000+05:30","585","UPI","Mobile","IN","IN","0","1065","20","929","false","false","0.6297","0"
"V2TXN-002015","CUST-V2-0785","2025-08-18T11:03:20.6660000+05:30","2492","UPI","Tablet","IN","IN","0","1218","24","2442","false","false","1.0205","0"
"V2TXN-002016","CUST-V2-0897","2025-08-18T11:12:20.5750000+05:30","1531","CARD","Mobile","IN","IN","0","241","2","1623","false","false","0.9433","0"
"V2TXN-002017","CUST-V2-0053","2025-08-18T13:25:52.5470000+05:30","3709","CARD","Tablet","IN","IN","0","1556","37","2392","false","false","1.5506","0"
"V2TXN-002018","CUST-V2-0271","2025-08-18T15:42:14.3690000+05:30","1117","UPI","Desktop","SA","SA","0","408","5","1394","false","false","0.8013","0"
"V2TXN-002019","CUST-V2-0325","2025-08-18T18:48:03.9310000+05:30","1219","CARD","Mobile","US","US","0","211","5","868","false","false","1.4044","0"
"V2TXN-002020","CUST-V2-0880","2025-08-18T22:29:04.6360000+05:30","854","WALLET","Mobile","IN","IN","0","1044","19","952","false","false","0.8971","0"
"V2TXN-002021","CUST-V2-0676","2025-08-18T23:39:34.2240000+05:30","2565","CARD","Desktop","IN","IN","0","444","11","2228","false","false","1.1513","1"
"V2TXN-002022","CUST-V2-0998","2025-08-19T01:54:58.7150000+05:30","2605","UPI","Mobile","IN","IN","0","433","8","1591","false","false","1.6373","0"
"V2TXN-002023","CUST-V2-0944","2025-08-19T02:07:48.3490000+05:30","1230","CARD","Mobile","US","US","0","1553","20","1555","false","false","0.7910","0"
"V2TXN-002024","CUST-V2-0319","2025-08-19T02:10:43.7760000+05:30","2492","NETBANKING","Desktop","SA","SA","0","701","21","4487","false","false","0.5554","0"
"V2TXN-002025","CUST-V2-0886","2025-08-19T04:28:45.9310000+05:30","2185","CARD","Mobile","GB","GB","1","1442","28","1379","false","false","1.5845","0"
"V2TXN-002026","CUST-V2-0960","2025-08-19T05:45:33.9260000+05:30","3376","CARD","Desktop","IN","IN","3","1142","12","2969","false","false","1.1371","1"
"V2TXN-002027","CUST-V2-0248","2025-08-19T06:43:57.9370000+05:30","2245","CARD","Mobile","CA","CA","1","1137","23","2092","false","false","1.0731","0"
"V2TXN-002028","CUST-V2-0766","2025-08-19T07:34:10.8590000+05:30","3005","WALLET","Mobile","IN","IN","1","1516","38","2176","false","false","1.3810","0"
"V2TXN-002029","CUST-V2-0611","2025-08-19T07:45:15.6000000+05:30","1254","NETBANKING","Mobile","GB","GB","1","341","10","1646","false","false","0.7618","0"
"V2TXN-002030","CUST-V2-0430","2025-08-19T08:23:22.2410000+05:30","4610","NETBANKING","Mobile","US","US","0","250","6","2791","false","false","1.6517","0"
"V2TXN-002031","CUST-V2-0321","2025-08-19T09:12:03.1800000+05:30","2274","CARD","Desktop","IN","IN","0","1118","11","2187","false","false","1.0398","1"
"V2TXN-002032","CUST-V2-0621","2025-08-19T09:12:11.2410000+05:30","2260","CARD","Mobile","IN","IN","0","751","15","2031","false","false","1.1128","0"
"V2TXN-002033","CUST-V2-0782","2025-08-19T09:18:45.1700000+05:30","2358","CARD","Desktop","IN","SA","2","758","10","2159","false","true","1.0922","1"
"V2TXN-002034","CUST-V2-0241","2025-08-19T11:01:10.1590000+05:30","5058","UPI","Desktop","IN","IN","1","1491","34","4150","false","false","1.2188","0"
"V2TXN-002035","CUST-V2-0545","2025-08-19T11:08:57.8570000+05:30","628","CARD","Mobile","GB","IN","4","1725","43","7394","false","true","0.0849","1"
"V2TXN-002036","CUST-V2-0702","2025-08-19T11:58:49.1510000+05:30","831","UPI","Mobile","US","US","0","459","11","1451","false","false","0.5727","0"
"V2TXN-002037","CUST-V2-0274","2025-08-19T13:10:08.8980000+05:30","1844","CARD","Mobile","US","US","0","1198","26","1980","false","false","0.9313","0"
"V2TXN-002038","CUST-V2-0270","2025-08-19T13:36:49.3670000+05:30","2789","WALLET","Desktop","IN","IN","1","226","3","2489","false","false","1.1205","0"
"V2TXN-002039","CUST-V2-0493","2025-08-19T14:59:13.2290000+05:30","1604","CARD","Desktop","IN","IN","1","253","4","1678","false","false","0.9559","0"
"V2TXN-002040","CUST-V2-0021","2025-08-19T16:23:40.5150000+05:30","1616","NETBANKING","Tablet","IN","IN","2","1252","22","839","false","false","1.9261","1"
"V2TXN-002041","CUST-V2-0272","2025-08-19T16:42:19.4520000+05:30","2752","CARD","Desktop","DE","DE","0","1309","38","1787","false","false","1.5400","0"
"V2TXN-002042","CUST-V2-0298","2025-08-19T17:08:16.0610000+05:30","5588","CARD","Mobile","DE","DE","0","1368","39","4401","false","false","1.2697","0"
"V2TXN-002043","CUST-V2-0495","2025-08-19T23:30:00.3880000+05:30","1574","UPI","Mobile","IN","IN","1","1064","29","1437","false","false","1.0953","0"
"V2TXN-002044","CUST-V2-0440","2025-08-19T23:41:59.2290000+05:30","776","UPI","Mobile","GB","GB","0","722","13","723","false","false","1.0733","0"
"V2TXN-002045","CUST-V2-0273","2025-08-20T00:59:34.9280000+05:30","1964","CARD","Mobile","GB","IN","0","1145","27","904","false","true","2.1726","0"
"V2TXN-002046","CUST-V2-0605","2025-08-20T02:45:05.9800000+05:30","2698","CARD","Mobile","IN","IN","0","538","15","1971","false","false","1.3688","0"
"V2TXN-002047","CUST-V2-0618","2025-08-20T03:43:18.2410000+05:30","9734","UPI","Mobile","IN","IN","1","1306","29","6329","false","false","1.5380","0"
"V2TXN-002048","CUST-V2-0450","2025-08-20T10:15:00.9320000+05:30","1632","CARD","Mobile","SG","SG","0","1043","28","2779","false","false","0.5873","0"
"V2TXN-002049","CUST-V2-0664","2025-08-20T10:27:02.7570000+05:30","1828","CARD","Desktop","IN","IN","1","1254","23","1213","false","false","1.5070","0"
"V2TXN-002050","CUST-V2-0463","2025-08-20T13:33:33.0540000+05:30","5480","CARD","Mobile","IN","IN","0","685","10","4697","false","false","1.1667","0"
"V2TXN-002051","CUST-V2-0004","2025-08-20T13:50:32.7420000+05:30","5355","UPI","Desktop","IN","IN","0","203","4","4575","false","false","1.1705","0"
"V2TXN-002052","CUST-V2-0546","2025-08-20T14:06:45.9850000+05:30","4155","CARD","Mobile","IN","IN","1","460","6","2043","false","false","2.0338","0"
"V2TXN-002053","CUST-V2-0246","2025-08-20T23:21:39.3470000+05:30","902","CARD","Mobile","AU","AU","0","604","11","930","false","false","0.9699","0"
"V2TXN-002054","CUST-V2-0051","2025-08-21T00:02:21.9250000+05:30","3803","NETBANKING","Mobile","IN","IN","0","235","5","3289","false","false","1.1563","0"
"V2TXN-002055","CUST-V2-0932","2025-08-21T00:29:48.9720000+05:30","4946","CARD","Desktop","US","IN","0","950","28","2375","false","true","2.0825","1"
"V2TXN-002056","CUST-V2-0274","2025-08-21T01:20:06.7980000+05:30","2587","CARD","Mobile","US","US","1","1199","27","1975","false","false","1.3099","0"
"V2TXN-002057","CUST-V2-0678","2025-08-21T03:02:26.7910000+05:30","962","CARD","Desktop","IN","IN","0","1083","21","1377","false","false","0.6986","0"
"V2TXN-002058","CUST-V2-0794","2025-08-21T06:40:58.7310000+05:30","415","CARD","Mobile","IN","IN","0","1069","10","429","false","false","0.9674","0"
"V2TXN-002059","CUST-V2-0526","2025-08-21T08:26:45.4800000+05:30","2290","CARD","Desktop","DE","DE","0","1424","37","2088","false","false","1.0967","0"
"V2TXN-002060","CUST-V2-0146","2025-08-21T11:10:48.1790000+05:30","980","CARD","Mobile","US","US","0","1115","17","836","false","false","1.1722","0"
"V2TXN-002061","CUST-V2-0081","2025-08-21T11:21:28.4740000+05:30","5833","NETBANKING","Desktop","US","US","0","1415","26","2301","false","false","2.5350","0"
"V2TXN-002062","CUST-V2-0855","2025-08-21T13:08:19.6760000+05:30","834","CARD","Desktop","US","US","0","220","3","1231","false","false","0.6775","1"
"V2TXN-002063","CUST-V2-0096","2025-08-21T15:08:03.1850000+05:30","9272","UPI","Desktop","IN","IN","0","935","25","5219","false","false","1.7766","0"
"V2TXN-002064","CUST-V2-0546","2025-08-21T17:51:12.7630000+05:30","2234","CARD","Mobile","IN","IN","0","461","7","2345","false","false","0.9527","0"
"V2TXN-002065","CUST-V2-0175","2025-08-21T18:51:08.2310000+05:30","1559","BANK_TRANSFER","Desktop","US","US","0","1488","16","859","false","false","1.8149","0"
"V2TXN-002066","CUST-V2-0433","2025-08-21T21:34:07.9150000+05:30","7843","UPI","Desktop","IN","IN","0","242","5","8564","false","false","0.9158","0"
"V2TXN-002067","CUST-V2-0359","2025-08-21T21:53:16.6040000+05:30","1473","CARD","Mobile","US","US","0","579","11","913","false","false","1.6134","0"
"V2TXN-002068","CUST-V2-0015","2025-08-21T23:38:18.9390000+05:30","4898","UPI","Desktop","IN","IN","0","1116","22","4479","false","false","1.0935","0"
"V2TXN-002069","CUST-V2-0991","2025-08-22T00:26:15.3040000+05:30","2204","CARD","Mobile","IN","IN","0","401","10","1347","false","false","1.6362","0"
"V2TXN-002070","CUST-V2-0723","2025-08-22T00:30:46.1450000+05:30","1085","CARD","Mobile","IN","IN","4","241","4","1843","false","false","0.5887","0"
"V2TXN-002071","CUST-V2-0300","2025-08-22T00:33:09.2420000+05:30","339","NETBANKING","Mobile","IN","IN","0","1145","15","395","false","false","0.8582","0"
"V2TXN-002072","CUST-V2-0396","2025-08-22T02:14:25.5630000+05:30","980","CARD","Mobile","IN","IN","0","900","27","1140","false","false","0.8596","0"
"V2TXN-002073","CUST-V2-0357","2025-08-22T03:27:16.5740000+05:30","3135","NETBANKING","Mobile","IN","IN","0","507","14","3024","false","false","1.0367","0"
"V2TXN-002074","CUST-V2-0786","2025-08-22T06:15:37.5150000+05:30","763","UPI","Desktop","IN","IN","0","898","10","758","false","false","1.0066","0"
"V2TXN-002075","CUST-V2-0675","2025-08-22T07:32:32.4040000+05:30","1761","BANK_TRANSFER","Mobile","GB","GB","0","1560","33","1896","false","false","0.9288","0"
"V2TXN-002076","CUST-V2-0894","2025-08-22T08:34:14.1380000+05:30","1060","CARD","Mobile","GB","GB","0","1294","29","845","false","false","1.2544","1"
"V2TXN-002077","CUST-V2-0729","2025-08-22T08:43:43.3640000+05:30","158","UPI","Mobile","US","US","1","527","14","255","false","false","0.6196","0"
"V2TXN-002078","CUST-V2-0948","2025-08-22T08:51:05.3830000+05:30","679","CARD","Desktop","IN","IN","0","216","7","782","false","false","0.8683","0"
"V2TXN-002079","CUST-V2-0430","2025-08-22T15:36:02.3910000+05:30","3767","NETBANKING","Mobile","US","US","0","253","7","3051","false","false","1.2347","0"
"V2TXN-002080","CUST-V2-0141","2025-08-22T15:45:43.2360000+05:30","1003","UPI","Mobile","IN","IN","0","756","13","935","false","false","1.0727","0"
"V2TXN-002081","CUST-V2-0160","2025-08-22T20:23:50.4100000+05:30","635","UPI","Desktop","US","US","0","226","1","524","false","false","1.2118","0"
"V2TXN-002082","CUST-V2-0482","2025-08-22T21:09:29.2290000+05:30","699","UPI","Desktop","IN","IN","0","1006","11","882","false","false","0.7925","0"
"V2TXN-002083","CUST-V2-0841","2025-08-23T01:39:32.7150000+05:30","148253","CARD","Desktop","IN","IN","4","188","6","82206","false","false","1.8034","1"
"V2TXN-002084","CUST-V2-0976","2025-08-23T02:21:25.8460000+05:30","2054","CARD","Desktop","AE","AE","1","252","6","1280","false","false","1.6047","1"
"V2TXN-002085","CUST-V2-0190","2025-08-23T02:49:30.1660000+05:30","3475","WALLET","Mobile","IN","IN","0","207","3","3026","false","false","1.1484","0"
"V2TXN-002086","CUST-V2-0648","2025-08-23T03:59:36.1690000+05:30","2311","NETBANKING","Desktop","IN","IN","0","799","22","1653","false","false","1.3981","0"
"V2TXN-002087","CUST-V2-0752","2025-08-23T04:16:40.9880000+05:30","144","WALLET","Mobile","SA","SA","0","1087","19","286","false","false","0.5035","0"
"V2TXN-002088","CUST-V2-0088","2025-08-23T05:22:50.3230000+05:30","1297","CARD","Mobile","IN","IN","0","1186","27","1399","false","false","0.9271","0"
"V2TXN-002089","CUST-V2-0830","2025-08-23T06:31:25.6380000+05:30","3510","BANK_TRANSFER","Mobile","IN","IN","0","1348","37","3576","false","false","0.9815","0"
"V2TXN-002090","CUST-V2-0031","2025-08-23T08:31:18.4780000+05:30","922","BANK_TRANSFER","Desktop","IN","IN","0","1364","32","1131","false","false","0.8152","0"
"V2TXN-002091","CUST-V2-0201","2025-08-23T10:14:15.0430000+05:30","627","NETBANKING","Desktop","IN","IN","0","972","26","351","false","false","1.7863","0"
"V2TXN-002092","CUST-V2-0980","2025-08-23T11:24:22.4690000+05:30","823","NETBANKING","Desktop","US","US","0","1454","25","1160","false","false","0.7095","0"
"V2TXN-002093","CUST-V2-0417","2025-08-23T13:55:00.8630000+05:30","1943","UPI","Mobile","IN","IN","0","1003","24","1679","false","false","1.1572","0"
"V2TXN-002094","CUST-V2-0317","2025-08-23T14:37:52.4650000+05:30","7932","CARD","Tablet","IN","IN","0","931","14","7619","false","false","1.0411","0"
"V2TXN-002095","CUST-V2-0994","2025-08-23T18:24:21.1860000+05:30","2875","UPI","Mobile","US","IN","2","1082","18","1680","false","true","1.7113","0"
"V2TXN-002096","CUST-V2-0804","2025-08-23T19:29:37.6010000+05:30","1076","NETBANKING","Mobile","IN","IN","0","1449","34","1128","false","false","0.9539","0"
"V2TXN-002097","CUST-V2-0111","2025-08-23T20:22:49.5540000+05:30","1024","CARD","Desktop","IN","IN","0","1311","23","854","false","false","1.1991","0"
"V2TXN-002098","CUST-V2-0798","2025-08-23T23:05:27.0680000+05:30","634","WALLET","Mobile","IN","IN","0","1410","42","1489","false","false","0.4258","0"
"V2TXN-002099","CUST-V2-0769","2025-08-23T23:22:37.5330000+05:30","4675","UPI","Desktop","IN","IN","0","290","3","2225","false","false","2.1011","1"
"V2TXN-002100","CUST-V2-0800","2025-08-24T00:19:24.6090000+05:30","1853","UPI","Mobile","AE","AE","0","890","14","3033","false","false","0.6109","0"
"V2TXN-002101","CUST-V2-0539","2025-08-24T00:26:10.0790000+05:30","891","CARD","Desktop","IN","IN","0","1366","27","1048","false","false","0.8502","0"
"V2TXN-002102","CUST-V2-0706","2025-08-24T03:29:42.1580000+05:30","747","CARD","Mobile","IN","IN","0","605","8","1449","false","false","0.5155","0"
"V2TXN-002103","CUST-V2-0414","2025-08-24T04:48:38.5300000+05:30","1711","CARD","Mobile","IN","IN","0","1177","18","1618","false","false","1.0575","0"
"V2TXN-002104","CUST-V2-0413","2025-08-24T08:16:44.0730000+05:30","2270","CARD","Desktop","IN","IN","0","675","7","1626","false","false","1.3961","0"
"V2TXN-002105","CUST-V2-0350","2025-08-24T11:23:58.5360000+05:30","2252","CARD","Mobile","IN","IN","2","204","6","907","false","false","2.4829","1"
"V2TXN-002106","CUST-V2-0047","2025-08-24T15:48:43.6030000+05:30","8983","CARD","Mobile","US","US","0","251","6","3810","false","false","2.3577","1"
"V2TXN-002107","CUST-V2-0918","2025-08-24T19:35:45.0530000+05:30","5628","CARD","Mobile","IN","IN","0","715","14","5173","false","false","1.0880","0"
"V2TXN-002108","CUST-V2-0514","2025-08-24T20:50:14.2400000+05:30","628","UPI","Mobile","IN","IN","0","1429","34","689","false","false","0.9115","0"
"V2TXN-002109","CUST-V2-0501","2025-08-25T00:58:33.9020000+05:30","2535","UPI","Desktop","IN","IN","1","920","27","1878","false","false","1.3498","0"
"V2TXN-002110","CUST-V2-0483","2025-08-25T01:29:08.6160000+05:30","5658","NETBANKING","Mobile","IN","IN","0","333","7","3131","false","false","1.8071","0"
"V2TXN-002111","CUST-V2-0213","2025-08-25T01:56:10.1220000+05:30","7631","UPI","Mobile","DE","DE","0","246","7","2942","false","false","2.5938","0"
"V2TXN-002112","CUST-V2-0654","2025-08-25T02:51:22.2950000+05:30","887","WALLET","Mobile","GB","GB","1","864","12","1005","false","false","0.8826","0"
"V2TXN-002113","CUST-V2-0942","2025-08-25T03:50:05.9730000+05:30","1373","NETBANKING","Mobile","IN","IN","1","468","9","765","false","false","1.7948","0"
"V2TXN-002114","CUST-V2-0493","2025-08-25T03:58:50.5860000+05:30","2108","CARD","Desktop","GB","IN","1","259","5","1663","false","true","1.2676","1"
"V2TXN-002115","CUST-V2-0542","2025-08-25T04:26:24.2980000+05:30","949","UPI","Mobile","IN","IN","0","1065","29","759","false","false","1.2503","0"
"V2TXN-002116","CUST-V2-0752","2025-08-25T06:35:28.5130000+05:30","206","WALLET","Mobile","SA","SA","0","1089","20","279","false","false","0.7384","0"
"V2TXN-002117","CUST-V2-0399","2025-08-25T08:46:22.2070000+05:30","818","WALLET","Desktop","US","US","0","216","3","696","false","false","1.1753","0"
"V2TXN-002118","CUST-V2-0177","2025-08-25T09:21:12.6540000+05:30","1834","CARD","Mobile","US","US","0","1142","33","1630","false","false","1.1252","0"
"V2TXN-002119","CUST-V2-0943","2025-08-25T11:28:53.6950000+05:30","1315","UPI","Desktop","SG","SG","0","705","13","1942","false","false","0.6771","0"
"V2TXN-002120","CUST-V2-0205","2025-08-25T14:29:10.0700000+05:30","5632","CARD","Mobile","IN","IN","1","1561","43","4325","false","false","1.3022","0"
"V2TXN-002121","CUST-V2-0564","2025-08-25T16:49:56.8960000+05:30","1887","UPI","Mobile","IN","IN","0","643","12","1963","false","false","0.9613","0"
"V2TXN-002122","CUST-V2-0916","2025-08-25T17:52:57.5860000+05:30","5590","CARD","Desktop","IN","IN","0","1493","43","1891","false","false","2.9561","0"
"V2TXN-002123","CUST-V2-0748","2025-08-25T19:07:30.3640000+05:30","753","NETBANKING","Desktop","SG","SG","0","998","25","1054","false","false","0.7144","0"
"V2TXN-002124","CUST-V2-0921","2025-08-25T20:17:58.6600000+05:30","1388","UPI","Desktop","IN","IN","0","1351","16","1479","false","false","0.9385","0"
"V2TXN-002125","CUST-V2-0895","2025-08-25T23:08:55.2680000+05:30","3859","CARD","Desktop","IN","IN","0","1036","26","2766","false","false","1.3952","0"
"V2TXN-002126","CUST-V2-0833","2025-08-25T23:25:00.7830000+05:30","1589","CARD","Mobile","US","US","1","763","23","2608","false","false","0.6093","0"
"V2TXN-002127","CUST-V2-0539","2025-08-26T03:56:52.7590000+05:30","677","CARD","Desktop","IN","IN","1","1368","28","1043","false","false","0.6491","0"
"V2TXN-002128","CUST-V2-0858","2025-08-26T09:37:09.1490000+05:30","2152","CARD","Desktop","CA","CA","0","295","7","1922","false","false","1.1197","0"
"V2TXN-002129","CUST-V2-0628","2025-08-26T12:56:17.7060000+05:30","7141","NETBANKING","Mobile","IN","IN","0","1236","31","6629","false","false","1.0772","0"
"V2TXN-002130","CUST-V2-0554","2025-08-26T16:16:04.2370000+05:30","4133","UPI","Mobile","IN","IN","0","796","15","2596","false","false","1.5921","0"
"V2TXN-002131","CUST-V2-0091","2025-08-26T21:29:44.9140000+05:30","8600","UPI","Desktop","IN","IN","0","787","8","6831","false","false","1.2590","0"
"V2TXN-002132","CUST-V2-0064","2025-08-26T21:44:53.4710000+05:30","1321","BANK_TRANSFER","Mobile","SG","SG","0","1336","22","1924","false","false","0.6866","0"
"V2TXN-002133","CUST-V2-0315","2025-08-26T21:49:23.8270000+05:30","960","CARD","Desktop","SA","SA","0","139","2","1721","false","false","0.5578","0"
"V2TXN-002134","CUST-V2-0776","2025-08-26T22:15:45.0470000+05:30","620","CARD","Mobile","CA","CA","1","253","2","656","false","false","0.9451","0"
"V2TXN-002135","CUST-V2-0572","2025-08-26T23:23:12.9720000+05:30","30213","CARD","Desktop","IN","US","2","209","3","12602","false","true","2.3975","1"
"V2TXN-002136","CUST-V2-0286","2025-08-26T23:58:14.4710000+05:30","1123","UPI","Desktop","IN","IN","0","1633","36","1980","false","false","0.5672","0"
"V2TXN-002137","CUST-V2-0396","2025-08-27T00:42:36.5500000+05:30","1971","CARD","Mobile","IN","IN","0","905","28","1134","false","false","1.7381","0"
"V2TXN-002138","CUST-V2-0653","2025-08-27T02:01:00.5220000+05:30","1674","UPI","Mobile","US","IN","1","1033","10","611","false","true","2.7398","1"
"V2TXN-002139","CUST-V2-0468","2025-08-27T02:59:09.2620000+05:30","3037","CARD","Mobile","US","IN","0","1496","33","2280","false","true","1.3320","1"
"V2TXN-002140","CUST-V2-0950","2025-08-27T03:17:33.3450000+05:30","2784","CARD","Mobile","SG","SG","0","956","27","2475","false","false","1.1248","0"
"V2TXN-002141","CUST-V2-0689","2025-08-27T05:26:39.3150000+05:30","1347","UPI","Mobile","IN","IN","0","135","3","1215","false","false","1.1086","0"
"V2TXN-002142","CUST-V2-0747","2025-08-27T09:08:23.3480000+05:30","7459","CARD","Mobile","US","US","0","202","3","8461","false","false","0.8816","0"
"V2TXN-002143","CUST-V2-0735","2025-08-27T09:54:30.2700000+05:30","1962","UPI","Mobile","AU","AU","0","434","9","2938","false","false","0.6678","0"
"V2TXN-002144","CUST-V2-0770","2025-08-27T10:19:40.4830000+05:30","666","CARD","Mobile","IN","IN","1","805","19","692","false","false","0.9624","0"
"V2TXN-002145","CUST-V2-0171","2025-08-27T10:35:17.5890000+05:30","1530","CARD","Desktop","IN","IN","0","1532","22","802","false","false","1.9077","0"
"V2TXN-002146","CUST-V2-0060","2025-08-27T10:50:43.1880000+05:30","1527","WALLET","Tablet","IN","IN","0","222","5","1505","false","false","1.0146","0"
"V2TXN-002147","CUST-V2-0131","2025-08-27T18:44:56.0330000+05:30","389","NETBANKING","Mobile","IN","IN","1","778","10","469","false","false","0.8294","0"
"V2TXN-002148","CUST-V2-0083","2025-08-27T22:17:43.6840000+05:30","1365","WALLET","Mobile","IN","IN","0","969","9","1092","false","false","1.25","0"
"V2TXN-002149","CUST-V2-0508","2025-08-28T01:13:47.3090000+05:30","2440","NETBANKING","Desktop","GB","GB","0","251","7","2973","false","false","0.8207","0"
"V2TXN-002150","CUST-V2-0281","2025-08-28T03:04:38.1050000+05:30","999","BANK_TRANSFER","Mobile","IN","IN","0","1443","33","1424","false","false","0.7015","0"
"V2TXN-002151","CUST-V2-0883","2025-08-28T03:33:08.2090000+05:30","847","UPI","Mobile","IN","IN","0","372","7","1007","false","false","0.8411","0"
"V2TXN-002152","CUST-V2-0579","2025-08-28T04:27:32.0490000+05:30","2383","WALLET","Mobile","IN","IN","0","203","5","2478","false","false","0.9617","0"
"V2TXN-002153","CUST-V2-0046","2025-08-28T04:35:27.0860000+05:30","974","UPI","Mobile","GB","GB","0","429","9","1277","false","false","0.7627","0"
"V2TXN-002154","CUST-V2-0758","2025-08-28T08:24:14.7140000+05:30","1131","CARD","Desktop","IN","IN","0","1166","13","2121","false","false","0.5332","0"
"V2TXN-002155","CUST-V2-0741","2025-08-28T09:38:44.7230000+05:30","673","CARD","Desktop","IN","IN","4","517","14","2751","false","false","0.2446","1"
"V2TXN-002156","CUST-V2-0577","2025-08-28T10:13:30.3190000+05:30","3227","UPI","Mobile","IN","IN","0","1008","26","2288","false","false","1.4104","0"
"V2TXN-002157","CUST-V2-0900","2025-08-28T10:18:55.7870000+05:30","1120","CARD","Desktop","IN","IN","0","238","3","3336","false","false","0.3357","0"
"V2TXN-002158","CUST-V2-0338","2025-08-28T10:26:52.2030000+05:30","902","CARD","Mobile","US","US","0","1433","23","1120","false","false","0.8054","0"
"V2TXN-002159","CUST-V2-0508","2025-08-28T10:47:44.9670000+05:30","3375","CARD","Desktop","GB","GB","0","251","8","2906","false","false","1.1614","0"
"V2TXN-002160","CUST-V2-0821","2025-08-28T12:44:50.9220000+05:30","23119","CARD","Tablet","IN","IN","0","229","5","15676","false","false","1.4748","0"
"V2TXN-002161","CUST-V2-0315","2025-08-28T14:44:51.9690000+05:30","1451","CARD","Desktop","SA","SA","0","141","3","1467","false","false","0.9891","0"
"V2TXN-002162","CUST-V2-0736","2025-08-28T16:06:13.2140000+05:30","251","UPI","Desktop","SG","SG","0","954","24","314","false","false","0.7994","0"
"V2TXN-002163","CUST-V2-0111","2025-08-28T16:35:07.0020000+05:30","752","WALLET","Mobile","GB","IN","0","1316","24","861","false","true","0.8734","1"
"V2TXN-002164","CUST-V2-0509","2025-08-28T16:39:57.4240000+05:30","881","BANK_TRANSFER","Mobile","IN","IN","2","730","17","876","false","false","1.0057","0"
"V2TXN-002165","CUST-V2-0597","2025-08-28T18:14:32.0050000+05:30","1991","UPI","Desktop","IN","IN","0","704","10","1847","false","false","1.0780","0"
"V2TXN-002166","CUST-V2-0823","2025-08-28T21:15:36.4350000+05:30","1355","CARD","Desktop","IN","GB","4","46","1","1766","false","true","0.7673","1"
"V2TXN-002167","CUST-V2-0208","2025-08-28T22:20:27.1500000+05:30","2036","BANK_TRANSFER","Mobile","IN","IN","0","1163","25","1865","false","false","1.0917","0"
"V2TXN-002168","CUST-V2-0854","2025-08-28T23:13:48.4720000+05:30","8511","UPI","Mobile","GB","GB","1","208","4","9300","false","false","0.9152","0"
"V2TXN-002169","CUST-V2-0013","2025-08-29T00:47:23.0080000+05:30","519","UPI","Desktop","GB","GB","0","1179","22","621","false","false","0.8357","0"
"V2TXN-002170","CUST-V2-0076","2025-08-29T01:17:01.7700000+05:30","909","WALLET","Mobile","IN","IN","0","238","6","657","false","false","1.3836","0"
"V2TXN-002171","CUST-V2-0521","2025-08-29T05:51:55.6240000+05:30","3574","WALLET","Desktop","IN","IN","0","218","3","1825","false","false","1.9584","0"
"V2TXN-002172","CUST-V2-0169","2025-08-29T06:15:16.1750000+05:30","223","CARD","Mobile","IN","IN","0","996","24","302","false","false","0.7384","0"
"V2TXN-002173","CUST-V2-0604","2025-08-29T06:15:29.0600000+05:30","1378","CARD","Mobile","IN","IN","0","1582","19","1481","false","false","0.9305","0"
"V2TXN-002174","CUST-V2-0349","2025-08-29T06:32:50.1420000+05:30","1096","NETBANKING","Mobile","SG","SG","0","313","8","1151","false","false","0.9522","0"
"V2TXN-002175","CUST-V2-0731","2025-08-29T08:05:46.5580000+05:30","1368","CARD","Desktop","IN","IN","3","553","14","2723","false","false","0.5024","1"
"V2TXN-002176","CUST-V2-0461","2025-08-29T08:14:16.0370000+05:30","1300","NETBANKING","Mobile","SG","SG","0","530","13","1821","false","false","0.7139","0"
"V2TXN-002177","CUST-V2-0337","2025-08-29T12:58:30.9920000+05:30","162","CARD","Mobile","IN","IN","0","285","5","566","false","false","0.2862","0"
"V2TXN-002178","CUST-V2-0479","2025-08-29T14:23:46.4410000+05:30","2833","NETBANKING","Mobile","IN","IN","0","578","9","2226","false","false","1.2727","0"
"V2TXN-002179","CUST-V2-0643","2025-08-29T16:30:39.2320000+05:30","2072","UPI","Mobile","IN","IN","0","1173","27","3619","false","false","0.5725","0"
"V2TXN-002180","CUST-V2-0110","2025-08-29T17:48:10.5590000+05:30","1751","WALLET","Mobile","IN","IN","0","1539","18","2383","false","false","0.7348","0"
"V2TXN-002181","CUST-V2-0160","2025-08-29T18:37:34.0130000+05:30","515","BANK_TRANSFER","Mobile","US","US","1","232","2","580","false","false","0.8879","0"
"V2TXN-002182","CUST-V2-0061","2025-08-29T19:51:44.9370000+05:30","1956","NETBANKING","Mobile","GB","GB","0","541","15","1398","false","false","1.3991","0"
"V2TXN-002183","CUST-V2-0775","2025-08-30T00:07:48.8910000+05:30","8502","WALLET","Desktop","CA","CA","0","1459","26","3243","false","false","2.6216","0"
"V2TXN-002184","CUST-V2-0420","2025-08-30T01:05:03.9620000+05:30","2267","CARD","Desktop","AE","AE","0","142","3","4752","false","false","0.4771","0"
"V2TXN-002185","CUST-V2-0288","2025-08-30T01:41:48.5650000+05:30","5120","CARD","Mobile","IN","IN","0","625","16","4761","false","false","1.0754","0"
"V2TXN-002186","CUST-V2-0738","2025-08-30T04:04:55.2870000+05:30","2718","UPI","Tablet","IN","IN","0","265","5","1594","false","false","1.7051","0"
"V2TXN-002187","CUST-V2-0266","2025-08-30T04:26:16.7780000+05:30","755","UPI","Desktop","IN","IN","1","748","19","935","false","false","0.8075","0"
"V2TXN-002188","CUST-V2-0514","2025-08-30T04:37:08.1030000+05:30","895","UPI","Mobile","IN","IN","1","1434","35","687","false","false","1.3028","0"
"V2TXN-002189","CUST-V2-0976","2025-08-30T05:47:28.4950000+05:30","3198","CARD","Mobile","AE","AE","0","259","7","1391","false","false","2.2991","0"
"V2TXN-002190","CUST-V2-0333","2025-08-30T07:31:19.5920000+05:30","969","CARD","Mobile","SG","SG","0","1359","34","1175","false","false","0.8247","0"
"V2TXN-002191","CUST-V2-0973","2025-08-30T10:26:59.6290000+05:30","2514","CARD","Desktop","DE","IN","1","791","22","1931","false","true","1.3019","1"
"V2TXN-002192","CUST-V2-0732","2025-08-30T11:06:52.8670000+05:30","1713","BANK_TRANSFER","Mobile","GB","GB","0","1634","38","2290","false","false","0.7480","0"
"V2TXN-002193","CUST-V2-0886","2025-08-30T13:58:37.4020000+05:30","525","CARD","Mobile","GB","GB","1","1454","29","1407","false","false","0.3731","0"
"V2TXN-002194","CUST-V2-0483","2025-08-30T14:25:54.4410000+05:30","4262","NETBANKING","Mobile","IN","IN","0","338","8","3447","false","false","1.2364","0"
"V2TXN-002195","CUST-V2-0285","2025-08-30T14:38:42.4050000+05:30","1020","CARD","Mobile","IN","IN","1","155","3","901","false","false","1.1321","0"
"V2TXN-002196","CUST-V2-0930","2025-08-30T15:59:55.2910000+05:30","2175","WALLET","Desktop","IN","IN","0","1152","14","3120","false","false","0.6971","0"
"V2TXN-002197","CUST-V2-0598","2025-08-30T18:15:04.5470000+05:30","1411","CARD","Mobile","IN","IN","0","585","11","1491","false","false","0.9463","0"
"V2TXN-002198","CUST-V2-0882","2025-08-30T19:47:05.1740000+05:30","6782","CARD","Desktop","AU","SG","1","251","5","3097","false","true","2.1899","1"
"V2TXN-002199","CUST-V2-0053","2025-08-30T20:15:51.8850000+05:30","1999","CARD","Tablet","IN","IN","0","1568","38","2426","false","false","0.8240","0"
"V2TXN-002200","CUST-V2-0363","2025-08-30T20:47:59.6460000+05:30","3241","UPI","Mobile","IN","IN","0","1388","32","2653","false","false","1.2216","0"
"V2TXN-002201","CUST-V2-0961","2025-08-31T01:06:19.9860000+05:30","2494","BANK_TRANSFER","Mobile","SA","SA","0","227","7","1404","false","false","1.7764","0"
"V2TXN-002202","CUST-V2-0270","2025-08-31T02:28:31.1970000+05:30","3529","WALLET","Mobile","IN","IN","1","237","4","2564","false","false","1.3764","0"
"V2TXN-002203","CUST-V2-0670","2025-08-31T03:10:21.9830000+05:30","1163","UPI","Mobile","IN","IN","0","1007","12","1451","false","false","0.8015","0"
"V2TXN-002204","CUST-V2-0338","2025-08-31T03:39:49.9720000+05:30","2530","UPI","Mobile","IN","US","2","1435","24","1111","false","true","2.2772","1"
"V2TXN-002205","CUST-V2-0206","2025-08-31T06:19:48.3080000+05:30","1498","WALLET","Mobile","US","US","1","232","6","839","false","false","1.7855","0"
"V2TXN-002206","CUST-V2-0061","2025-08-31T08:42:04.5200000+05:30","2109","UPI","Mobile","GB","GB","0","543","16","1433","false","false","1.4717","0"
"V2TXN-002207","CUST-V2-0161","2025-08-31T10:37:06.4580000+05:30","20309","CARD","Tablet","IN","IN","0","256","4","18484","false","false","1.0987","0"
"V2TXN-002208","CUST-V2-0902","2025-08-31T12:08:56.1610000+05:30","3200","CARD","Mobile","IN","IN","0","258","4","4041","false","false","0.7919","0"
"V2TXN-002209","CUST-V2-0607","2025-08-31T15:18:01.3410000+05:30","522","CARD","Mobile","IN","IN","1","1041","28","831","false","false","0.6282","0"
"V2TXN-002210","CUST-V2-0535","2025-08-31T15:55:49.7610000+05:30","7389","UPI","Desktop","IN","IN","0","1189","31","2596","false","false","2.8463","0"
"V2TXN-002211","CUST-V2-0191","2025-08-31T17:52:00.6930000+05:30","2155","UPI","Mobile","SG","SG","0","390","11","2333","false","false","0.9237","0"
"V2TXN-002212","CUST-V2-0012","2025-08-31T19:59:36.7010000+05:30","4297","BANK_TRANSFER","Mobile","GB","GB","0","253","5","4835","false","false","0.8887","0"
"V2TXN-002213","CUST-V2-0128","2025-08-31T20:26:08.7490000+05:30","750","CARD","Mobile","IN","IN","0","524","6","1131","false","false","0.6631","1"
"V2TXN-002214","CUST-V2-0067","2025-08-31T20:47:25.2950000+05:30","489","CARD","Mobile","DE","DE","6","228","4","1984","false","false","0.2465","1"
"V2TXN-002215","CUST-V2-0395","2025-08-31T21:30:24.9410000+05:30","154","CARD","Mobile","IN","IN","0","1135","14","262","false","false","0.5878","0"
"V2TXN-002216","CUST-V2-0683","2025-08-31T22:03:21.5720000+05:30","3476","UPI","Mobile","DE","DE","0","1450","23","1692","false","false","2.0544","0"
"V2TXN-002217","CUST-V2-0619","2025-09-01T02:53:32.3520000+05:30","882","CARD","Tablet","IN","IN","0","1124","18","768","false","false","1.1484","0"
"V2TXN-002218","CUST-V2-0008","2025-09-01T03:45:01.9150000+05:30","1785","CARD","Desktop","IN","IN","0","1194","18","1380","false","false","1.2935","0"
"V2TXN-002219","CUST-V2-0749","2025-09-01T07:43:19.5260000+05:30","1275","WALLET","Mobile","IN","IN","0","898","11","1447","false","false","0.8811","0"
"V2TXN-002220","CUST-V2-0873","2025-09-01T07:52:58.8640000+05:30","210","CARD","Mobile","IN","IN","1","198","4","318","false","false","0.6604","0"
"V2TXN-002221","CUST-V2-0522","2025-09-01T09:27:55.8090000+05:30","3390","UPI","Mobile","IN","IN","0","588","11","2386","false","false","1.4208","0"
"V2TXN-002222","CUST-V2-0627","2025-09-01T11:25:05.0730000+05:30","378","UPI","Mobile","GB","GB","0","174","4","512","false","false","0.7383","0"
"V2TXN-002223","CUST-V2-0325","2025-09-01T12:00:51.4450000+05:30","593","UPI","Tablet","US","US","0","224","6","926","false","false","0.6404","0"
"V2TXN-002224","CUST-V2-1000","2025-09-01T14:37:42.8550000+05:30","593","CARD","Tablet","IN","IN","0","195","6","1245","false","false","0.4763","0"
"V2TXN-002225","CUST-V2-0717","2025-09-01T18:47:08.0820000+05:30","46872","CARD","Mobile","IN","IN","1","248","1","40707","false","false","1.1514","0"
"V2TXN-002226","CUST-V2-0405","2025-09-01T19:48:02.7940000+05:30","2352","UPI","Mobile","IN","IN","0","1339","27","3796","false","false","0.6196","0"
"V2TXN-002227","CUST-V2-0407","2025-09-01T20:30:37.4570000+05:30","4895","UPI","Mobile","IN","IN","0","291","5","3486","false","false","1.4042","0"
"V2TXN-002228","CUST-V2-0193","2025-09-01T23:51:15.0630000+05:30","1721","CARD","Mobile","US","US","0","572","8","2123","false","false","0.8106","0"
"V2TXN-002229","CUST-V2-0640","2025-09-02T02:50:21.6010000+05:30","5076","UPI","Desktop","IN","IN","0","1075","31","3613","false","false","1.4049","0"
"V2TXN-002230","CUST-V2-0305","2025-09-02T04:14:23.5550000+05:30","4995","WALLET","Desktop","IN","IN","1","475","6","3893","false","false","1.2831","0"
"V2TXN-002231","CUST-V2-0448","2025-09-02T05:01:32.9940000+05:30","1550","NETBANKING","Mobile","IN","IN","0","205","4","1639","false","false","0.9457","0"
"V2TXN-002232","CUST-V2-0391","2025-09-02T06:04:49.6490000+05:30","2922","CARD","Desktop","IN","GB","3","228","5","1503","false","true","1.9441","1"
"V2TXN-002233","CUST-V2-0814","2025-09-02T08:34:14.9750000+05:30","1442","CARD","Tablet","IN","IN","4","228","6","1233","false","false","1.1695","1"
"V2TXN-002234","CUST-V2-0229","2025-09-02T10:51:40.7750000+05:30","1963","UPI","Desktop","IN","IN","0","736","10","2864","false","false","0.6854","0"
"V2TXN-002235","CUST-V2-0149","2025-09-02T12:15:33.2070000+05:30","12637","CARD","Mobile","IN","IN","2","231","3","17292","false","false","0.7308","0"
"V2TXN-002236","CUST-V2-0244","2025-09-02T13:11:12.9890000+05:30","3131","CARD","Mobile","IN","IN","0","1057","16","1385","false","false","2.2606","1"
"V2TXN-002237","CUST-V2-0535","2025-09-02T16:11:14.0270000+05:30","3513","UPI","Desktop","IN","IN","0","1191","32","2746","false","false","1.2793","0"
"V2TXN-002238","CUST-V2-0525","2025-09-02T16:33:30.9820000+05:30","5982","UPI","Mobile","IN","IN","1","1170","15","4185","false","false","1.4294","0"
"V2TXN-002239","CUST-V2-0125","2025-09-02T16:54:40.9770000+05:30","1286","NETBANKING","Mobile","US","US","0","520","14","1520","false","false","0.8461","0"
"V2TXN-002240","CUST-V2-0479","2025-09-02T17:36:23.6580000+05:30","4087","CARD","Desktop","IN","IN","3","582","10","2287","false","false","1.7871","1"
"V2TXN-002241","CUST-V2-0472","2025-09-02T20:27:55.9550000+05:30","1213","NETBANKING","Mobile","GB","GB","0","288","4","639","false","false","1.8983","0"
"V2TXN-002242","CUST-V2-0265","2025-09-02T22:32:19.9630000+05:30","2129","CARD","Desktop","IN","IN","0","1393","39","2520","false","false","0.8448","0"
"V2TXN-002243","CUST-V2-0855","2025-09-03T00:12:22.4300000+05:30","1783","CARD","Desktop","US","US","1","232","4","1132","false","false","1.5751","0"
"V2TXN-002244","CUST-V2-0652","2025-09-03T03:58:02.1340000+05:30","191","UPI","Mobile","IN","IN","0","243","5","190","false","false","1.0053","0"
"V2TXN-002245","CUST-V2-0979","2025-09-03T06:38:24.7720000+05:30","1904","UPI","Mobile","AE","AE","0","1115","20","1261","false","false","1.5099","1"
"V2TXN-002246","CUST-V2-0512","2025-09-03T11:35:02.1060000+05:30","133","CARD","Mobile","IN","IN","4","576","10","3609","false","false","0.0369","1"
"V2TXN-002247","CUST-V2-0709","2025-09-03T14:36:48.1740000+05:30","3683","WALLET","Desktop","IN","IN","1","352","10","3359","false","false","1.0965","0"
"V2TXN-002248","CUST-V2-0732","2025-09-03T15:32:01.3240000+05:30","2128","BANK_TRANSFER","Mobile","GB","GB","1","1638","39","2276","false","false","0.9350","0"
"V2TXN-002249","CUST-V2-0083","2025-09-03T18:15:39.2770000+05:30","715","WALLET","Mobile","IN","IN","0","976","10","1119","false","false","0.6390","0"
"V2TXN-002250","CUST-V2-0433","2025-09-03T21:27:50.8850000+05:30","6542","UPI","Desktop","IN","IN","0","255","6","8444","false","false","0.7748","0"
"V2TXN-002251","CUST-V2-0536","2025-09-03T23:23:16.5690000+05:30","1860","UPI","Desktop","IN","IN","0","1506","39","1425","false","false","1.3053","0"
"V2TXN-002252","CUST-V2-0115","2025-09-04T01:38:44.5940000+05:30","252","CARD","Mobile","SG","SG","1","1244","28","434","false","false","0.5806","0"
"V2TXN-002253","CUST-V2-0033","2025-09-04T02:09:48.9660000+05:30","2991","NETBANKING","Desktop","IN","IN","0","1429","19","2679","false","false","1.1165","0"
"V2TXN-002254","CUST-V2-0518","2025-09-04T03:15:26.1520000+05:30","757","NETBANKING","Mobile","IN","IN","0","1171","29","1114","false","false","0.6795","0"
"V2TXN-002255","CUST-V2-0160","2025-09-04T04:00:24.2900000+05:30","699","BANK_TRANSFER","Desktop","US","US","0","238","3","558","false","false","1.2527","0"
"V2TXN-002256","CUST-V2-0754","2025-09-04T05:30:44.3390000+05:30","731","UPI","Mobile","SA","IN","0","1521","36","612","false","true","1.1944","0"
"V2TXN-002257","CUST-V2-0535","2025-09-04T06:20:50.6760000+05:30","5428","UPI","Desktop","IN","IN","1","1193","33","2769","false","false","1.9603","0"
"V2TXN-002258","CUST-V2-0737","2025-09-04T09:01:20.6010000+05:30","2897","UPI","Mobile","IN","IN","0","1236","33","2170","false","false","1.3350","0"
"V2TXN-002259","CUST-V2-0120","2025-09-04T09:45:51.5400000+05:30","2819","CARD","Mobile","IN","IN","0","795","10","3042","false","false","0.9267","0"
"V2TXN-002260","CUST-V2-0527","2025-09-04T11:46:24.9560000+05:30","1129","UPI","Mobile","IN","IN","1","244","3","597","false","false","1.8911","0"
"V2TXN-002261","CUST-V2-0458","2025-09-04T13:51:11.4130000+05:30","1757","UPI","Desktop","IN","IN","0","659","16","2067","false","false","0.8500","0"
"V2TXN-002262","CUST-V2-0479","2025-09-04T14:04:25.0130000+05:30","4180","NETBANKING","Mobile","IN","IN","0","584","11","2451","false","false","1.7054","1"
"V2TXN-002263","CUST-V2-0333","2025-09-04T15:39:45.8450000+05:30","899","CARD","Mobile","SG","SG","0","1364","35","1169","false","false","0.7690","0"
"V2TXN-002264","CUST-V2-0511","2025-09-04T15:39:53.3380000+05:30","13370","UPI","Desktop","IN","IN","1","666","18","7122","false","false","1.8773","0"
"V2TXN-002265","CUST-V2-0654","2025-09-04T15:47:37.8680000+05:30","905","CARD","Tablet","GB","GB","0","875","13","996","false","false","0.9086","0"
"V2TXN-002266","CUST-V2-0686","2025-09-04T17:11:25.9650000+05:30","2895","NETBANKING","Desktop","GB","GB","0","744","12","2503","false","false","1.1566","0"
"V2TXN-002267","CUST-V2-0886","2025-09-04T17:18:10.1140000+05:30","2041","UPI","Mobile","GB","GB","0","1459","30","1377","false","false","1.4822","0"
"V2TXN-002268","CUST-V2-0873","2025-09-04T18:48:39.6380000+05:30","350","BANK_TRANSFER","Tablet","US","IN","0","201","5","297","false","true","1.1785","1"
"V2TXN-002269","CUST-V2-0104","2025-09-04T19:53:06.0820000+05:30","1545","NETBANKING","Mobile","SA","SA","0","204","5","1625","false","false","0.9508","0"
"V2TXN-002270","CUST-V2-0070","2025-09-05T00:02:08.6650000+05:30","2765","UPI","Mobile","GB","GB","1","951","17","3279","false","false","0.8432","0"
"V2TXN-002271","CUST-V2-0811","2025-09-05T02:39:04.6220000+05:30","2022","WALLET","Mobile","GB","GB","1","230","4","2289","false","false","0.8834","0"
"V2TXN-002272","CUST-V2-0387","2025-09-05T04:02:32.4110000+05:30","499","UPI","Mobile","IN","IN","0","507","8","628","false","false","0.7946","0"
"V2TXN-002273","CUST-V2-0419","2025-09-05T04:58:35.0990000+05:30","5087","UPI","Desktop","IN","IN","1","928","26","4785","false","false","1.0631","0"
"V2TXN-002274","CUST-V2-0342","2025-09-05T06:33:06.2610000+05:30","3139","CARD","Mobile","SA","SA","0","1352","27","4128","false","false","0.7604","0"
"V2TXN-002275","CUST-V2-0746","2025-09-05T10:26:30.6140000+05:30","979","CARD","Mobile","GB","GB","4","1584","38","1028","false","false","0.9523","0"
"V2TXN-002276","CUST-V2-0799","2025-09-05T14:12:42.7580000+05:30","1065","CARD","Mobile","IN","IN","0","249","3","1906","false","false","0.5588","0"
"V2TXN-002277","CUST-V2-0362","2025-09-05T15:07:35.1620000+05:30","1129","UPI","Desktop","SG","SG","0","452","9","1209","false","false","0.9338","0"
"V2TXN-002278","CUST-V2-0638","2025-09-05T16:17:33.6410000+05:30","1258","CARD","Mobile","IN","IN","0","414","7","1273","false","false","0.9882","0"
"V2TXN-002279","CUST-V2-0786","2025-09-05T16:45:33.3740000+05:30","1530","UPI","Desktop","IN","IN","0","912","11","759","false","false","2.0158","0"
"V2TXN-002280","CUST-V2-0738","2025-09-05T18:31:46.9580000+05:30","2098","BANK_TRANSFER","Tablet","IN","IN","0","271","6","1781","false","false","1.1780","0"
"V2TXN-002281","CUST-V2-0607","2025-09-05T19:03:43.9880000+05:30","731","UPI","Mobile","IN","IN","0","1046","29","821","false","false","0.8904","1"
"V2TXN-002282","CUST-V2-0628","2025-09-05T20:39:59.1940000+05:30","3307","NETBANKING","Mobile","IN","IN","0","1247","32","6645","false","false","0.4977","0"
"V2TXN-002283","CUST-V2-0400","2025-09-05T20:51:18.1030000+05:30","2380","UPI","Mobile","IN","IN","0","1195","20","1204","false","false","1.9767","0"
"V2TXN-002284","CUST-V2-0509","2025-09-05T21:54:25.2560000+05:30","617","BANK_TRANSFER","Mobile","IN","IN","0","738","18","876","false","false","0.7043","0"
"V2TXN-002285","CUST-V2-0348","2025-09-05T22:01:04.8960000+05:30","1059","CARD","Tablet","IN","US","1","829","15","831","false","true","1.2744","0"
"V2TXN-002286","CUST-V2-0859","2025-09-05T23:11:04.9710000+05:30","1848","NETBANKING","Desktop","CA","CA","0","1479","17","1774","false","false","1.0417","0"
"V2TXN-002287","CUST-V2-0304","2025-09-05T23:41:47.7660000+05:30","2490","UPI","Desktop","CA","CA","0","1163","22","2780","false","false","0.8957","0"
"V2TXN-002288","CUST-V2-0961","2025-09-06T01:39:21.1870000+05:30","1518","UPI","Mobile","SA","SA","0","233","8","1540","false","false","0.9857","1"
"V2TXN-002289","CUST-V2-0360","2025-09-06T01:48:07.6020000+05:30","1863","NETBANKING","Mobile","IN","IN","0","257","4","2120","false","false","0.8788","0"
"V2TXN-002290","CUST-V2-0508","2025-09-06T04:59:46.4610000+05:30","1998","NETBANKING","Desktop","GB","GB","0","260","9","2958","false","false","0.6755","0"
"V2TXN-002291","CUST-V2-0375","2025-09-06T07:01:40.3570000+05:30","872","NETBANKING","Mobile","US","US","0","442","9","953","false","false","0.9150","0"
"V2TXN-002292","CUST-V2-0655","2025-09-06T07:08:22.2690000+05:30","4262","UPI","Mobile","IN","IN","0","253","6","5877","false","false","0.7252","0"
"V2TXN-002293","CUST-V2-0511","2025-09-06T07:27:42.5400000+05:30","8612","UPI","Mobile","IN","IN","0","668","19","7451","false","false","1.1558","0"
"V2TXN-002294","CUST-V2-0941","2025-09-06T07:41:26.4140000+05:30","5800","UPI","Mobile","CA","CA","1","45","1","2117","false","false","2.7397","1"
"V2TXN-002295","CUST-V2-0136","2025-09-06T11:13:11.3310000+05:30","4748","UPI","Mobile","GB","GB","0","1076","13","2440","false","false","1.9459","0"
"V2TXN-002296","CUST-V2-0602","2025-09-06T11:43:25.2700000+05:30","1503","CARD","Mobile","IN","IN","0","582","11","2478","false","false","0.6065","0"
"V2TXN-002297","CUST-V2-0080","2025-09-06T13:45:54.8260000+05:30","3092","CARD","Mobile","IN","IN","0","778","15","2976","false","false","1.0390","0"
"V2TXN-002298","CUST-V2-0362","2025-09-06T14:59:15.8570000+05:30","1142","UPI","Desktop","SG","SG","1","453","10","1201","false","false","0.9509","0"
"V2TXN-002299","CUST-V2-0175","2025-09-06T17:44:29.2540000+05:30","1196","UPI","Mobile","US","US","2","1504","17","900","false","false","1.3289","0"
"V2TXN-002300","CUST-V2-0775","2025-09-06T18:48:10.2800000+05:30","3345","WALLET","Desktop","CA","CA","0","1467","27","3438","false","false","0.9729","0"
"V2TXN-002301","CUST-V2-0614","2025-09-06T19:30:10.7400000+05:30","608","NETBANKING","Desktop","US","US","1","49","1","701","false","false","0.8673","0"
"V2TXN-002302","CUST-V2-0823","2025-09-06T19:46:53.6930000+05:30","1648","CARD","Mobile","GB","GB","0","55","2","1561","false","false","1.0557","0"
"V2TXN-002303","CUST-V2-0862","2025-09-06T22:20:01.3000000+05:30","2295","CARD","Mobile","CA","CA","0","869","13","2053","false","false","1.1179","0"
"V2TXN-002304","CUST-V2-0579","2025-09-07T02:10:20.7340000+05:30","2755","UPI","Mobile","IN","IN","0","213","6","2463","false","false","1.1186","0"
"V2TXN-002305","CUST-V2-0762","2025-09-07T02:59:52.5920000+05:30","343","NETBANKING","Mobile","AU","AU","1","278","5","403","false","false","0.8511","0"
"V2TXN-002306","CUST-V2-0027","2025-09-07T04:08:11.8860000+05:30","1041","CARD","Desktop","IN","IN","0","516","9","1686","false","false","0.6174","0"
"V2TXN-002307","CUST-V2-0962","2025-09-07T04:27:06.7790000+05:30","1757","UPI","Mobile","GB","GB","0","629","12","1391","false","false","1.2631","0"
"V2TXN-002308","CUST-V2-0766","2025-09-07T11:55:37.0880000+05:30","2188","WALLET","Mobile","IN","IN","0","1535","39","2197","false","false","0.9959","0"
"V2TXN-002309","CUST-V2-0321","2025-09-07T12:34:18.3150000+05:30","2167","UPI","Mobile","IN","IN","1","1137","12","2194","false","false","0.9877","1"
"V2TXN-002310","CUST-V2-0274","2025-09-07T12:38:09.6850000+05:30","3579","CARD","Mobile","US","US","1","1217","28","1997","false","false","1.7922","0"
"V2TXN-002311","CUST-V2-0178","2025-09-07T13:53:31.9500000+05:30","2489","UPI","Mobile","SG","SG","0","242","1","3073","false","false","0.8100","0"
"V2TXN-002312","CUST-V2-0511","2025-09-07T14:48:05.0730000+05:30","8151","CARD","Desktop","GB","IN","3","669","20","7509","false","true","1.0855","1"
"V2TXN-002313","CUST-V2-0340","2025-09-07T15:43:03.4120000+05:30","1385","UPI","Mobile","US","US","0","915","9","2460","false","false","0.5630","0"
"V2TXN-002314","CUST-V2-0770","2025-09-07T17:22:19.7600000+05:30","886","CARD","Mobile","IN","IN","0","816","20","691","false","false","1.2822","0"
"V2TXN-002315","CUST-V2-0131","2025-09-07T17:36:05.0460000+05:30","722","CARD","Mobile","IN","IN","1","789","11","461","false","false","1.5662","0"
"V2TXN-002316","CUST-V2-0390","2025-09-07T19:29:51.4810000+05:30","2443","CARD","Desktop","US","IN","1","252","4","1068","false","true","2.2875","0"
"V2TXN-002317","CUST-V2-0114","2025-09-07T20:24:27.0880000+05:30","9976","UPI","Mobile","AU","AU","0","748","18","11733","false","false","0.8503","0"
"V2TXN-002318","CUST-V2-0938","2025-09-07T20:50:48.2130000+05:30","9208","UPI","Mobile","SG","SG","0","854","13","6062","false","false","1.5190","0"
"V2TXN-002319","CUST-V2-0333","2025-09-07T22:26:45.5470000+05:30","1514","CARD","Mobile","SG","SG","0","1367","36","1161","false","false","1.3040","0"
"V2TXN-002320","CUST-V2-0114","2025-09-07T23:24:01.9800000+05:30","15527","UPI","Mobile","AU","AU","0","748","19","11640","false","false","1.3339","0"
"V2TXN-002321","CUST-V2-0361","2025-09-08T04:03:23.5090000+05:30","1102","CARD","Mobile","IN","IN","1","1370","22","735","false","false","1.4993","0"
"V2TXN-002322","CUST-V2-0302","2025-09-08T05:33:42.9790000+05:30","1764","UPI","Mobile","SG","SG","1","1430","22","1393","false","false","1.2663","0"
"V2TXN-002323","CUST-V2-0356","2025-09-08T07:59:49.1980000+05:30","1555","UPI","Mobile","US","US","0","232","2","1941","false","false","0.8011","0"
"V2TXN-002324","CUST-V2-0269","2025-09-08T09:11:47.1700000+05:30","5326","NETBANKING","Mobile","GB","GB","0","452","11","2981","false","false","1.7866","0"
"V2TXN-002325","CUST-V2-0943","2025-09-08T11:28:26.6810000+05:30","2055","CARD","Mobile","IN","SG","4","719","14","1897","false","true","1.0833","1"
"V2TXN-002326","CUST-V2-0670","2025-09-08T14:19:21.2850000+05:30","613","UPI","Tablet","IN","IN","0","1016","13","1429","false","false","0.4290","0"
"V2TXN-002327","CUST-V2-0187","2025-09-08T15:47:39.6590000+05:30","1213","UPI","Desktop","GB","GB","1","1348","25","1399","false","false","0.8670","0"
"V2TXN-002328","CUST-V2-0363","2025-09-08T15:59:56.9910000+05:30","3562","UPI","Mobile","IN","IN","0","1397","33","2671","false","false","1.3336","0"
"V2TXN-002329","CUST-V2-0829","2025-09-08T16:44:05.0760000+05:30","1674","BANK_TRANSFER","Mobile","AU","AU","0","1015","16","2304","false","false","0.7266","0"
"V2TXN-002330","CUST-V2-0926","2025-09-08T19:13:59.7290000+05:30","1225","UPI","Desktop","IN","IN","0","1341","13","1178","false","false","1.0399","0"
"V2TXN-002331","CUST-V2-0568","2025-09-08T19:29:02.3310000+05:30","3241","CARD","Desktop","IN","IN","1","278","4","1842","false","false","1.7595","0"
"V2TXN-002332","CUST-V2-0071","2025-09-08T19:39:37.4200000+05:30","634","UPI","Mobile","IN","IN","1","1426","23","1317","false","false","0.4814","0"
"V2TXN-002333","CUST-V2-0070","2025-09-08T23:34:10.9880000+05:30","2480","CARD","Desktop","GB","GB","0","955","18","3251","false","false","0.7628","1"
"V2TXN-002334","CUST-V2-0983","2025-09-09T02:25:40.9870000+05:30","1328","UPI","Desktop","GB","GB","0","684","6","1081","false","false","1.2285","0"
"V2TXN-002335","CUST-V2-0746","2025-09-09T02:40:34.5150000+05:30","2062","CARD","Mobile","GB","GB","0","1588","39","1027","false","false","2.0078","0"
"V2TXN-002336","CUST-V2-0376","2025-09-09T04:09:25.9930000+05:30","504","UPI","Mobile","IN","IN","0","532","9","614","false","false","0.8208","0"
"V2TXN-002337","CUST-V2-0949","2025-09-09T11:33:05.6790000+05:30","5637","UPI","Mobile","IN","IN","0","975","15","2270","false","false","2.4833","0"
"V2TXN-002338","CUST-V2-0172","2025-09-09T11:52:03.4130000+05:30","1261","UPI","Desktop","CA","CA","0","217","3","1388","false","false","0.9085","0"
"V2TXN-002339","CUST-V2-0595","2025-09-09T12:23:51.4590000+05:30","1874","UPI","Mobile","IN","IN","0","96","1","2343","false","false","0.7998","0"
"V2TXN-002340","CUST-V2-0485","2025-09-09T13:26:01.8660000+05:30","1490","UPI","Mobile","IN","IN","0","761","15","1217","false","false","1.2243","0"
"V2TXN-002341","CUST-V2-0499","2025-09-09T14:23:53.4410000+05:30","260","UPI","Mobile","IN","IN","0","1707","31","530","false","false","0.4906","0"
"V2TXN-002342","CUST-V2-0119","2025-09-09T15:14:07.8760000+05:30","2147","WALLET","Mobile","IN","IN","1","244","4","2315","false","false","0.9274","0"
"V2TXN-002343","CUST-V2-0027","2025-09-09T15:36:50.3770000+05:30","1740","UPI","Mobile","IN","IN","1","518","10","1621","false","false","1.0734","0"
"V2TXN-002344","CUST-V2-0388","2025-09-09T18:52:01.6230000+05:30","5172","CARD","Desktop","IN","IN","0","268","4","4571","false","false","1.1315","0"
"V2TXN-002345","CUST-V2-0516","2025-09-09T19:24:33.4380000+05:30","1147","CARD","Mobile","US","IN","2","990","22","625","false","true","1.8352","1"
"V2TXN-002346","CUST-V2-0283","2025-09-09T19:42:21.9850000+05:30","984","CARD","Mobile","IN","IN","6","286","7","4761","false","false","0.2067","1"
"V2TXN-002347","CUST-V2-0970","2025-09-09T21:59:46.5050000+05:30","3305","CARD","Tablet","CA","US","1","761","20","1554","false","true","2.1268","1"
"V2TXN-002348","CUST-V2-0833","2025-09-09T23:10:18.2230000+05:30","1739","CARD","Mobile","US","US","0","778","24","2566","false","false","0.6777","0"
"V2TXN-002349","CUST-V2-0431","2025-09-10T00:51:25.5500000+05:30","2067","UPI","Tablet","GB","GB","0","1514","36","1777","false","false","1.1632","0"
"V2TXN-002350","CUST-V2-0445","2025-09-10T01:18:31.5100000+05:30","1094","WALLET","Mobile","IN","IN","0","114","3","1595","false","false","0.6859","0"
"V2TXN-002351","CUST-V2-0422","2025-09-10T03:16:09.6730000+05:30","1883","WALLET","Mobile","AU","AU","0","984","28","1139","false","false","1.6532","0"
"V2TXN-002352","CUST-V2-0800","2025-09-10T04:47:27.9710000+05:30","4207","UPI","Mobile","AE","AE","0","907","15","2955","false","false","1.4237","0"
"V2TXN-002353","CUST-V2-0619","2025-09-10T05:29:57.3610000+05:30","1077","NETBANKING","Tablet","IN","IN","4","1133","19","774","false","false","1.3915","0"
"V2TXN-002354","CUST-V2-0347","2025-09-10T05:59:12.5620000+05:30","4271","WALLET","Desktop","US","SG","0","237","2","2551","false","true","1.6742","0"
"V2TXN-002355","CUST-V2-0879","2025-09-10T07:40:50.9430000+05:30","4118","CARD","Mobile","IN","IN","0","257","4","5185","false","false","0.7942","0"
"V2TXN-002356","CUST-V2-0774","2025-09-10T10:15:57.8930000+05:30","2699","NETBANKING","Mobile","IN","IN","0","215","3","4581","false","false","0.5892","0"
"V2TXN-002357","CUST-V2-0446","2025-09-10T11:01:11.7220000+05:30","1887","UPI","Mobile","IN","IN","0","1015","23","2121","false","false","0.8897","0"
"V2TXN-002358","CUST-V2-0397","2025-09-10T11:33:32.6160000+05:30","2419","UPI","Mobile","IN","IN","0","749","15","1924","false","false","1.2573","0"
"V2TXN-002359","CUST-V2-0902","2025-09-10T12:54:21.9240000+05:30","4152","CARD","Mobile","IN","IN","0","268","5","3873","false","false","1.0720","0"
"V2TXN-002360","CUST-V2-0809","2025-09-10T16:11:03.6920000+05:30","419","UPI","Mobile","SG","IN","0","549","13","716","false","true","0.5852","1"
"V2TXN-002361","CUST-V2-0769","2025-09-10T17:09:27.1120000+05:30","5090","UPI","Desktop","IN","IN","0","308","4","2837","false","false","1.7941","0"
"V2TXN-002362","CUST-V2-0402","2025-09-10T17:53:38.0540000+05:30","767","WALLET","Desktop","DE","DE","0","1220","16","1856","false","false","0.4133","1"
"V2TXN-002363","CUST-V2-0549","2025-09-10T18:17:06.2000000+05:30","5265","NETBANKING","Desktop","CA","CA","0","700","16","3333","false","false","1.5797","0"
"V2TXN-002364","CUST-V2-0572","2025-09-10T19:19:10.8130000+05:30","16694","CARD","Mobile","US","US","0","223","4","17005","false","false","0.9817","0"
"V2TXN-002365","CUST-V2-0002","2025-09-10T19:21:44.3480000+05:30","2967","UPI","Mobile","IN","IN","0","1372","36","4067","false","false","0.7295","0"
"V2TXN-002366","CUST-V2-0655","2025-09-10T20:00:27.2840000+05:30","7651","UPI","Mobile","IN","IN","0","258","7","5646","false","false","1.3551","0"
"V2TXN-002367","CUST-V2-0620","2025-09-10T21:53:12.4710000+05:30","1016","CARD","Mobile","IN","IN","0","97","1","1746","false","false","0.5819","0"
"V2TXN-002368","CUST-V2-0276","2025-09-10T22:42:07.5240000+05:30","492","CARD","Desktop","SA","SA","0","1330","29","701","false","false","0.7019","0"
"V2TXN-002369","CUST-V2-0642","2025-09-11T01:31:02.7900000+05:30","1170","NETBANKING","Desktop","US","US","0","557","7","1632","false","false","0.7169","0"
"V2TXN-002370","CUST-V2-0158","2025-09-11T02:00:39.8750000+05:30","1026","CARD","Desktop","US","GB","3","274","4","1650","false","true","0.6218","1"
"V2TXN-002371","CUST-V2-0501","2025-09-11T02:17:30.7920000+05:30","2894","UPI","Mobile","IN","IN","0","937","28","1902","false","false","1.5216","0"
"V2TXN-002372","CUST-V2-0874","2025-09-11T06:42:17.2540000+05:30","848","CARD","Mobile","IN","IN","2","605","15","1802","false","false","0.4706","1"
"V2TXN-002373","CUST-V2-0566","2025-09-11T07:32:50.3840000+05:30","1964","WALLET","Mobile","IN","IN","0","254","2","1009","false","false","1.9465","0"
"V2TXN-002374","CUST-V2-0916","2025-09-11T08:12:15.3070000+05:30","2250","CARD","Desktop","IN","IN","0","1510","44","1976","false","false","1.1387","0"
"V2TXN-002375","CUST-V2-0175","2025-09-11T08:49:45.7550000+05:30","706","UPI","Mobile","US","US","0","1509","18","917","false","false","0.7699","0"
"V2TXN-002376","CUST-V2-0140","2025-09-11T09:04:41.3590000+05:30","4024","CARD","Desktop","IN","IN","0","582","11","2096","false","false","1.9198","0"
"V2TXN-002377","CUST-V2-0942","2025-09-11T11:26:59.5430000+05:30","623","UPI","Mobile","IN","IN","0","485","10","826","false","false","0.7542","0"
"V2TXN-002378","CUST-V2-0309","2025-09-11T11:36:12.1230000+05:30","1716","CARD","Desktop","IN","IN","1","722","18","2641","false","false","0.6498","0"
"V2TXN-002379","CUST-V2-0600","2025-09-11T13:47:21.5630000+05:30","1876","CARD","Mobile","IN","IN","0","432","12","1781","false","false","1.0533","0"
"V2TXN-002380","CUST-V2-0678","2025-09-11T17:03:34.2240000+05:30","1497","CARD","Desktop","IN","IN","0","1104","22","1359","false","false","1.1015","0"
"V2TXN-002381","CUST-V2-0764","2025-09-11T18:33:18.7350000+05:30","2728","CARD","Mobile","US","US","0","1208","15","2172","false","false","1.2560","0"
"V2TXN-002382","CUST-V2-0438","2025-09-11T20:59:22.0120000+05:30","1690","CARD","Desktop","IN","IN","0","163","5","2010","false","false","0.8408","0"
"V2TXN-002383","CUST-V2-0878","2025-09-11T21:20:15.5170000+05:30","3670","CARD","Mobile","US","US","1","1509","33","3364","false","false","1.0910","0"
"V2TXN-002384","CUST-V2-0607","2025-09-12T00:18:11.7770000+05:30","1539","UPI","Desktop","IN","IN","0","1052","30","818","false","false","1.8814","0"
"V2TXN-002385","CUST-V2-0405","2025-09-12T03:05:42.0480000+05:30","4479","WALLET","Mobile","IN","IN","0","1349","28","3744","false","false","1.1963","0"
"V2TXN-002386","CUST-V2-0477","2025-09-12T06:40:00.9790000+05:30","5584","UPI","Mobile","CA","CA","0","1107","12","7100","false","false","0.7865","0"
"V2TXN-002387","CUST-V2-0523","2025-09-12T07:01:04.5770000+05:30","470","WALLET","Tablet","IN","IN","0","504","13","670","false","false","0.7015","0"
"V2TXN-002388","CUST-V2-0575","2025-09-12T07:23:26.4020000+05:30","2975","UPI","Desktop","IN","IN","1","786","22","2380","false","false","1.25","0"
"V2TXN-002389","CUST-V2-0557","2025-09-12T08:12:38.2120000+05:30","39070","CARD","Desktop","IN","IN","0","253","5","27359","false","false","1.4280","1"
"V2TXN-002390","CUST-V2-0250","2025-09-12T09:40:29.2190000+05:30","6193","BANK_TRANSFER","Mobile","IN","IN","0","246","2","5000","false","false","1.2386","0"
"V2TXN-002391","CUST-V2-0462","2025-09-12T12:28:36.1510000+05:30","7719","UPI","Mobile","US","US","0","643","16","7183","false","false","1.0746","0"
"V2TXN-002392","CUST-V2-0317","2025-09-12T16:37:19.3020000+05:30","10979","CARD","Tablet","IN","IN","0","951","15","7640","false","false","1.4370","0"
"V2TXN-002393","CUST-V2-0730","2025-09-12T17:55:44.5140000+05:30","5774","CARD","Desktop","IN","IN","0","1199","29","3309","false","false","1.7449","0"
"V2TXN-002394","CUST-V2-0942","2025-09-12T21:20:25.9010000+05:30","712","NETBANKING","Mobile","IN","IN","1","487","11","808","false","false","0.8812","0"
"V2TXN-002395","CUST-V2-0422","2025-09-12T21:50:13.6390000+05:30","562","WALLET","Mobile","AU","AU","0","987","29","1165","false","false","0.4824","0"
"V2TXN-002396","CUST-V2-0287","2025-09-13T00:17:02.4060000+05:30","406","CARD","Mobile","AU","AU","6","1675","47","1275","false","false","0.3184","1"
"V2TXN-002397","CUST-V2-0262","2025-09-13T02:49:30.7370000+05:30","1200","UPI","Desktop","US","US","1","929","22","2077","false","false","0.5778","0"
"V2TXN-002398","CUST-V2-0882","2025-09-13T03:43:45.0890000+05:30","4925","CARD","Desktop","SG","SG","3","264","6","3711","false","false","1.3271","1"
"V2TXN-002399","CUST-V2-0971","2025-09-13T05:42:16.2010000+05:30","1071","UPI","Mobile","IN","IN","1","675","12","1493","false","false","0.7173","0"
"V2TXN-002400","CUST-V2-0356","2025-09-13T07:48:09.2060000+05:30","3744","UPI","Mobile","US","US","0","237","3","1812","false","false","2.0662","0"
"V2TXN-002401","CUST-V2-0525","2025-09-13T11:09:14.2610000+05:30","5585","UPI","Mobile","IN","IN","0","1181","16","4297","false","false","1.2997","0"
"V2TXN-002402","CUST-V2-0324","2025-09-13T13:53:47.5160000+05:30","3326","UPI","Mobile","IN","IN","0","404","6","1941","false","false","1.7135","0"
"V2TXN-002403","CUST-V2-0859","2025-09-13T13:55:45.7680000+05:30","3281","NETBANKING","Desktop","CA","CA","0","1487","18","1778","false","false","1.8453","0"
"V2TXN-002404","CUST-V2-0643","2025-09-13T15:27:10.7480000+05:30","1521","UPI","Mobile","IN","IN","0","1188","28","3564","false","false","0.4268","0"
"V2TXN-002405","CUST-V2-0447","2025-09-13T15:39:17.7550000+05:30","1925","UPI","Mobile","SA","SA","0","338","5","2037","false","false","0.9450","0"
"V2TXN-002406","CUST-V2-0844","2025-09-13T16:20:22.9620000+05:30","1277","BANK_TRANSFER","Tablet","IN","IN","0","1332","18","783","false","false","1.6309","0"
"V2TXN-002407","CUST-V2-0477","2025-09-13T19:44:48.2130000+05:30","9805","WALLET","Mobile","CA","CA","1","1108","13","6983","false","false","1.4041","0"
"V2TXN-002408","CUST-V2-0479","2025-09-13T20:36:00.5850000+05:30","2748","NETBANKING","Mobile","IN","IN","0","593","12","2595","false","false","1.0590","0"
"V2TXN-002409","CUST-V2-0666","2025-09-14T00:40:42.3060000+05:30","2667","UPI","Mobile","IN","IN","0","1353","27","1717","false","false","1.5533","1"
"V2TXN-002410","CUST-V2-0999","2025-09-14T00:47:20.2330000+05:30","41218","CARD","Mobile","GB","GB","0","254","2","36781","false","false","1.1206","1"
"V2TXN-002411","CUST-V2-0234","2025-09-14T01:23:49.2500000+05:30","2592","UPI","Mobile","SG","SG","0","1320","17","1925","false","false","1.3465","0"
"V2TXN-002412","CUST-V2-0283","2025-09-14T02:24:48.8050000+05:30","6177","CARD","Mobile","IN","IN","0","291","8","4289","false","false","1.4402","0"
"V2TXN-002413","CUST-V2-0356","2025-09-14T03:33:54.9260000+05:30","1134","UPI","Mobile","US","US","0","237","4","2295","false","false","0.4941","0"
"V2TXN-002414","CUST-V2-0500","2025-09-14T06:38:28.3340000+05:30","1102","CARD","Mobile","CA","CA","0","681","20","2185","false","false","0.5043","0"
"V2TXN-002415","CUST-V2-0475","2025-09-14T08:25:13.9100000+05:30","1560","UPI","Mobile","IN","IN","0","1484","43","1766","false","false","0.8834","0"
"V2TXN-002416","CUST-V2-0789","2025-09-14T09:10:18.0050000+05:30","4477","UPI","Tablet","IN","IN","0","1472","25","4290","false","false","1.0436","0"
"V2TXN-002417","CUST-V2-0491","2025-09-14T09:21:56.3660000+05:30","940","CARD","Mobile","IN","IN","0","247","2","868","false","false","1.0829","0"
"V2TXN-002418","CUST-V2-0087","2025-09-14T09:49:37.7780000+05:30","3604","BANK_TRANSFER","Desktop","AU","AU","0","202","4","2338","false","false","1.5415","0"
"V2TXN-002419","CUST-V2-0713","2025-09-14T09:59:51.8080000+05:30","3909","CARD","Mobile","US","IN","0","722","11","1456","false","true","2.6848","1"
"V2TXN-002420","CUST-V2-0986","2025-09-14T10:04:54.9170000+05:30","3395","UPI","Desktop","US","US","0","1330","31","4350","false","false","0.7805","0"
"V2TXN-002421","CUST-V2-0330","2025-09-14T11:33:56.7130000+05:30","2088","CARD","Mobile","US","US","1","775","14","1340","false","false","1.5582","0"
"V2TXN-002422","CUST-V2-0310","2025-09-14T12:15:27.3350000+05:30","2428","CARD","Desktop","IN","IN","0","215","2","2735","false","false","0.8878","0"
"V2TXN-002423","CUST-V2-0758","2025-09-14T13:06:28.7540000+05:30","1268","CARD","Desktop","IN","IN","0","1183","14","2050","false","false","0.6185","0"
"V2TXN-002424","CUST-V2-0228","2025-09-14T13:54:51.2230000+05:30","629","UPI","Desktop","IN","IN","0","524","15","465","false","false","1.3527","0"
"V2TXN-002425","CUST-V2-0644","2025-09-14T15:27:15.9320000+05:30","273","CARD","Desktop","SG","SG","2","203","2","968","false","false","0.2820","1"
"V2TXN-002426","CUST-V2-0036","2025-09-14T15:27:47.7450000+05:30","3697","BANK_TRANSFER","Mobile","US","US","0","1379","18","4821","false","false","0.7669","0"
"V2TXN-002427","CUST-V2-0075","2025-09-14T17:56:03.8700000+05:30","3938","CARD","Tablet","US","US","0","1185","21","3228","false","false","1.2200","0"
"V2TXN-002428","CUST-V2-0110","2025-09-14T19:07:33.2640000+05:30","1822","WALLET","Mobile","IN","IN","0","1555","19","2350","false","false","0.7753","0"
"V2TXN-002429","CUST-V2-0978","2025-09-14T20:36:00.2340000+05:30","3922","UPI","Desktop","IN","IN","0","1218","31","3060","false","false","1.2817","0"
"V2TXN-002430","CUST-V2-0895","2025-09-15T00:13:25.7030000+05:30","3019","UPI","Mobile","IN","IN","0","1057","27","2806","false","false","1.0759","0"
"V2TXN-002431","CUST-V2-0458","2025-09-15T00:18:58.3680000+05:30","1953","UPI","Desktop","IN","IN","0","669","17","2049","false","false","0.9531","0"
"V2TXN-002432","CUST-V2-0883","2025-09-15T00:22:31.9460000+05:30","2381","UPI","Mobile","IN","IN","0","390","8","987","false","false","2.4124","0"
"V2TXN-002433","CUST-V2-0292","2025-09-15T03:36:51.6720000+05:30","698","CARD","Mobile","IN","IN","0","223","3","1072","false","false","0.6511","0"
"V2TXN-002434","CUST-V2-0697","2025-09-15T06:26:46.0520000+05:30","1272","CARD","Desktop","US","US","0","319","6","1526","false","false","0.8336","0"
"V2TXN-002435","CUST-V2-0346","2025-09-15T07:23:28.9770000+05:30","2944","UPI","Mobile","IN","IN","1","1180","22","2189","false","false","1.3449","0"
"V2TXN-002436","CUST-V2-0481","2025-09-15T09:38:56.6460000+05:30","1437","CARD","Mobile","SG","IN","4","1259","35","1472","false","true","0.9762","1"
"V2TXN-002437","CUST-V2-0524","2025-09-15T10:22:14.2380000+05:30","535","UPI","Mobile","IN","IN","0","272","3","2006","false","false","0.2667","0"
"V2TXN-002438","CUST-V2-0928","2025-09-15T10:41:40.3760000+05:30","3480","UPI","Mobile","DE","DE","0","1468","16","2470","false","false","1.4089","1"
"V2TXN-002439","CUST-V2-0837","2025-09-15T11:54:07.4210000+05:30","2590","WALLET","Mobile","IN","IN","0","630","12","1900","false","false","1.3632","0"
"V2TXN-002440","CUST-V2-0116","2025-09-15T13:03:03.8090000+05:30","1725","WALLET","Desktop","IN","IN","0","1279","31","1532","false","false","1.1260","0"
"V2TXN-002441","CUST-V2-0097","2025-09-15T13:47:21.6880000+05:30","4655","CARD","Mobile","AU","AU","0","1234","35","2444","false","false","1.9047","0"
"V2TXN-002442","CUST-V2-0595","2025-09-15T14:36:02.3430000+05:30","2363","UPI","Mobile","IN","IN","1","102","2","2108","false","false","1.1210","0"
"V2TXN-002443","CUST-V2-0756","2025-09-15T15:30:20.8380000+05:30","1482","UPI","Desktop","SG","SG","1","586","10","1896","false","false","0.7816","0"
"V2TXN-002444","CUST-V2-0768","2025-09-15T15:45:48.2210000+05:30","831","CARD","Desktop","IN","IN","0","908","13","1111","false","false","0.7480","1"
"V2TXN-002445","CUST-V2-0674","2025-09-15T15:57:37.8320000+05:30","8254","CARD","Mobile","IN","IN","0","1363","23","5303","false","false","1.5565","0"
"V2TXN-002446","CUST-V2-0340","2025-09-15T18:40:16.1620000+05:30","2252","UPI","Mobile","US","US","0","923","10","2353","false","false","0.9571","0"
"V2TXN-002447","CUST-V2-0685","2025-09-15T19:02:02.1770000+05:30","2671","CARD","Desktop","IN","IN","0","470","8","2564","false","false","1.0417","0"
"V2TXN-002448","CUST-V2-0710","2025-09-15T21:11:08.5910000+05:30","1679","CARD","Mobile","IN","IN","0","619","12","1280","false","false","1.3117","0"
"V2TXN-002449","CUST-V2-0944","2025-09-15T21:38:22.8470000+05:30","2603","CARD","Mobile","US","US","0","1580","21","1539","false","false","1.6914","0"
"V2TXN-002450","CUST-V2-0577","2025-09-16T01:50:21.8780000+05:30","2169","CARD","Desktop","IN","IN","1","1026","27","2323","false","false","0.9337","0"
"V2TXN-002451","CUST-V2-0944","2025-09-16T02:05:57.7090000+05:30","1957","CARD","Mobile","US","US","0","1581","22","1588","false","false","1.2324","0"
"V2TXN-002452","CUST-V2-0971","2025-09-16T04:10:12.5710000+05:30","1293","CARD","Mobile","IN","IN","0","678","13","1461","false","false","0.8850","0"
"V2TXN-002453","CUST-V2-0871","2025-09-16T04:43:37.9920000+05:30","1697","UPI","Desktop","IN","IN","0","852","12","1616","false","false","1.0501","0"
"V2TXN-002454","CUST-V2-0064","2025-09-16T05:40:59.8550000+05:30","2026","BANK_TRANSFER","Desktop","SG","SG","0","1356","23","1898","false","false","1.0674","0"
"V2TXN-002455","CUST-V2-0737","2025-09-16T06:36:04.1050000+05:30","2586","UPI","Mobile","IN","IN","1","1248","34","2192","false","false","1.1797","0"
"V2TXN-002456","CUST-V2-0750","2025-09-16T06:52:38.6340000+05:30","2702","CARD","Mobile","DE","DE","1","1659","17","3747","false","false","0.7211","0"
"V2TXN-002457","CUST-V2-0331","2025-09-16T06:54:28.3870000+05:30","1216","CARD","Mobile","IN","IN","0","1131","30","1096","false","false","1.1095","0"
"V2TXN-002458","CUST-V2-0514","2025-09-16T08:34:50.7120000+05:30","1230","UPI","Mobile","IN","IN","0","1452","36","693","false","false","1.7749","0"
"V2TXN-002459","CUST-V2-0522","2025-09-16T08:53:11.2000000+05:30","3634","UPI","Desktop","IN","IN","0","603","12","2469","false","false","1.4719","0"
"V2TXN-002460","CUST-V2-0620","2025-09-16T11:13:35.1800000+05:30","1847","CARD","Mobile","IN","IN","0","103","2","1381","false","false","1.3374","1"
"V2TXN-002461","CUST-V2-0539","2025-09-16T11:43:27.8180000+05:30","954","CARD","Mobile","IN","IN","1","1389","29","1030","false","false","0.9262","0"
"V2TXN-002462","CUST-V2-0338","2025-09-16T11:48:55.2220000+05:30","1281","CARD","Desktop","US","US","0","1452","25","1168","false","false","1.0967","1"
"V2TXN-002463","CUST-V2-0992","2025-09-16T13:52:57.0020000+05:30","613","CARD","Mobile","SA","SA","0","598","11","356","false","false","1.7219","0"
"V2TXN-002464","CUST-V2-0150","2025-09-16T14:20:51.2600000+05:30","2182","CARD","Mobile","IN","IN","0","1279","25","1745","false","false","1.2504","0"
"V2TXN-002465","CUST-V2-0176","2025-09-16T15:20:31.1040000+05:30","720","WALLET","Mobile","IN","IN","1","670","8","864","false","false","0.8333","0"
"V2TXN-002466","CUST-V2-0707","2025-09-16T16:47:03.5180000+05:30","2349","CARD","Desktop","GB","GB","0","371","10","2540","false","false","0.9248","0"
"V2TXN-002467","CUST-V2-0839","2025-09-16T17:01:38.5510000+05:30","1067","UPI","Mobile","GB","GB","0","1010","20","824","false","false","1.2949","0"
"V2TXN-002468","CUST-V2-0719","2025-09-16T17:44:34.1340000+05:30","651","CARD","Mobile","IN","IN","0","1245","37","702","false","false","0.9274","0"
"V2TXN-002469","CUST-V2-0713","2025-09-16T18:55:11.6450000+05:30","3016","NETBANKING","Mobile","IN","IN","0","724","12","1660","false","false","1.8169","0"
"V2TXN-002470","CUST-V2-0719","2025-09-16T22:45:55.3090000+05:30","1048","CARD","Mobile","IN","IN","0","1245","38","701","false","false","1.4950","0"
"V2TXN-002471","CUST-V2-0301","2025-09-17T04:56:43.4280000+05:30","1416","UPI","Desktop","US","US","0","1136","30","3609","false","false","0.3924","0"
"V2TXN-002472","CUST-V2-0076","2025-09-17T07:17:11.1030000+05:30","1187","WALLET","Desktop","IN","IN","0","257","7","693","false","false","1.7128","0"
"V2TXN-002473","CUST-V2-0171","2025-09-17T08:37:41.5100000+05:30","932","CARD","Desktop","IN","IN","0","1553","23","834","false","false","1.1175","0"
"V2TXN-002474","CUST-V2-0705","2025-09-17T11:21:03.0780000+05:30","3859","CARD","Desktop","IN","IN","0","515","11","1418","false","false","2.7214","1"
"V2TXN-002475","CUST-V2-0132","2025-09-17T11:39:57.6830000+05:30","2482","WALLET","Desktop","IN","IN","0","1395","28","1667","false","false","1.4889","0"
"V2TXN-002476","CUST-V2-0843","2025-09-17T12:00:24.1030000+05:30","3192","UPI","Mobile","IN","IN","0","1081","28","4437","false","false","0.7194","0"
"V2TXN-002477","CUST-V2-0117","2025-09-17T13:18:23.4930000+05:30","831","NETBANKING","Mobile","IN","IN","0","1389","17","1098","false","false","0.7568","0"
"V2TXN-002478","CUST-V2-0390","2025-09-17T14:21:19.7460000+05:30","1276","UPI","Mobile","IN","IN","0","261","5","1343","false","false","0.9501","0"
"V2TXN-002479","CUST-V2-0674","2025-09-17T15:37:42.9360000+05:30","5285","CARD","Mobile","IN","IN","0","1365","24","5426","false","false","0.9740","0"
"V2TXN-002480","CUST-V2-0035","2025-09-17T16:15:40.6530000+05:30","1418","UPI","Mobile","IN","IN","0","1369","24","1942","false","false","0.7302","0"
"V2TXN-002481","CUST-V2-0218","2025-09-17T16:43:17.4480000+05:30","3551","UPI","Mobile","IN","IN","0","1589","46","1741","false","false","2.0396","0"
"V2TXN-002482","CUST-V2-0345","2025-09-17T16:50:28.7960000+05:30","5670","UPI","Desktop","US","US","0","1082","29","5017","false","false","1.1302","0"
"V2TXN-002483","CUST-V2-0990","2025-09-17T19:48:56.6640000+05:30","4653","CARD","Desktop","DE","DE","0","357","5","3438","false","false","1.3534","0"
"V2TXN-002484","CUST-V2-0383","2025-09-17T20:09:25.8100000+05:30","1137","CARD","Desktop","GB","IN","1","79","2","1032","false","true","1.1017","1"
"V2TXN-002485","CUST-V2-0164","2025-09-17T21:24:41.0700000+05:30","2053","CARD","Desktop","IN","IN","1","659","10","2190","false","false","0.9374","0"
"V2TXN-002486","CUST-V2-0977","2025-09-18T00:15:23.8750000+05:30","1330","CARD","Mobile","IN","IN","0","979","21","1711","false","false","0.7773","0"
"V2TXN-002487","CUST-V2-0952","2025-09-18T01:40:27.3200000+05:30","5542","UPI","Desktop","IN","IN","0","698","17","2507","false","false","2.2106","0"
"V2TXN-002488","CUST-V2-0079","2025-09-18T02:13:45.5520000+05:30","6243","CARD","Mobile","US","US","0","1528","34","4308","false","false","1.4492","0"
"V2TXN-002489","CUST-V2-0875","2025-09-18T02:31:02.6960000+05:30","2706","UPI","Mobile","US","US","0","228","2","2017","false","false","1.3416","0"
"V2TXN-002490","CUST-V2-0333","2025-09-18T03:51:27.5050000+05:30","1373","CARD","Mobile","SG","SG","0","1378","37","1171","false","false","1.1725","0"
"V2TXN-002491","CUST-V2-0506","2025-09-18T04:13:15.1780000+05:30","1288","UPI","Desktop","IN","IN","0","749","16","1183","false","false","1.0888","0"
"V2TXN-002492","CUST-V2-0998","2025-09-18T04:35:26.3720000+05:30","2295","CARD","Mobile","IN","IN","0","464","9","1704","false","false","1.3468","0"
"V2TXN-002493","CUST-V2-0527","2025-09-18T08:54:30.9140000+05:30","407","UPI","Desktop","IN","IN","0","258","4","730","false","false","0.5575","0"
"V2TXN-002494","CUST-V2-0387","2025-09-18T11:24:23.5040000+05:30","604","WALLET","Mobile","IN","IN","0","520","9","613","false","false","0.9853","0"
"V2TXN-002495","CUST-V2-0938","2025-09-18T13:21:30.4490000+05:30","5247","UPI","Desktop","SG","SG","0","865","14","6287","false","false","0.8346","0"
"V2TXN-002496","CUST-V2-0500","2025-09-18T14:47:17.3060000+05:30","2961","CARD","Mobile","CA","CA","0","685","21","2133","false","false","1.3882","0"
"V2TXN-002497","CUST-V2-0831","2025-09-18T14:59:58.4760000+05:30","443","UPI","Mobile","IN","IN","1","239","5","508","false","false","0.8720","0"
"V2TXN-002498","CUST-V2-0344","2025-09-18T15:03:17.9330000+05:30","291","UPI","Mobile","IN","IN","0","268","4","508","false","false","0.5728","0"
"V2TXN-002499","CUST-V2-0917","2025-09-18T15:17:22.0080000+05:30","7472","CARD","Mobile","IN","IN","0","230","4","5554","false","false","1.3453","0"
"V2TXN-002500","CUST-V2-0548","2025-09-18T15:26:04.2000000+05:30","1118","WALLET","Mobile","US","US","4","462","9","669","false","false","1.6712","0"
"V2TXN-002501","CUST-V2-0178","2025-09-18T16:00:26.0000000+05:30","3125","UPI","Mobile","SG","SG","0","253","2","2781","false","false","1.1237","0"
"V2TXN-002502","CUST-V2-0675","2025-09-18T19:18:20.1210000+05:30","2089","BANK_TRANSFER","Mobile","GB","GB","0","1587","34","1892","false","false","1.1041","0"
"V2TXN-002503","CUST-V2-0782","2025-09-18T20:13:53.5650000+05:30","1245","CARD","Mobile","SA","SA","0","788","11","2177","false","false","0.5719","0"
"V2TXN-002504","CUST-V2-0818","2025-09-18T21:29:55.1710000+05:30","8422","UPI","Tablet","GB","GB","2","1055","20","4193","false","false","2.0086","0"
"V2TXN-002505","CUST-V2-0438","2025-09-18T21:47:07.0710000+05:30","1350","CARD","Desktop","IN","IN","0","170","6","1956","false","false","0.6902","0"
"V2TXN-002506","CUST-V2-0436","2025-09-18T22:30:59.0140000+05:30","4001","CARD","Desktop","US","US","0","692","20","3594","false","false","1.1132","0"
"V2TXN-002507","CUST-V2-0462","2025-09-18T23:10:28.4150000+05:30","9046","UPI","Mobile","US","US","0","650","17","7214","false","false","1.2540","0"
"V2TXN-002508","CUST-V2-0429","2025-09-18T23:23:20.5910000+05:30","2174","NETBANKING","Mobile","SG","SG","0","1626","43","4260","false","false","0.5103","0"
"V2TXN-002509","CUST-V2-0861","2025-09-19T00:15:59.4380000+05:30","1722","UPI","Mobile","IN","IN","0","857","23","2183","false","false","0.7888","0"
"V2TXN-002510","CUST-V2-0074","2025-09-19T03:13:08.9670000+05:30","8096","CARD","Mobile","IN","IN","0","280","5","7401","false","false","1.0939","0"
"V2TXN-002511","CUST-V2-0017","2025-09-19T04:11:21.9930000+05:30","760","UPI","Mobile","IN","IN","0","112","3","741","false","false","1.0256","0"
"V2TXN-002512","CUST-V2-0575","2025-09-19T05:51:52.1600000+05:30","5942","CARD","Desktop","IN","IN","0","793","23","2406","false","false","2.4697","0"
"V2TXN-002513","CUST-V2-0430","2025-09-19T07:19:55.2550000+05:30","3956","NETBANKING","Mobile","IN","US","2","281","8","3141","false","true","1.2595","1"
"V2TXN-002514","CUST-V2-0587","2025-09-19T08:06:33.1170000+05:30","499","UPI","Desktop","DE","DE","0","447","9","870","false","false","0.5736","0"
"V2TXN-002515","CUST-V2-0657","2025-09-19T10:10:43.9370000+05:30","1733","CARD","Mobile","IN","IN","0","139","1","1192","false","false","1.4539","0"
"V2TXN-002516","CUST-V2-0285","2025-09-19T11:19:57.7570000+05:30","477","CARD","Mobile","IN","IN","0","174","4","931","false","false","0.5124","0"
"V2TXN-002517","CUST-V2-0116","2025-09-19T15:23:41.2720000+05:30","689","WALLET","Mobile","IN","IN","1","1283","32","1539","false","false","0.4477","0"
"V2TXN-002518","CUST-V2-0634","2025-09-19T16:15:58.0350000+05:30","3718","WALLET","Mobile","US","US","1","1227","27","5282","false","false","0.7039","0"
"V2TXN-002519","CUST-V2-0674","2025-09-19T20:17:12.9440000+05:30","2870","CARD","Mobile","IN","IN","1","1368","25","5420","false","false","0.5295","0"
"V2TXN-002520","CUST-V2-0955","2025-09-19T23:42:48.0530000+05:30","11534","BANK_TRANSFER","Mobile","SG","SG","3","1339","22","7660","false","false","1.5057","0"
"V2TXN-002521","CUST-V2-0277","2025-09-20T02:35:14.9150000+05:30","3365","NETBANKING","Desktop","CA","CA","0","178","5","5639","false","false","0.5967","0"
"V2TXN-002522","CUST-V2-0873","2025-09-20T03:50:46.1770000+05:30","519","CARD","Desktop","US","IN","4","217","6","305","false","true","1.7016","1"
"V2TXN-002523","CUST-V2-0140","2025-09-20T04:51:15.4830000+05:30","2140","UPI","Desktop","IN","IN","1","591","12","2257","false","false","0.9482","0"
"V2TXN-002524","CUST-V2-0889","2025-09-20T05:17:43.4120000+05:30","66262","UPI","Desktop","SG","SG","1","228","7","31868","false","false","2.0793","0"
"V2TXN-002525","CUST-V2-0612","2025-09-20T06:21:55.0180000+05:30","1414","UPI","Mobile","IN","IN","0","243","4","1577","false","false","0.8966","0"
"V2TXN-002526","CUST-V2-0707","2025-09-20T06:35:04.8640000+05:30","1709","CARD","Mobile","GB","GB","0","375","11","2523","false","false","0.6774","0"
"V2TXN-002527","CUST-V2-0675","2025-09-20T08:44:14.2100000+05:30","4044","BANK_TRANSFER","Mobile","GB","GB","0","1589","35","1898","false","false","2.1307","0"
"V2TXN-002528","CUST-V2-0557","2025-09-20T08:57:15.7640000+05:30","9888","UPI","Mobile","IN","IN","1","261","6","29311","false","false","0.3373","0"
"V2TXN-002529","CUST-V2-0699","2025-09-20T11:01:01.7410000+05:30","1280","CARD","Mobile","IN","IN","2","956","25","2306","false","false","0.5551","1"
"V2TXN-002530","CUST-V2-0445","2025-09-20T11:24:51.8640000+05:30","2405","UPI","Desktop","IN","IN","0","124","4","1470","false","false","1.6361","0"
"V2TXN-002531","CUST-V2-0817","2025-09-20T11:33:26.2350000+05:30","4719","UPI","Mobile","SG","SG","1","1298","27","5604","false","false","0.8421","0"
"V2TXN-002532","CUST-V2-0852","2025-09-20T13:12:50.2700000+05:30","814","UPI","Desktop","US","US","0","1313","35","714","false","false","1.1401","0"
"V2TXN-002533","CUST-V2-0327","2025-09-20T13:26:03.1310000+05:30","540","UPI","Mobile","IN","IN","0","541","12","560","false","false","0.9643","0"
"V2TXN-002534","CUST-V2-0928","2025-09-20T14:09:47.3910000+05:30","1921","UPI","Tablet","DE","DE","0","1473","17","2529","false","false","0.7596","0"
"V2TXN-002535","CUST-V2-0579","2025-09-20T15:39:25.0660000+05:30","2687","CARD","Mobile","IN","IN","0","226","7","2504","false","false","1.0731","0"
"V2TXN-002536","CUST-V2-0247","2025-09-20T18:20:58.8790000+05:30","32650","NETBANKING","Desktop","IN","IN","0","230","4","23726","false","false","1.3761","0"
"V2TXN-002537","CUST-V2-0391","2025-09-21T02:06:26.4510000+05:30","2562","UPI","Tablet","GB","GB","0","247","6","1740","false","false","1.4724","1"
"V2TXN-002538","CUST-V2-0641","2025-09-21T02:23:01.5580000+05:30","1151","UPI","Desktop","IN","IN","0","397","11","1685","false","false","0.6831","0"
"V2TXN-002539","CUST-V2-0130","2025-09-21T02:36:25.0600000+05:30","1102","UPI","Desktop","SG","SG","1","662","10","1599","false","false","0.6892","0"
"V2TXN-002540","CUST-V2-0350","2025-09-21T04:19:35.7730000+05:30","1634","WALLET","Desktop","IN","IN","0","232","7","1099","false","false","1.4868","0"
"V2TXN-002541","CUST-V2-0687","2025-09-21T05:06:08.3020000+05:30","6652","CARD","Desktop","US","IN","3","82","2","3256","false","true","2.0430","1"
"V2TXN-002542","CUST-V2-0112","2025-09-21T05:49:54.5220000+05:30","928","NETBANKING","Desktop","AU","AU","0","1163","31","2162","false","false","0.4292","0"
"V2TXN-002543","CUST-V2-0758","2025-09-21T05:54:53.5940000+05:30","1146","CARD","Desktop","IN","IN","0","1190","15","1998","false","false","0.5736","0"
"V2TXN-002544","CUST-V2-0251","2025-09-21T06:36:05.0920000+05:30","2855","BANK_TRANSFER","Mobile","AE","AE","0","770","14","2856","false","false","0.9996","0"
"V2TXN-002545","CUST-V2-0905","2025-09-21T06:49:42.3000000+05:30","983","CARD","Desktop","IN","IN","4","1253","32","510","false","false","1.9275","0"
"V2TXN-002546","CUST-V2-0122","2025-09-21T10:38:42.3210000+05:30","407","WALLET","Mobile","IN","IN","0","1071","25","478","false","false","0.8515","0"
"V2TXN-002547","CUST-V2-0451","2025-09-21T11:11:19.8680000+05:30","2803","CARD","Mobile","IN","IN","1","1210","13","2085","false","false","1.3444","0"
"V2TXN-002548","CUST-V2-0168","2025-09-21T12:08:13.6330000+05:30","2957","UPI","Mobile","US","US","0","1516","38","1505","false","false","1.9648","0"
"V2TXN-002549","CUST-V2-0629","2025-09-21T13:29:56.1050000+05:30","3731","WALLET","Mobile","DE","DE","3","225","3","3303","false","false","1.1296","0"
"V2TXN-002550","CUST-V2-0099","2025-09-21T14:58:08.7610000+05:30","4007","NETBANKING","Mobile","SG","SG","0","837","23","2486","false","false","1.6118","0"
"V2TXN-002551","CUST-V2-0026","2025-09-21T16:12:12.2260000+05:30","4141","UPI","Desktop","IN","IN","1","318","7","2569","false","false","1.6119","0"
"V2TXN-002552","CUST-V2-0187","2025-09-21T16:30:29.3220000+05:30","651","CARD","Mobile","GB","GB","4","1361","26","1392","false","false","0.4677","0"
"V2TXN-002553","CUST-V2-0534","2025-09-21T17:13:52.6100000+05:30","1973","UPI","Mobile","IN","IN","0","1266","12","1644","false","false","1.2001","0"
"V2TXN-002554","CUST-V2-0046","2025-09-21T17:31:30.8160000+05:30","1346","UPI","Mobile","GB","GB","1","453","10","1247","false","false","1.0794","0"
"V2TXN-002555","CUST-V2-0806","2025-09-21T17:52:48.0190000+05:30","3392","WALLET","Mobile","AE","AE","0","247","4","5530","false","false","0.6134","0"
"V2TXN-002556","CUST-V2-0769","2025-09-21T21:24:06.3350000+05:30","1458","UPI","Desktop","IN","IN","1","319","5","3288","false","false","0.4434","0"
"V2TXN-002557","CUST-V2-0413","2025-09-21T21:28:41.9220000+05:30","4241","CARD","Desktop","IN","IN","0","704","8","1706","false","false","2.4859","0"
"V2TXN-002558","CUST-V2-0254","2025-09-22T00:11:33.1670000+05:30","1431","UPI","Mobile","SG","SG","1","379","4","1762","false","false","0.8121","0"
"V2TXN-002559","CUST-V2-0298","2025-09-22T02:15:18.7120000+05:30","1884","CARD","Mobile","DE","DE","0","1401","40","4431","false","false","0.4252","0"
"V2TXN-002560","CUST-V2-0609","2025-09-22T08:28:36.6790000+05:30","2341","WALLET","Mobile","IN","IN","0","871","25","2269","false","false","1.0317","1"
"V2TXN-002561","CUST-V2-0091","2025-09-22T08:50:35.2950000+05:30","94","CARD","Tablet","IN","IN","3","813","9","7028","false","false","0.0134","0"
"V2TXN-002562","CUST-V2-0704","2025-09-22T09:36:48.4610000+05:30","859","UPI","Desktop","IN","IN","0","777","21","558","false","false","1.5394","0"
"V2TXN-002563","CUST-V2-0278","2025-09-22T13:49:08.9810000+05:30","4996","UPI","Mobile","IN","IN","4","273","7","4205","false","false","1.1881","0"
"V2TXN-002564","CUST-V2-0869","2025-09-22T14:45:56.0850000+05:30","964","UPI","Tablet","IN","IN","1","1098","31","1269","false","false","0.7597","0"
"V2TXN-002565","CUST-V2-0418","2025-09-22T15:10:23.5220000+05:30","949","UPI","Mobile","IN","IN","0","1138","29","988","false","false","0.9605","0"
"V2TXN-002566","CUST-V2-0276","2025-09-22T15:16:55.3480000+05:30","686","CARD","Desktop","SA","SA","0","1342","30","694","false","false","0.9885","0"
"V2TXN-002567","CUST-V2-0883","2025-09-22T16:56:16.5220000+05:30","994","UPI","Mobile","IN","IN","0","398","9","1142","false","false","0.8704","0"
"V2TXN-002568","CUST-V2-0058","2025-09-22T19:47:15.3490000+05:30","6247","CARD","Mobile","IN","IN","2","137","4","3005","false","false","2.0789","1"
"V2TXN-002569","CUST-V2-0327","2025-09-22T22:21:32.1380000+05:30","186","UPI","Mobile","IN","IN","0","543","13","558","false","false","0.3333","0"
"V2TXN-002570","CUST-V2-0539","2025-09-22T22:24:03.2460000+05:30","1162","CARD","Desktop","IN","IN","1","1396","30","1027","false","false","1.1315","0"
"V2TXN-002571","CUST-V2-0045","2025-09-22T22:37:21.2720000+05:30","1218","UPI","Mobile","CA","CA","0","246","3","1842","false","false","0.6612","0"
"V2TXN-002572","CUST-V2-0152","2025-09-22T23:19:07.1150000+05:30","2978","CARD","Mobile","AU","AU","1","1465","19","1856","false","false","1.6045","0"
"V2TXN-002573","CUST-V2-0103","2025-09-23T04:13:39.3980000+05:30","2974","WALLET","Desktop","IN","IN","0","938","19","2195","false","false","1.3549","1"
"V2TXN-002574","CUST-V2-0990","2025-09-23T06:53:40.4260000+05:30","2585","CARD","Desktop","DE","DE","0","362","6","3641","false","false","0.7100","0"
"V2TXN-002575","CUST-V2-0952","2025-09-23T07:51:45.4260000+05:30","2698","UPI","Mobile","IN","IN","0","703","18","2676","false","false","1.0082","0"
"V2TXN-002576","CUST-V2-0447","2025-09-23T08:05:23.4150000+05:30","1164","UPI","Mobile","SA","SA","0","348","6","2018","false","false","0.5768","0"
"V2TXN-002577","CUST-V2-0445","2025-09-23T08:14:38.1520000+05:30","1829","WALLET","Desktop","IN","IN","0","127","5","1657","false","false","1.1038","0"
"V2TXN-002578","CUST-V2-0608","2025-09-23T11:29:31.8250000+05:30","1494","CARD","Tablet","IN","IN","0","870","17","2052","false","false","0.7281","0"
"V2TXN-002579","CUST-V2-0125","2025-09-23T13:54:18.6900000+05:30","1879","UPI","Mobile","US","US","1","541","15","1505","false","false","1.2485","0"
"V2TXN-002580","CUST-V2-0625","2025-09-23T13:57:54.6550000+05:30","8036","UPI","Mobile","SG","SG","0","337","8","11162","false","false","0.7199","0"
"V2TXN-002581","CUST-V2-0765","2025-09-23T14:35:05.8780000+05:30","6843","UPI","Mobile","IN","IN","0","1097","19","5308","false","false","1.2892","0"
"V2TXN-002582","CUST-V2-0241","2025-09-23T17:19:01.8380000+05:30","5871","UPI","Desktop","IN","IN","0","1527","35","4176","false","false","1.4059","0"
"V2TXN-002583","CUST-V2-0952","2025-09-23T19:19:51.8140000+05:30","4770","CARD","Desktop","IN","IN","0","704","19","2677","false","false","1.7818","1"
"V2TXN-002584","CUST-V2-0473","2025-09-23T19:50:43.3810000+05:30","1833","UPI","Mobile","IN","IN","0","1352","36","1370","false","false","1.3380","0"
"V2TXN-002585","CUST-V2-0889","2025-09-23T20:36:05.5480000+05:30","26943","UPI","Desktop","SG","SG","1","232","8","36167","false","false","0.7450","0"
"V2TXN-002586","CUST-V2-0944","2025-09-24T01:52:26.1460000+05:30","1467","CARD","Mobile","US","US","0","1589","23","1604","false","false","0.9146","0"
"V2TXN-002587","CUST-V2-0523","2025-09-24T02:34:12.3080000+05:30","879","WALLET","Tablet","IN","IN","0","515","14","656","false","false","1.3399","0"
"V2TXN-002588","CUST-V2-0802","2025-09-24T02:46:24.2480000+05:30","1727","CARD","Desktop","IN","IN","0","697","16","3708","false","false","0.4657","0"
"V2TXN-002589","CUST-V2-0570","2025-09-24T02:49:21.9590000+05:30","8205","UPI","Mobile","IN","IN","4","629","18","4765","false","false","1.7219","0"
"V2TXN-002590","CUST-V2-0321","2025-09-24T04:17:15.5690000+05:30","1296","UPI","Mobile","IN","IN","0","1154","13","2192","false","false","0.5912","0"
"V2TXN-002591","CUST-V2-0442","2025-09-24T05:22:19.8280000+05:30","2669","CARD","Mobile","IN","IN","0","452","11","2491","false","false","1.0715","0"
"V2TXN-002592","CUST-V2-0383","2025-09-24T06:08:00.7420000+05:30","1388","UPI","Mobile","IN","IN","0","85","3","1067","false","false","1.3008","0"
"V2TXN-002593","CUST-V2-0826","2025-09-24T08:00:55.8440000+05:30","4877","CARD","Mobile","GB","GB","1","1530","21","2781","false","false","1.7537","0"
"V2TXN-002594","CUST-V2-0863","2025-09-24T08:46:59.3390000+05:30","434","UPI","Desktop","IN","IN","1","1123","23","336","false","false","1.2917","0"
"V2TXN-002595","CUST-V2-0148","2025-09-24T10:44:10.4150000+05:30","981","UPI","Mobile","IN","IN","0","584","17","783","false","false","1.2529","0"
"V2TXN-002596","CUST-V2-0087","2025-09-24T10:50:28.5510000+05:30","3294","BANK_TRANSFER","Desktop","AU","AU","4","212","5","2591","false","false","1.2713","0"
"V2TXN-002597","CUST-V2-0512","2025-09-24T11:17:28.8250000+05:30","4380","UPI","Mobile","IN","IN","0","597","11","3293","false","false","1.3301","0"
"V2TXN-002598","CUST-V2-0611","2025-09-24T11:40:35.2520000+05:30","2111","NETBANKING","Mobile","GB","GB","0","378","11","1610","false","false","1.3112","0"
"V2TXN-002599","CUST-V2-0792","2025-09-24T11:43:24.2940000+05:30","656","NETBANKING","Mobile","IN","IN","0","765","22","1360","false","false","0.4824","0"
"V2TXN-002600","CUST-V2-0412","2025-09-24T13:10:34.2880000+05:30","365","UPI","Desktop","SG","SG","1","326","6","374","false","false","0.9759","0"
"V2TXN-002601","CUST-V2-0083","2025-09-24T13:45:21.4640000+05:30","652","WALLET","Mobile","IN","IN","0","996","11","1083","false","false","0.6020","0"
"V2TXN-002602","CUST-V2-0597","2025-09-24T16:12:05.8710000+05:30","2722","UPI","Desktop","IN","IN","0","731","11","1860","false","false","1.4634","0"
"V2TXN-002603","CUST-V2-0883","2025-09-24T18:16:44.6880000+05:30","1766","UPI","Mobile","IN","IN","0","400","10","1127","false","false","1.5670","0"
"V2TXN-002604","CUST-V2-0037","2025-09-24T18:57:28.3630000+05:30","2425","UPI","Desktop","IN","IN","0","1481","40","4052","false","false","0.5985","0"
"V2TXN-002605","CUST-V2-0796","2025-09-24T19:25:36.0050000+05:30","1240","NETBANKING","Desktop","US","US","0","1286","24","778","false","false","1.5938","0"
"V2TXN-002606","CUST-V2-0977","2025-09-24T20:16:36.3530000+05:30","3234","CARD","Mobile","IN","IN","0","986","22","1693","false","false","1.9102","0"
"V2TXN-002607","CUST-V2-0021","2025-09-25T04:21:49.0580000+05:30","584","NETBANKING","Tablet","IN","IN","0","1288","23","873","false","false","0.6690","0"
"V2TXN-002608","CUST-V2-0212","2025-09-25T04:26:31.8030000+05:30","887","CARD","Desktop","IN","IN","0","959","20","1236","false","false","0.7176","0"
"V2TXN-002609","CUST-V2-0136","2025-09-25T05:24:34.5550000+05:30","2475","UPI","Mobile","GB","GB","0","1095","14","2605","false","false","0.9501","0"
"V2TXN-002610","CUST-V2-0478","2025-09-25T06:44:56.7820000+05:30","2422","UPI","Mobile","IN","IN","0","310","9","2809","false","false","0.8622","0"
"V2TXN-002611","CUST-V2-0231","2025-09-25T06:55:37.4780000+05:30","6692","UPI","Mobile","IN","IN","1","1156","17","5175","false","false","1.2931","0"
"V2TXN-002612","CUST-V2-0694","2025-09-25T07:40:59.7990000+05:30","1638","NETBANKING","Mobile","AE","AE","0","539","13","1792","false","false","0.9141","0"
"V2TXN-002613","CUST-V2-0682","2025-09-25T08:15:58.2860000+05:30","1597","BANK_TRANSFER","Desktop","IN","IN","0","1631","34","1270","false","false","1.2575","0"
"V2TXN-002614","CUST-V2-0367","2025-09-25T08:16:02.0530000+05:30","834","CARD","Mobile","GB","GB","0","1405","39","1051","false","false","0.7935","0"
"V2TXN-002615","CUST-V2-0879","2025-09-25T09:11:34.2250000+05:30","4937","UPI","Mobile","IN","IN","0","272","5","4972","false","false","0.9930","0"
"V2TXN-002616","CUST-V2-0664","2025-09-25T10:01:44.3230000+05:30","1499","CARD","Desktop","IN","IN","0","1290","24","1238","false","false","1.2108","0"
"V2TXN-002617","CUST-V2-0555","2025-09-25T11:01:20.4260000+05:30","1308","WALLET","Mobile","IN","IN","0","1532","20","1184","false","false","1.1047","0"
"V2TXN-002618","CUST-V2-0277","2025-09-25T11:25:32.4210000+05:30","4528","NETBANKING","Desktop","CA","CA","0","183","6","5260","false","false","0.8608","0"
"V2TXN-002619","CUST-V2-0857","2025-09-25T11:29:54.4200000+05:30","1933","CARD","Desktop","IN","IN","0","1091","33","2775","false","false","0.6966","0"
"V2TXN-002620","CUST-V2-0867","2025-09-25T11:49:50.8240000+05:30","2065","CARD","Mobile","IN","IN","0","327","3","1669","false","false","1.2373","0"
"V2TXN-002621","CUST-V2-0974","2025-09-25T12:33:01.4730000+05:30","29178","CARD","Desktop","IN","IN","0","1607","24","14868","false","false","1.9625","0"
"V2TXN-002622","CUST-V2-0694","2025-09-25T13:05:42.8500000+05:30","2021","NETBANKING","Mobile","AE","AE","0","539","14","1781","false","false","1.1348","0"
"V2TXN-002623","CUST-V2-0447","2025-09-25T15:51:57.9890000+05:30","935","CARD","Mobile","SA","SA","1","350","7","1896","false","false","0.4931","0"
"V2TXN-002624","CUST-V2-0564","2025-09-25T17:34:29.9190000+05:30","982","UPI","Mobile","IN","IN","0","674","13","1957","false","false","0.5018","0"
"V2TXN-002625","CUST-V2-0476","2025-09-25T18:35:36.9630000+05:30","722","CARD","Desktop","IN","IN","3","1375","16","697","false","false","1.0359","1"
"V2TXN-002626","CUST-V2-0672","2025-09-25T19:29:25.1970000+05:30","1684","WALLET","Mobile","IN","IN","0","766","15","1718","false","false","0.9802","0"
"V2TXN-002627","CUST-V2-0130","2025-09-25T20:17:18.4030000+05:30","1435","UPI","Tablet","SG","SG","0","667","11","1554","false","false","0.9234","0"
"V2TXN-002628","CUST-V2-0991","2025-09-25T21:06:52.2990000+05:30","1047","CARD","Mobile","IN","IN","0","436","11","1425","false","false","0.7347","0"
"V2TXN-002629","CUST-V2-0261","2025-09-25T21:51:15.4300000+05:30","2792","UPI","Mobile","IN","IN","1","1359","35","4129","false","false","0.6762","0"
"V2TXN-002630","CUST-V2-0023","2025-09-26T02:21:15.3830000+05:30","862","CARD","Mobile","IN","IN","1","1371","29","1303","false","false","0.6616","0"
"V2TXN-002631","CUST-V2-0998","2025-09-26T03:31:41.0120000+05:30","1966","UPI","Mobile","IN","IN","0","472","10","1763","false","false","1.1151","0"
"V2TXN-002632","CUST-V2-0666","2025-09-26T05:41:18.1790000+05:30","1999","UPI","Mobile","IN","IN","0","1365","28","1751","false","false","1.1416","0"
"V2TXN-002633","CUST-V2-0122","2025-09-26T07:14:40.4700000+05:30","545","UPI","Mobile","IN","IN","0","1076","26","475","false","false","1.1474","0"
"V2TXN-002634","CUST-V2-0291","2025-09-26T07:50:09.2360000+05:30","1037","NETBANKING","Mobile","IN","IN","0","675","16","1930","false","false","0.5373","0"
"V2TXN-002635","CUST-V2-0435","2025-09-26T07:58:04.0770000+05:30","3477","NETBANKING","Mobile","IN","IN","0","512","13","1478","false","false","2.3525","0"
"V2TXN-002636","CUST-V2-0943","2025-09-26T09:45:16.7250000+05:30","1752","UPI","Desktop","SG","SG","0","737","15","1908","false","false","0.9182","0"
"V2TXN-002637","CUST-V2-0589","2025-09-26T11:13:58.7280000+05:30","1103","CARD","Mobile","US","US","1","258","3","2554","false","false","0.4319","0"
"V2TXN-002638","CUST-V2-0185","2025-09-26T12:39:33.6030000+05:30","1302","UPI","Desktop","US","US","1","737","13","974","false","false","1.3368","0"
"V2TXN-002639","CUST-V2-0017","2025-09-26T15:40:09.2410000+05:30","2194","UPI","Desktop","IN","IN","0","119","4","746","false","false","2.9410","0"
"V2TXN-002640","CUST-V2-0534","2025-09-26T18:06:55.0910000+05:30","2791","UPI","Mobile","IN","IN","0","1271","13","1669","false","false","1.6723","0"
"V2TXN-002641","CUST-V2-0299","2025-09-26T21:28:32.3130000+05:30","1029","UPI","Mobile","IN","IN","0","151","2","1956","false","false","0.5261","0"
"V2TXN-002642","CUST-V2-0514","2025-09-27T00:21:39.4660000+05:30","617","UPI","Mobile","IN","IN","0","1462","37","707","false","false","0.8727","0"
"V2TXN-002643","CUST-V2-0327","2025-09-27T00:51:32.2350000+05:30","727","UPI","Mobile","IN","IN","0","547","14","531","false","false","1.3691","0"
"V2TXN-002644","CUST-V2-0857","2025-09-27T03:20:50.0140000+05:30","2497","CARD","Desktop","IN","IN","1","1093","34","2750","false","false","0.908","0"
"V2TXN-002645","CUST-V2-0522","2025-09-27T08:49:45.6660000+05:30","3753","UPI","Desktop","IN","IN","0","614","13","2559","false","false","1.4666","0"
"V2TXN-002646","CUST-V2-0177","2025-09-27T10:01:56.7180000+05:30","2411","WALLET","Tablet","US","US","0","1175","34","1636","false","false","1.4737","1"
"V2TXN-002647","CUST-V2-0272","2025-09-27T10:05:55.6080000+05:30","3160","CARD","Desktop","DE","DE","0","1347","39","1811","false","false","1.7449","0"
"V2TXN-002648","CUST-V2-0153","2025-09-27T10:06:11.2380000+05:30","2665","CARD","Mobile","IN","IN","0","1091","31","2558","false","false","1.0418","0"
"V2TXN-002649","CUST-V2-0087","2025-09-27T13:00:00.0390000+05:30","1897","BANK_TRANSFER","Desktop","AU","AU","0","215","6","2708","false","false","0.7005","0"
"V2TXN-002650","CUST-V2-0523","2025-09-27T13:31:15.3660000+05:30","1249","WALLET","Tablet","IN","IN","0","519","15","671","false","false","1.8614","0"
"V2TXN-002651","CUST-V2-0886","2025-09-27T14:01:18.2070000+05:30","4200","CARD","Mobile","IN","GB","3","1482","31","1399","false","true","3.0021","1"
"V2TXN-002652","CUST-V2-0982","2025-09-27T17:11:27.2090000+05:30","1867","CARD","Tablet","GB","GB","0","1135","26","2175","false","false","0.8584","0"
"V2TXN-002653","CUST-V2-0370","2025-09-27T17:36:47.2390000+05:30","3351","CARD","Desktop","IN","IN","0","260","3","2513","false","false","1.3335","1"
"V2TXN-002654","CUST-V2-0232","2025-09-27T18:40:57.1070000+05:30","1972","CARD","Mobile","IN","IN","0","630","16","2159","false","false","0.9134","0"
"V2TXN-002655","CUST-V2-0201","2025-09-27T21:06:31.5360000+05:30","284","NETBANKING","Mobile","IN","IN","0","1007","27","361","false","false","0.7867","0"
"V2TXN-002656","CUST-V2-0849","2025-09-27T21:29:20.8290000+05:30","1095","UPI","Desktop","IN","IN","0","1401","19","988","false","false","1.1083","0"
"V2TXN-002657","CUST-V2-0060","2025-09-27T22:17:53.3440000+05:30","1112","WALLET","Tablet","IN","IN","1","253","6","1509","false","false","0.7369","0"
"V2TXN-002658","CUST-V2-0930","2025-09-28T01:20:20.3960000+05:30","3361","WALLET","Desktop","IN","IN","0","1181","15","3057","false","false","1.0994","0"
"V2TXN-002659","CUST-V2-0792","2025-09-28T02:18:22.2290000+05:30","939","NETBANKING","Mobile","IN","IN","0","769","23","1330","false","false","0.7060","0"
"V2TXN-002660","CUST-V2-0570","2025-09-28T02:30:13.2240000+05:30","12990","CARD","Mobile","GB","IN","1","633","19","4946","false","true","2.6264","1"
"V2TXN-002661","CUST-V2-0232","2025-09-28T03:07:59.3840000+05:30","4101","CARD","Mobile","IN","IN","0","630","17","2148","false","false","1.9092","0"
"V2TXN-002662","CUST-V2-0972","2025-09-28T03:20:12.2740000+05:30","4775","CARD","Mobile","IN","IN","0","248","3","3749","false","false","1.2737","0"
"V2TXN-002663","CUST-V2-0117","2025-09-28T03:23:47.9070000+05:30","585","NETBANKING","Mobile","IN","IN","0","1400","18","1083","false","false","0.5402","0"
"V2TXN-002664","CUST-V2-0372","2025-09-28T03:28:59.0120000+05:30","1717","NETBANKING","Mobile","AE","AE","0","811","14","1110","false","false","1.5468","0"
"V2TXN-002665","CUST-V2-0787","2025-09-28T05:28:34.3380000+05:30","3618","UPI","Mobile","IN","IN","0","1368","34","2903","false","false","1.2463","0"
"V2TXN-002666","CUST-V2-0231","2025-09-28T06:59:44.1510000+05:30","4145","CARD","Mobile","IN","IN","0","1159","18","5259","false","false","0.7882","0"
"V2TXN-002667","CUST-V2-0426","2025-09-28T08:09:14.9040000+05:30","2821","CARD","Mobile","US","IN","3","297","6","2912","false","true","0.9688","1"
"V2TXN-002668","CUST-V2-0915","2025-09-28T09:33:37.4060000+05:30","2891","UPI","Desktop","IN","IN","0","1334","20","1899","false","false","1.5224","0"
"V2TXN-002669","CUST-V2-0826","2025-09-28T13:02:41.3900000+05:30","3580","CARD","Mobile","GB","GB","2","1534","22","2876","false","false","1.2448","0"
"V2TXN-002670","CUST-V2-0275","2025-09-28T13:30:47.9540000+05:30","2779","UPI","Mobile","IN","IN","0","918","24","2073","false","false","1.3406","0"
"V2TXN-002671","CUST-V2-0154","2025-09-28T13:53:15.3040000+05:30","3195","WALLET","Mobile","CA","CA","0","420","5","3794","false","false","0.8421","0"
"V2TXN-002672","CUST-V2-0618","2025-09-28T14:21:05.5280000+05:30","8283","UPI","Mobile","IN","IN","0","1346","30","6442","false","false","1.2858","0"
"V2TXN-002673","CUST-V2-0838","2025-09-28T15:14:57.5010000+05:30","4644","WALLET","Desktop","IN","IN","1","1100","11","1512","false","false","3.0714","1"
"V2TXN-002674","CUST-V2-0932","2025-09-28T15:23:46.3140000+05:30","3274","CARD","Desktop","IN","IN","1","989","29","2464","false","false","1.3287","1"
"V2TXN-002675","CUST-V2-0246","2025-09-28T16:01:16.3060000+05:30","2540","CARD","Tablet","AU","AU","0","643","12","927","false","false","2.7400","0"
"V2TXN-002676","CUST-V2-0500","2025-09-28T17:03:15.1530000+05:30","2830","UPI","Mobile","CA","CA","0","695","22","2171","false","false","1.3035","0"
"V2TXN-002677","CUST-V2-0964","2025-09-28T18:05:58.0700000+05:30","824","NETBANKING","Mobile","IN","IN","1","425","10","1491","false","false","0.5526","0"
"V2TXN-002678","CUST-V2-0260","2025-09-28T18:54:15.3860000+05:30","7951","UPI","Mobile","AE","AE","0","911","19","6272","false","false","1.2677","1"
"V2TXN-002679","CUST-V2-0413","2025-09-28T19:09:46.0750000+05:30","3773","CARD","Desktop","DE","IN","1","710","9","1988","false","true","1.8979","1"
"V2TXN-002680","CUST-V2-0575","2025-09-28T19:14:29.6950000+05:30","6828","CARD","Mobile","IN","IN","0","802","24","2554","false","false","2.6735","1"
"V2TXN-002681","CUST-V2-0197","2025-09-28T21:28:22.6980000+05:30","29710","CARD","Desktop","GB","GB","0","260","3","19694","false","false","1.5086","0"
"V2TXN-002682","CUST-V2-0151","2025-09-28T22:23:07.6100000+05:30","3482","CARD","Mobile","SA","SA","0","946","12","1722","false","false","2.0221","1"
"V2TXN-002683","CUST-V2-0669","2025-09-28T23:04:15.2710000+05:30","567","CARD","Mobile","IN","IN","1","629","17","867","false","false","0.6540","0"
"V2TXN-002684","CUST-V2-0613","2025-09-29T01:19:27.6380000+05:30","796","WALLET","Mobile","IN","IN","0","1328","24","701","false","false","1.1355","0"
"V2TXN-002685","CUST-V2-0727","2025-09-29T01:26:13.3790000+05:30","1060","CARD","Mobile","SG","SG","0","1031","26","856","false","false","1.2383","0"
"V2TXN-002686","CUST-V2-0567","2025-09-29T02:36:02.0740000+05:30","7084","CARD","Mobile","AE","AE","1","684","20","7388","false","false","0.9589","0"
"V2TXN-002687","CUST-V2-0817","2025-09-29T03:20:16.8970000+05:30","7157","UPI","Mobile","SG","SG","0","1307","28","5572","false","false","1.2845","0"
"V2TXN-002688","CUST-V2-0495","2025-09-29T05:15:06.5770000+05:30","850","UPI","Mobile","IN","IN","0","1105","30","1442","false","false","0.5895","0"
"V2TXN-002689","CUST-V2-0620","2025-09-29T05:26:46.4240000+05:30","2118","CARD","Mobile","IN","IN","0","115","3","1536","false","false","1.3789","0"
"V2TXN-002690","CUST-V2-0084","2025-09-29T06:44:50.8740000+05:30","1560","CARD","Desktop","IN","IN","4","1190","32","1069","false","false","1.4593","1"
"V2TXN-002691","CUST-V2-0144","2025-09-29T08:23:13.3510000+05:30","603","CARD","Tablet","US","US","0","227","7","343","false","false","1.7580","0"
"V2TXN-002692","CUST-V2-0077","2025-09-29T09:51:47.3080000+05:30","2163","CARD","Mobile","IN","IN","0","1590","20","1730","false","false","1.2503","0"
"V2TXN-002693","CUST-V2-0017","2025-09-29T10:11:59.3470000+05:30","797","UPI","Mobile","IN","IN","1","122","5","1036","false","false","0.7693","0"
"V2TXN-002694","CUST-V2-0305","2025-09-29T10:23:30.3730000+05:30","5189","WALLET","Desktop","IN","IN","0","502","7","4050","false","false","1.2812","0"
"V2TXN-002695","CUST-V2-0431","2025-09-29T11:43:07.6380000+05:30","2652","UPI","Tablet","GB","GB","0","1534","37","1785","false","false","1.4857","0"
"V2TXN-002696","CUST-V2-0232","2025-09-29T13:41:10.3920000+05:30","2686","CARD","Mobile","IN","IN","0","632","18","2257","false","false","1.1901","0"
"V2TXN-002697","CUST-V2-0346","2025-09-29T18:51:04.9830000+05:30","4077","UPI","Mobile","IN","IN","1","1194","23","2222","false","false","1.8348","0"
"V2TXN-002698","CUST-V2-0734","2025-09-29T19:32:47.3710000+05:30","1156","UPI","Mobile","IN","IN","0","617","18","1486","false","false","0.7779","0"
"V2TXN-002699","CUST-V2-0087","2025-09-29T19:54:29.0270000+05:30","2293","BANK_TRANSFER","Desktop","AU","AU","0","218","7","2592","false","false","0.8846","0"
"V2TXN-002700","CUST-V2-0432","2025-09-29T21:33:50.3890000+05:30","1019","CARD","Mobile","IN","IN","0","264","5","1154","false","false","0.8830","0"
"V2TXN-002701","CUST-V2-0829","2025-09-29T23:08:58.7250000+05:30","2719","BANK_TRANSFER","Desktop","AU","AU","0","1036","17","2267","false","false","1.1994","0"
"V2TXN-002702","CUST-V2-0889","2025-09-30T00:10:42.6640000+05:30","27026","UPI","Desktop","SG","SG","1","238","9","35142","false","false","0.7691","0"
"V2TXN-002703","CUST-V2-0699","2025-09-30T00:59:53.4640000+05:30","2036","WALLET","Mobile","IN","IN","0","966","26","2267","false","false","0.8981","0"
"V2TXN-002704","CUST-V2-0230","2025-09-30T01:01:14.6480000+05:30","4304","WALLET","Mobile","SA","SA","0","1324","27","3203","false","false","1.3437","0"
"V2TXN-002705","CUST-V2-0481","2025-09-30T01:08:11.5680000+05:30","1315","CARD","Mobile","IN","IN","0","1274","36","1471","false","false","0.8939","0"
"V2TXN-002706","CUST-V2-0752","2025-09-30T01:14:01.5810000+05:30","220","WALLET","Mobile","SA","SA","0","1125","21","276","false","false","0.7971","0"
"V2TXN-002707","CUST-V2-0280","2025-09-30T03:08:12.8730000+05:30","1239","NETBANKING","Desktop","AU","AU","0","1421","18","1532","false","false","0.8087","0"
"V2TXN-002708","CUST-V2-0160","2025-09-30T03:19:43.4660000+05:30","1166","BANK_TRANSFER","Desktop","US","US","1","264","4","593","false","false","1.9663","0"
"V2TXN-002709","CUST-V2-0166","2025-09-30T04:07:57.2500000+05:30","1789","UPI","Mobile","CA","CA","1","638","16","1360","false","false","1.3154","0"
"V2TXN-002710","CUST-V2-0210","2025-09-30T04:20:28.5740000+05:30","641","UPI","Mobile","IN","IN","0","1034","14","697","false","false","0.9197","0"
"V2TXN-002711","CUST-V2-0964","2025-09-30T04:24:19.6470000+05:30","1690","WALLET","Mobile","IN","IN","1","426","11","1431","false","false","1.1810","0"
"V2TXN-002712","CUST-V2-0344","2025-09-30T04:51:57.2780000+05:30","815","UPI","Mobile","IN","IN","0","280","5","465","false","false","1.7527","0"
"V2TXN-002713","CUST-V2-0067","2025-09-30T05:49:16.3440000+05:30","1473","UPI","Mobile","DE","DE","0","257","5","1685","false","false","0.8742","0"
"V2TXN-002714","CUST-V2-0419","2025-09-30T06:15:10.7390000+05:30","3930","UPI","Desktop","IN","IN","0","953","27","4796","false","false","0.8194","0"
"V2TXN-002715","CUST-V2-0366","2025-09-30T06:18:10.7350000+05:30","1967","WALLET","Mobile","IN","IN","0","1446","19","2276","false","false","0.8642","0"
"V2TXN-002716","CUST-V2-0553","2025-09-30T06:35:11.0720000+05:30","4165","NETBANKING","Mobile","IN","IN","0","1596","41","4405","false","false","0.9455","0"
"V2TXN-002717","CUST-V2-0282","2025-09-30T06:50:46.6460000+05:30","1810","NETBANKING","Desktop","IN","IN","0","1273","23","1548","false","false","1.1693","0"
"V2TXN-002718","CUST-V2-0587","2025-09-30T08:14:53.2660000+05:30","556","UPI","Desktop","DE","DE","0","458","10","833","false","false","0.6675","0"
"V2TXN-002719","CUST-V2-0749","2025-09-30T08:21:56.7390000+05:30","508","CARD","Mobile","IN","IN","3","927","12","1432","false","false","0.3547","1"
"V2TXN-002720","CUST-V2-0694","2025-09-30T08:51:27.8630000+05:30","2379","NETBANKING","Mobile","AE","AE","0","544","15","1797","false","false","1.3239","0"
"V2TXN-002721","CUST-V2-0575","2025-09-30T09:30:36.2650000+05:30","3804","UPI","Desktop","IN","IN","0","804","25","2725","false","false","1.3960","0"
"V2TXN-002722","CUST-V2-0291","2025-09-30T10:46:14.0040000+05:30","1378","CARD","Mobile","IN","IN","5","680","17","1878","false","false","0.7338","0"
"V2TXN-002723","CUST-V2-0613","2025-09-30T10:46:35.6000000+05:30","1273","WALLET","Mobile","IN","IN","1","1329","25","705","false","false","1.8057","0"
"V2TXN-002724","CUST-V2-0141","2025-09-30T11:42:46.1610000+05:30","81","CARD","Mobile","SG","IN","2","795","14","940","false","true","0.0862","1"
"V2TXN-002725","CUST-V2-0015","2025-09-30T12:05:55.7420000+05:30","3677","UPI","Desktop","IN","IN","0","1156","23","4497","false","false","0.8177","0"
"V2TXN-002726","CUST-V2-0299","2025-09-30T12:12:10.9920000+05:30","1230","UPI","Mobile","IN","IN","0","155","3","1647","false","false","0.7468","0"
"V2TXN-002727","CUST-V2-0238","2025-09-30T12:25:54.5900000+05:30","2616","UPI","Tablet","IN","IN","0","1126","21","3582","false","false","0.7303","0"
"V2TXN-002728","CUST-V2-0110","2025-09-30T13:57:32.0180000+05:30","2547","WALLET","Mobile","IN","IN","0","1571","20","2324","false","false","1.0960","0"
"V2TXN-002729","CUST-V2-0276","2025-09-30T15:01:19.8720000+05:30","1008","CARD","Desktop","SA","SA","0","1350","31","694","false","false","1.4524","0"
"V2TXN-002730","CUST-V2-0092","2025-09-30T15:25:05.4020000+05:30","3290","UPI","Desktop","IN","IN","0","330","5","3395","false","false","0.9691","0"
"V2TXN-002731","CUST-V2-0336","2025-09-30T18:48:43.5850000+05:30","833","UPI","Desktop","IN","IN","0","373","5","1023","false","false","0.8143","0"
"V2TXN-002732","CUST-V2-0857","2025-09-30T18:58:51.6030000+05:30","2013","CARD","Desktop","IN","IN","1","1096","35","2743","false","false","0.7339","0"
"V2TXN-002733","CUST-V2-0261","2025-09-30T22:13:23.3930000+05:30","2506","UPI","Desktop","IN","IN","0","1364","36","4092","false","false","0.6124","0"
"V2TXN-002734","CUST-V2-0052","2025-10-01T00:00:08.9520000+05:30","1766","NETBANKING","Mobile","SA","SA","0","1315","18","2044","false","false","0.8640","0"
"V2TXN-002735","CUST-V2-0809","2025-10-01T00:01:59.2170000+05:30","731","CARD","Desktop","US","IN","4","569","14","695","false","true","1.0518","0"
"V2TXN-002736","CUST-V2-0165","2025-10-01T00:47:58.9310000+05:30","662","UPI","Mobile","IN","IN","0","1184","32","465","false","false","1.4237","0"
"V2TXN-002737","CUST-V2-0651","2025-10-01T03:39:39.1590000+05:30","1346","UPI","Desktop","IN","IN","0","829","9","2892","false","false","0.4654","0"
"V2TXN-002738","CUST-V2-0499","2025-10-01T04:44:16.2320000+05:30","374","UPI","Mobile","IN","IN","0","1729","32","522","false","false","0.7165","0"
"V2TXN-002739","CUST-V2-0764","2025-10-01T07:02:24.5650000+05:30","2207","CARD","Mobile","US","US","0","1228","16","2207","false","false","1","0"
"V2TXN-002740","CUST-V2-0489","2025-10-01T08:39:31.1980000+05:30","571","CARD","Desktop","GB","GB","0","1031","18","621","false","false","0.9195","0"
"V2TXN-002741","CUST-V2-0715","2025-10-01T09:38:13.9800000+05:30","322","WALLET","Mobile","US","US","0","684","13","404","false","false","0.7970","0"
"V2TXN-002742","CUST-V2-0070","2025-10-01T09:51:45.1910000+05:30","1885","NETBANKING","Mobile","GB","GB","1","977","19","3210","false","false","0.5872","0"
"V2TXN-002743","CUST-V2-0751","2025-10-01T09:59:40.8470000+05:30","901","CARD","Mobile","IN","IN","0","392","11","632","false","false","1.4256","0"
"V2TXN-002744","CUST-V2-0186","2025-10-01T11:44:50.1050000+05:30","869","CARD","Mobile","IN","IN","0","1673","24","902","false","false","0.9634","0"
"V2TXN-002745","CUST-V2-0743","2025-10-01T12:00:06.4000000+05:30","5710","CARD","Desktop","DE","DE","0","265","3","5734","false","false","0.9958","0"
"V2TXN-002746","CUST-V2-0977","2025-10-01T12:10:54.7230000+05:30","2508","UPI","Mobile","IN","IN","1","992","23","1760","false","false","1.425","0"
"V2TXN-002747","CUST-V2-0644","2025-10-01T13:19:02.4550000+05:30","660","CARD","Mobile","SG","SG","0","220","3","736","false","false","0.8967","0"
"V2TXN-002748","CUST-V2-0306","2025-10-01T13:56:22.6440000+05:30","1400","UPI","Desktop","DE","DE","0","843","14","1132","false","false","1.2367","0"
"V2TXN-002749","CUST-V2-0731","2025-10-01T14:04:48.0380000+05:30","2852","BANK_TRANSFER","Mobile","IN","IN","0","586","15","2633","false","false","1.0832","0"
"V2TXN-002750","CUST-V2-0831","2025-10-01T16:59:23.0330000+05:30","476","UPI","Mobile","IN","IN","1","252","6","498","false","false","0.9558","0"
"V2TXN-002751","CUST-V2-0686","2025-10-01T18:17:49.2960000+05:30","2707","UPI","Desktop","GB","GB","0","771","13","2534","false","false","1.0683","0"
"V2TXN-002752","CUST-V2-0413","2025-10-01T20:20:26.1100000+05:30","1877","CARD","Desktop","IN","IN","1","714","10","2166","false","false","0.8666","0"
"V2TXN-002753","CUST-V2-0397","2025-10-01T21:44:59.4140000+05:30","1486","NETBANKING","Mobile","IN","IN","0","771","16","1955","false","false","0.7601","0"
"V2TXN-002754","CUST-V2-0482","2025-10-01T21:45:51.6240000+05:30","729","UPI","Desktop","IN","IN","2","1046","12","867","false","false","0.8408","0"
"V2TXN-002755","CUST-V2-0993","2025-10-01T21:58:40.9130000+05:30","1063","CARD","Mobile","GB","GB","0","208","3","2017","false","false","0.5270","0"
"V2TXN-002756","CUST-V2-0741","2025-10-02T00:38:59.8390000+05:30","3643","NETBANKING","Desktop","IN","IN","0","551","15","2613","false","false","1.3942","0"
"V2TXN-002757","CUST-V2-0911","2025-10-02T03:24:18.3140000+05:30","3797","UPI","Tablet","CA","CA","1","253","4","3261","false","false","1.1644","0"
"V2TXN-002758","CUST-V2-0968","2025-10-02T04:27:38.3630000+05:30","3802","CARD","Desktop","IN","IN","0","314","3","2284","false","false","1.6646","0"
"V2TXN-002759","CUST-V2-0461","2025-10-02T07:15:41.4760000+05:30","1153","NETBANKING","Mobile","SG","SG","0","564","14","1784","false","false","0.6463","0"
"V2TXN-002760","CUST-V2-0998","2025-10-02T11:03:56.4710000+05:30","1593","UPI","Mobile","IN","IN","0","478","11","1782","false","false","0.8939","0"
"V2TXN-002761","CUST-V2-0792","2025-10-02T12:52:33.0020000+05:30","593","NETBANKING","Mobile","IN","IN","0","773","24","1313","false","false","0.4516","0"
"V2TXN-002762","CUST-V2-0402","2025-10-02T13:14:01.5830000+05:30","2129","CARD","Tablet","DE","DE","0","1242","17","1792","false","false","1.1881","0"
"V2TXN-002763","CUST-V2-0612","2025-10-02T14:44:05.3580000+05:30","1128","UPI","Mobile","IN","IN","0","255","5","1544","false","false","0.7306","0"
"V2TXN-002764","CUST-V2-0721","2025-10-02T18:35:50.2410000+05:30","1646","WALLET","Mobile","IN","IN","0","1391","24","1009","false","false","1.6313","0"
"V2TXN-002765","CUST-V2-0719","2025-10-02T18:59:01.6490000+05:30","405","CARD","Mobile","IN","IN","0","1261","39","710","false","false","0.5704","0"
"V2TXN-002766","CUST-V2-0735","2025-10-02T21:40:57.6200000+05:30","4960","UPI","Mobile","AU","AU","1","470","10","2840","false","false","1.7465","0"
"V2TXN-002767","CUST-V2-0607","2025-10-02T22:02:46.9750000+05:30","937","UPI","Mobile","IN","IN","0","1073","31","841","false","false","1.1141","0"
"V2TXN-002768","CUST-V2-0223","2025-10-02T22:08:34.3610000+05:30","829","WALLET","Desktop","AE","AE","0","252","3","1160","false","false","0.7147","0"
"V2TXN-002769","CUST-V2-0589","2025-10-03T00:35:43.2500000+05:30","1826","CARD","Mobile","US","US","1","264","4","2191","false","false","0.8334","0"
"V2TXN-002770","CUST-V2-0510","2025-10-03T03:15:20.6960000+05:30","384","UPI","Desktop","IN","IN","0","268","4","601","false","false","0.6389","0"
"V2TXN-002771","CUST-V2-0669","2025-10-03T03:45:33.6790000+05:30","429","CARD","Mobile","GB","IN","2","633","18","851","false","true","0.5041","1"
"V2TXN-002772","CUST-V2-0266","2025-10-03T05:03:09.8400000+05:30","1071","NETBANKING","Mobile","IN","IN","0","782","20","926","false","false","1.1566","0"
"V2TXN-002773","CUST-V2-0177","2025-10-03T07:04:17.7950000+05:30","1238","CARD","Mobile","US","US","0","1181","35","1658","false","false","0.7467","0"
"V2TXN-002774","CUST-V2-0648","2025-10-03T07:04:42.7980000+05:30","2524","CARD","Desktop","IN","IN","0","840","23","1682","false","false","1.5006","0"
"V2TXN-002775","CUST-V2-0173","2025-10-03T07:08:59.8230000+05:30","4683","NETBANKING","Desktop","IN","IN","1","1393","38","5376","false","false","0.8711","0"
"V2TXN-002776","CUST-V2-0595","2025-10-03T10:27:44.2110000+05:30","2528","UPI","Mobile","IN","IN","0","120","3","2193","false","false","1.1528","0"
"V2TXN-002777","CUST-V2-0410","2025-10-03T12:09:38.8400000+05:30","588","CARD","Desktop","IN","IN","4","995","27","967","false","false","0.6081","0"
"V2TXN-002778","CUST-V2-0229","2025-10-03T12:10:48.9660000+05:30","5494","CARD","Desktop","IN","IN","0","767","11","2782","false","false","1.9748","0"
"V2TXN-002779","CUST-V2-0874","2025-10-03T15:49:31.0520000+05:30","1561","BANK_TRANSFER","Mobile","IN","IN","0","628","16","1743","false","false","0.8956","0"
"V2TXN-002780","CUST-V2-1000","2025-10-03T16:02:03.1100000+05:30","843","CARD","Mobile","IN","IN","0","227","7","1152","false","false","0.7318","0"
"V2TXN-002781","CUST-V2-0839","2025-10-03T16:33:46.4400000+05:30","629","UPI","Mobile","GB","GB","0","1027","21","836","false","false","0.7524","0"
"V2TXN-002782","CUST-V2-0008","2025-10-03T18:49:26.6300000+05:30","2409","CARD","Desktop","SG","IN","3","1227","19","1401","false","true","1.7195","1"
"V2TXN-002783","CUST-V2-0040","2025-10-03T20:46:44.6550000+05:30","7089","CARD","Mobile","DE","IN","3","660","7","2830","false","true","2.5049","1"
"V2TXN-002784","CUST-V2-0448","2025-10-03T21:32:06.7630000+05:30","2159","NETBANKING","Desktop","IN","IN","0","237","5","1621","false","false","1.3319","0"
"V2TXN-002785","CUST-V2-0260","2025-10-03T21:46:57.0080000+05:30","6096","UPI","Mobile","AE","AE","1","916","20","6356","false","false","0.9591","0"
"V2TXN-002786","CUST-V2-0688","2025-10-04T00:54:38.6360000+05:30","900","CARD","Desktop","IN","IN","0","994","29","1237","false","false","0.7276","0"
"V2TXN-002787","CUST-V2-0818","2025-10-04T01:03:24.9140000+05:30","14980","CARD","Desktop","AU","GB","3","1070","21","4395","false","true","3.4084","1"
"V2TXN-002788","CUST-V2-0115","2025-10-04T02:21:22.0590000+05:30","396","CARD","Mobile","SG","SG","0","1274","29","428","false","false","0.9252","0"
"V2TXN-002789","CUST-V2-0535","2025-10-04T02:45:29.4020000+05:30","2292","UPI","Desktop","IN","IN","0","1222","34","2847","false","false","0.8051","0"
"V2TXN-002790","CUST-V2-0841","2025-10-04T03:10:18.3980000+05:30","170684","UPI","Desktop","IN","IN","0","230","7","91641","false","false","1.8625","0"
"V2TXN-002791","CUST-V2-0235","2025-10-04T03:52:46.8510000+05:30","8059","CARD","Mobile","US","US","1","278","3","9734","false","false","0.8279","0"
"V2TXN-002792","CUST-V2-0183","2025-10-04T04:05:43.0170000+05:30","4366","CARD","Desktop","IN","IN","1","795","10","2646","false","false","1.6500","1"
"V2TXN-002793","CUST-V2-0348","2025-10-04T06:43:48.4450000+05:30","645","UPI","Mobile","US","US","0","857","16","846","false","false","0.7624","0"
"V2TXN-002794","CUST-V2-0151","2025-10-04T06:47:53.0750000+05:30","2628","UPI","Desktop","SA","SA","0","951","13","1858","false","false","1.4144","0"
"V2TXN-002795","CUST-V2-0041","2025-10-04T07:03:22.0930000+05:30","12760","UPI","Desktop","IN","IN","1","243","4","12053","false","false","1.0587","0"
"V2TXN-002796","CUST-V2-0468","2025-10-04T07:24:18.9620000+05:30","1780","UPI","Mobile","IN","IN","0","1534","34","2302","false","false","0.7732","0"
"V2TXN-002797","CUST-V2-0891","2025-10-04T07:59:39.1230000+05:30","2586","UPI","Desktop","US","US","1","665","11","3243","false","false","0.7974","0"
"V2TXN-002798","CUST-V2-0271","2025-10-04T09:03:03.6180000+05:30","2032","UPI","Desktop","SA","SA","0","455","6","1348","false","false","1.5074","0"
"V2TXN-002799","CUST-V2-0886","2025-10-04T09:21:53.1020000+05:30","542","CARD","Mobile","GB","GB","5","1488","32","1486","false","false","0.3647","1"
"V2TXN-002800","CUST-V2-0288","2025-10-04T09:36:10.4470000+05:30","7805","CARD","Desktop","IN","IN","0","661","17","4782","false","false","1.6322","0"
"V2TXN-002801","CUST-V2-0500","2025-10-04T09:38:14.8440000+05:30","4202","WALLET","Mobile","IN","CA","0","701","23","2200","false","true","1.91","0"
"V2TXN-002802","CUST-V2-0863","2025-10-04T10:36:28.7210000+05:30","708","UPI","Desktop","IN","IN","0","1133","24","340","false","false","2.0824","0"
"V2TXN-002803","CUST-V2-0224","2025-10-04T10:51:01.7090000+05:30","2954","NETBANKING","Mobile","IN","IN","0","1331","30","1170","false","false","2.5248","0"
"V2TXN-002804","CUST-V2-0367","2025-10-04T14:09:55.9230000+05:30","822","UPI","Mobile","GB","GB","0","1414","40","1045","false","false","0.7866","0"
"V2TXN-002805","CUST-V2-0631","2025-10-04T14:47:08.5780000+05:30","611","UPI","Mobile","IN","IN","0","724","16","566","false","false","1.0795","0"
"V2TXN-002806","CUST-V2-0452","2025-10-04T14:53:00.9850000+05:30","1015","UPI","Mobile","IN","IN","0","879","28","1508","false","false","0.6731","0"
"V2TXN-002807","CUST-V2-0042","2025-10-04T15:11:26.1790000+05:30","4309","UPI","Desktop","US","US","0","1161","23","3925","false","false","1.0978","0"
"V2TXN-002808","CUST-V2-0573","2025-10-04T16:05:33.3290000+05:30","2339","CARD","Desktop","IN","IN","0","1501","41","3300","false","false","0.7088","0"
"V2TXN-002809","CUST-V2-0188","2025-10-04T16:51:07.9350000+05:30","903","UPI","Mobile","SA","SA","3","1139","29","1221","false","false","0.7396","0"
"V2TXN-002810","CUST-V2-0812","2025-10-04T19:14:48.3670000+05:30","1071","BANK_TRANSFER","Mobile","IN","IN","0","1420","34","1086","false","false","0.9862","0"
"V2TXN-002811","CUST-V2-0241","2025-10-04T20:34:47.6130000+05:30","2341","UPI","Desktop","IN","IN","0","1538","36","4223","false","false","0.5543","0"
"V2TXN-002812","CUST-V2-0776","2025-10-04T20:52:20.5820000+05:30","881","UPI","Mobile","CA","CA","1","292","3","644","false","false","1.3680","0"
"V2TXN-002813","CUST-V2-0179","2025-10-04T21:09:33.3450000+05:30","1140","UPI","Mobile","CA","CA","0","551","11","1310","false","false","0.8702","0"
"V2TXN-002814","CUST-V2-0184","2025-10-04T21:36:13.5710000+05:30","689","UPI","Mobile","IN","IN","0","689","7","1966","false","false","0.3505","0"
"V2TXN-002815","CUST-V2-0283","2025-10-04T22:32:12.2190000+05:30","4282","CARD","Mobile","IN","IN","1","311","9","4499","false","false","0.9518","0"
"V2TXN-002816","CUST-V2-0499","2025-10-04T22:59:15.9080000+05:30","426","UPI","Mobile","IN","IN","0","1733","33","517","false","false","0.8240","0"
"V2TXN-002817","CUST-V2-0021","2025-10-05T00:13:06.3580000+05:30","1849","CARD","Desktop","IN","IN","1","1298","24","861","false","false","2.1475","1"
"V2TXN-002818","CUST-V2-0951","2025-10-05T01:18:58.2590000+05:30","1295","UPI","Mobile","IN","IN","0","248","5","2394","false","false","0.5409","0"
"V2TXN-002819","CUST-V2-0516","2025-10-05T02:16:50.6440000+05:30","417","WALLET","Mobile","IN","IN","0","1016","23","648","false","false","0.6435","0"
"V2TXN-002820","CUST-V2-0040","2025-10-05T03:52:24.4030000+05:30","2904","NETBANKING","Mobile","IN","IN","0","661","8","3363","false","false","0.8635","0"
"V2TXN-002821","CUST-V2-0516","2025-10-05T04:28:19.4980000+05:30","931","UPI","Mobile","IN","IN","0","1016","24","638","false","false","1.4592","0"
"V2TXN-002822","CUST-V2-0323","2025-10-05T08:04:36.5220000+05:30","2855","CARD","Mobile","IN","IN","0","1398","28","2538","false","false","1.1249","0"
"V2TXN-002823","CUST-V2-0147","2025-10-05T08:30:05.8950000+05:30","18898","UPI","Desktop","US","US","0","253","3","12238","false","false","1.5442","1"
"V2TXN-002824","CUST-V2-0572","2025-10-05T09:09:41.1020000+05:30","6573","CARD","Mobile","US","US","0","248","5","16943","false","false","0.3879","0"
"V2TXN-002825","CUST-V2-0786","2025-10-05T11:08:33.7690000+05:30","593","UPI","Desktop","IN","IN","0","942","12","823","false","false","0.7205","0"
"V2TXN-002826","CUST-V2-0219","2025-10-05T13:31:43.7120000+05:30","1938","UPI","Mobile","US","US","0","238","5","1875","false","false","1.0336","0"
"V2TXN-002827","CUST-V2-0191","2025-10-05T14:11:15.4790000+05:30","4065","UPI","Mobile","SG","SG","0","425","12","2318","false","false","1.7537","0"
"V2TXN-002828","CUST-V2-0346","2025-10-05T15:29:39.2250000+05:30","2250","UPI","Desktop","IN","IN","0","1200","24","2299","false","false","0.9787","0"
"V2TXN-002829","CUST-V2-0466","2025-10-05T16:00:51.9220000+05:30","4250","UPI","Mobile","IN","IN","0","1627","38","4160","false","false","1.0216","0"
"V2TXN-002830","CUST-V2-0196","2025-10-05T16:34:50.8950000+05:30","321","NETBANKING","Desktop","US","IN","0","810","23","717","false","true","0.4477","1"
"V2TXN-002831","CUST-V2-0316","2025-10-05T17:44:44.7040000+05:30","2904","CARD","Mobile","US","US","0","735","10","2747","false","false","1.0572","0"
"V2TXN-002832","CUST-V2-0406","2025-10-05T22:29:41.0440000+05:30","3755","UPI","Mobile","IN","IN","0","266","8","1906","false","false","1.9701","0"
"V2TXN-002833","CUST-V2-0985","2025-10-05T23:56:00.4900000+05:30","4086","CARD","Mobile","SA","SA","0","1592","36","4731","false","false","0.8637","0"
"V2TXN-002834","CUST-V2-0845","2025-10-06T00:26:38.2740000+05:30","1405","UPI","Mobile","IN","IN","0","1043","20","1140","false","false","1.2325","0"
"V2TXN-002835","CUST-V2-0274","2025-10-06T01:06:26.2800000+05:30","5939","CARD","Mobile","US","US","0","1245","29","2051","false","false","2.8957","0"
"V2TXN-002836","CUST-V2-0044","2025-10-06T01:38:25.5120000+05:30","9586","UPI","Desktop","AE","AE","0","1006","15","4886","false","false","1.9619","0"
"V2TXN-002837","CUST-V2-0922","2025-10-06T01:38:30.0840000+05:30","1928","UPI","Mobile","GB","GB","0","1338","34","2103","false","false","0.9168","0"
"V2TXN-002838","CUST-V2-0097","2025-10-06T02:55:43.7780000+05:30","3217","CARD","Mobile","AU","AU","0","1254","36","2505","false","false","1.2842","0"
"V2TXN-002839","CUST-V2-0447","2025-10-06T04:14:19.5890000+05:30","1661","UPI","Mobile","SA","SA","1","361","8","1776","false","false","0.9352","0"
"V2TXN-002840","CUST-V2-0174","2025-10-06T04:23:23.3540000+05:30","1717","UPI","Mobile","IN","IN","0","1374","36","1329","false","false","1.2919","0"
"V2TXN-002841","CUST-V2-0901","2025-10-06T04:40:32.2000000+05:30","560","UPI","Mobile","IN","IN","0","982","22","1050","false","false","0.5333","0"
"V2TXN-002842","CUST-V2-0166","2025-10-06T05:11:16.4500000+05:30","2330","UPI","Mobile","CA","CA","0","644","17","1385","false","false","1.6823","0"
"V2TXN-002843","CUST-V2-0260","2025-10-06T07:16:03.8110000+05:30","4530","CARD","Mobile","AE","AE","0","919","21","6344","false","false","0.7141","0"
"V2TXN-002844","CUST-V2-0594","2025-10-06T07:43:47.4700000+05:30","1271","WALLET","Mobile","IN","GB","1","331","8","1574","false","true","0.8075","0"
"V2TXN-002845","CUST-V2-0275","2025-10-06T13:40:52.9320000+05:30","2857","UPI","Mobile","IN","IN","0","926","25","2101","false","false","1.3598","0"
"V2TXN-002846","CUST-V2-0340","2025-10-06T14:03:04.4720000+05:30","2074","CARD","Mobile","US","US","0","943","11","2343","false","false","0.8852","0"
"V2TXN-002847","CUST-V2-0490","2025-10-06T14:19:03.4090000+05:30","7930","WALLET","Mobile","IN","IN","0","322","4","2990","false","false","2.6522","0"
"V2TXN-002848","CUST-V2-0921","2025-10-06T15:59:24.9300000+05:30","1292","NETBANKING","Mobile","IN","IN","0","1393","17","1474","false","false","0.8765","0"
"V2TXN-002849","CUST-V2-0263","2025-10-06T16:06:15.5640000+05:30","2489","WALLET","Mobile","US","US","0","266","4","3532","false","false","0.7047","0"
"V2TXN-002850","CUST-V2-0346","2025-10-06T18:34:42.2980000+05:30","1555","UPI","Mobile","IN","IN","1","1201","25","2297","false","false","0.6770","0"
"V2TXN-002851","CUST-V2-0705","2025-10-06T19:46:45.9830000+05:30","1657","UPI","Mobile","IN","IN","1","534","12","1621","false","false","1.0222","0"
"V2TXN-002852","CUST-V2-0007","2025-10-06T21:14:22.9630000+05:30","5554","CARD","Desktop","IN","IN","0","1421","20","4092","false","false","1.3573","0"
"V2TXN-002853","CUST-V2-0475","2025-10-07T00:46:33.5190000+05:30","2285","UPI","Mobile","IN","IN","0","1507","44","1761","false","false","1.2976","0"
"V2TXN-002854","CUST-V2-0202","2025-10-07T00:51:03.5860000+05:30","2511","UPI","Tablet","DE","DE","0","120","3","1744","false","false","1.4398","0"
"V2TXN-002855","CUST-V2-0175","2025-10-07T01:45:28.1490000+05:30","1639","UPI","Mobile","US","US","0","1534","19","905","false","false","1.8110","0"
"V2TXN-002856","CUST-V2-0532","2025-10-07T05:12:25.1300000+05:30","1312","UPI","Mobile","IN","IN","0","1526","16","1694","false","false","0.7745","0"
"V2TXN-002857","CUST-V2-0446","2025-10-07T06:52:04.2800000+05:30","1972","UPI","Mobile","IN","IN","0","1042","24","2111","false","false","0.9342","0"
"V2TXN-002858","CUST-V2-0099","2025-10-07T09:21:29.6230000+05:30","2233","CARD","Mobile","SG","SG","0","853","24","2549","false","false","0.8760","0"
"V2TXN-002859","CUST-V2-0418","2025-10-07T09:21:38.3110000+05:30","1805","CARD","Mobile","IN","IN","0","1152","30","987","false","false","1.8288","1"
"V2TXN-002860","CUST-V2-0828","2025-10-07T09:42:07.3010000+05:30","2770","WALLET","Desktop","IN","IN","0","1242","34","2292","false","false","1.2086","0"
"V2TXN-002861","CUST-V2-0134","2025-10-07T10:39:34.0580000+05:30","1209","UPI","Mobile","IN","IN","0","924","23","1150","false","false","1.0513","0"
"V2TXN-002862","CUST-V2-0389","2025-10-07T10:59:24.0290000+05:30","394","CARD","Desktop","IN","IN","0","1348","32","647","false","false","0.6090","0"
"V2TXN-002863","CUST-V2-0143","2025-10-07T12:59:49.2380000+05:30","1355","CARD","Tablet","IN","IN","1","1168","31","1157","false","false","1.1711","0"
"V2TXN-002864","CUST-V2-0640","2025-10-07T15:19:32.5950000+05:30","3264","UPI","Desktop","IN","IN","0","1111","32","3659","false","false","0.8920","0"
"V2TXN-002865","CUST-V2-0017","2025-10-07T15:41:04.2010000+05:30","1743","UPI","Mobile","IN","IN","0","130","6","996","false","false","1.75","0"
"V2TXN-002866","CUST-V2-0734","2025-10-07T16:58:37.3590000+05:30","1567","UPI","Desktop","IN","IN","0","625","19","1468","false","false","1.0674","0"
"V2TXN-002867","CUST-V2-0818","2025-10-07T17:35:02.0970000+05:30","5022","UPI","Tablet","GB","GB","1","1074","22","4876","false","false","1.0299","0"
"V2TXN-002868","CUST-V2-0943","2025-10-07T18:19:28.2320000+05:30","1468","UPI","Desktop","SG","SG","0","748","16","1898","false","false","0.7734","0"
"V2TXN-002869","CUST-V2-0816","2025-10-07T21:26:37.1170000+05:30","4388","UPI","Mobile","SG","SG","0","1342","19","4172","false","false","1.0518","0"
"V2TXN-002870","CUST-V2-0535","2025-10-07T22:07:58.3830000+05:30","1713","CARD","Desktop","IN","IN","0","1226","35","2831","false","false","0.6051","0"
"V2TXN-002871","CUST-V2-0311","2025-10-07T22:14:50.6580000+05:30","2933","BANK_TRANSFER","Mobile","IN","IN","0","1477","37","3803","false","false","0.7712","0"
"V2TXN-002872","CUST-V2-0361","2025-10-07T23:38:11.0010000+05:30","481","WALLET","Mobile","IN","IN","0","1400","23","751","false","false","0.6405","0"
"V2TXN-002873","CUST-V2-0714","2025-10-08T05:22:04.5370000+05:30","4924","CARD","Desktop","IN","IN","0","1048","12","3735","false","false","1.3183","0"
"V2TXN-002874","CUST-V2-0528","2025-10-08T06:15:17.8670000+05:30","1883","NETBANKING","Desktop","DE","DE","1","186","2","1849","false","false","1.0184","0"
"V2TXN-002875","CUST-V2-0512","2025-10-08T06:29:25.7880000+05:30","3337","UPI","Mobile","IN","IN","1","610","12","3384","false","false","0.9861","0"
"V2TXN-002876","CUST-V2-0793","2025-10-08T06:38:32.0940000+05:30","481","CARD","Mobile","IN","IN","0","248","4","393","false","false","1.2239","0"
"V2TXN-002877","CUST-V2-0166","2025-10-08T08:01:22.5520000+05:30","548","UPI","Mobile","CA","CA","0","646","18","1438","false","false","0.3811","0"
"V2TXN-002878","CUST-V2-0839","2025-10-08T09:31:00.3220000+05:30","439","UPI","Tablet","GB","GB","0","1031","22","826","false","false","0.5315","0"
"V2TXN-002879","CUST-V2-0727","2025-10-08T14:35:51.0760000+05:30","674","CARD","Mobile","SG","SG","0","1040","27","863","false","false","0.7810","0"
"V2TXN-002880","CUST-V2-0122","2025-10-08T16:08:56.7270000+05:30","485","UPI","Mobile","IN","IN","0","1088","27","478","false","false","1.0146","0"
"V2TXN-002881","CUST-V2-0011","2025-10-08T16:44:00.5570000+05:30","2557","NETBANKING","Desktop","IN","IN","0","444","9","2250","false","false","1.1364","0"
"V2TXN-002882","CUST-V2-0210","2025-10-08T16:55:47.2530000+05:30","441","CARD","Mobile","IN","IN","5","1042","15","693","false","false","0.6364","1"
"V2TXN-002883","CUST-V2-0718","2025-10-08T16:57:02.6390000+05:30","1457","CARD","Mobile","GB","GB","0","259","6","1275","false","false","1.1427","0"
"V2TXN-002884","CUST-V2-0887","2025-10-08T16:59:33.0100000+05:30","3577","BANK_TRANSFER","Desktop","IN","IN","1","1191","26","2755","false","false","1.2984","0"
"V2TXN-002885","CUST-V2-0413","2025-10-08T18:11:55.9080000+05:30","3199","CARD","Mobile","IN","IN","0","720","11","2140","false","false","1.4949","0"
"V2TXN-002886","CUST-V2-0900","2025-10-08T20:11:39.2030000+05:30","4586","CARD","Desktop","IN","IN","0","279","4","2782","false","false","1.6485","0"
"V2TXN-002887","CUST-V2-0061","2025-10-08T20:48:50.7020000+05:30","1598","NETBANKING","Mobile","GB","GB","0","581","17","1473","false","false","1.0849","0"
"V2TXN-002888","CUST-V2-0192","2025-10-08T22:24:10.8920000+05:30","1232","CARD","Desktop","IN","IN","1","256","4","1401","false","false","0.8794","0"
"V2TXN-002889","CUST-V2-0378","2025-10-08T22:26:24.2930000+05:30","7974","UPI","Mobile","US","US","0","253","2","4939","false","false","1.6145","0"
"V2TXN-002890","CUST-V2-0488","2025-10-08T23:42:57.2050000+05:30","855","UPI","Desktop","IN","IN","0","69","1","701","false","false","1.2197","0"
"V2TXN-002891","CUST-V2-0510","2025-10-08T23:44:55.5360000+05:30","581","NETBANKING","Desktop","IN","IN","0","274","5","557","false","false","1.0431","0"
"V2TXN-002892","CUST-V2-0591","2025-10-09T00:02:48.8970000+05:30","2805","CARD","Mobile","US","US","0","671","10","2925","false","false","0.9590","0"
"V2TXN-002893","CUST-V2-0638","2025-10-09T01:05:57.1630000+05:30","1109","CARD","Mobile","IN","IN","3","447","8","1271","false","false","0.8725","0"
"V2TXN-002894","CUST-V2-0234","2025-10-09T01:37:11.3970000+05:30","1213","UPI","Mobile","SG","SG","0","1345","18","1962","false","false","0.6182","0"
"V2TXN-002895","CUST-V2-0136","2025-10-09T01:43:18.1770000+05:30","1984","UPI","Mobile","GB","GB","0","1109","15","2597","false","false","0.7640","0"
"V2TXN-002896","CUST-V2-0444","2025-10-09T01:53:45.9670000+05:30","8772","WALLET","Mobile","IN","IN","0","280","3","10542","false","false","0.8321","0"
"V2TXN-002897","CUST-V2-0904","2025-10-09T02:21:32.7990000+05:30","1453","UPI","Mobile","IN","IN","0","1431","20","877","false","false","1.6568","0"
"V2TXN-002898","CUST-V2-0889","2025-10-09T05:10:35.5480000+05:30","47482","UPI","Desktop","SG","SG","0","247","10","34330","false","false","1.3831","0"
"V2TXN-002899","CUST-V2-0762","2025-10-09T07:06:58.5600000+05:30","296","NETBANKING","Mobile","AU","AU","1","310","6","393","false","false","0.7532","0"
"V2TXN-002900","CUST-V2-0321","2025-10-09T07:27:06.4060000+05:30","2676","UPI","Mobile","IN","IN","0","1169","14","2128","false","false","1.2575","0"
"V2TXN-002901","CUST-V2-0827","2025-10-09T07:42:52.6250000+05:30","34675","CARD","Mobile","IN","IN","2","274","5","34513","false","false","1.0047","0"
"V2TXN-002902","CUST-V2-0468","2025-10-09T08:19:21.6760000+05:30","1713","UPI","Mobile","IN","IN","0","1539","35","2288","false","false","0.7487","0"
"V2TXN-002903","CUST-V2-0499","2025-10-09T08:29:25.9560000+05:30","399","UPI","Mobile","IN","IN","0","1737","34","514","false","false","0.7763","0"
"V2TXN-002904","CUST-V2-0721","2025-10-09T11:10:29.9380000+05:30","1560","WALLET","Desktop","IN","IN","0","1398","25","1035","false","false","1.5072","1"
"V2TXN-002905","CUST-V2-0593","2025-10-09T12:11:10.3550000+05:30","4261","UPI","Mobile","IN","IN","0","639","7","3799","false","false","1.1216","0"
"V2TXN-002906","CUST-V2-0775","2025-10-09T12:48:39.0300000+05:30","1683","WALLET","Desktop","CA","CA","0","1499","28","3435","false","false","0.4900","0"
"V2TXN-002907","CUST-V2-0857","2025-10-09T17:25:31.7700000+05:30","4168","CARD","Desktop","IN","IN","0","1105","36","2723","false","false","1.5307","0"
"V2TXN-002908","CUST-V2-0122","2025-10-09T18:09:11.9550000+05:30","563","UPI","Mobile","IN","IN","0","1089","28","478","false","false","1.1778","0"
"V2TXN-002909","CUST-V2-0457","2025-10-09T18:19:17.8090000+05:30","1170","UPI","Mobile","IN","IN","0","791","16","522","false","false","2.2414","0"
"V2TXN-002910","CUST-V2-0363","2025-10-09T20:11:38.2320000+05:30","3247","UPI","Desktop","IN","IN","0","1428","34","2697","false","false","1.2039","0"
"V2TXN-002911","CUST-V2-0126","2025-10-09T20:57:20.5050000+05:30","447","WALLET","Desktop","SG","SG","0","1365","14","469","false","false","0.9531","0"
"V2TXN-002912","CUST-V2-0635","2025-10-09T22:34:42.2520000+05:30","917","CARD","Desktop","GB","GB","0","259","6","893","false","false","1.0269","0"
"V2TXN-002913","CUST-V2-0420","2025-10-09T23:10:51.6840000+05:30","3150","CARD","Desktop","AE","AE","0","183","4","4131","false","false","0.7625","0"
"V2TXN-002914","CUST-V2-0011","2025-10-10T00:32:53.5470000+05:30","2677","NETBANKING","Desktop","IN","IN","1","445","10","2281","false","false","1.1736","0"
"V2TXN-002915","CUST-V2-0524","2025-10-10T02:52:17.1790000+05:30","977","CARD","Tablet","IN","IN","0","297","4","1638","false","false","0.5965","0"
"V2TXN-002916","CUST-V2-0111","2025-10-10T04:26:21.3250000+05:30","976","CARD","Desktop","IN","IN","0","1358","25","856","false","false","1.1402","0"
"V2TXN-002917","CUST-V2-0009","2025-10-10T04:35:14.2460000+05:30","5702","UPI","Mobile","IN","IN","0","281","5","2511","false","false","2.2708","0"
"V2TXN-002918","CUST-V2-0475","2025-10-10T04:42:03.8010000+05:30","1669","UPI","Mobile","IN","IN","0","1510","45","1773","false","false","0.9413","0"
"V2TXN-002919","CUST-V2-0478","2025-10-10T05:00:09.7070000+05:30","4294","CARD","Desktop","IN","IN","0","325","10","2770","false","false","1.5502","1"
"V2TXN-002920","CUST-V2-0492","2025-10-10T09:02:49.2800000+05:30","2191","UPI","Mobile","IN","IN","0","764","19","2138","false","false","1.0248","0"
"V2TXN-002921","CUST-V2-0887","2025-10-10T10:49:38.0220000+05:30","3722","BANK_TRANSFER","Mobile","IN","IN","0","1192","27","2786","false","false","1.3360","0"
"V2TXN-002922","CUST-V2-0099","2025-10-10T13:23:22.0290000+05:30","1806","CARD","Mobile","SG","SG","0","856","25","2536","false","false","0.7121","0"
"V2TXN-002923","CUST-V2-0595","2025-10-10T13:50:46.0160000+05:30","1505","UPI","Mobile","IN","IN","0","127","4","2277","false","false","0.6610","0"
"V2TXN-002924","CUST-V2-0462","2025-10-10T14:50:50.5760000+05:30","8223","UPI","Mobile","US","US","0","671","18","7316","false","false","1.1240","0"
"V2TXN-002925","CUST-V2-0062","2025-10-10T14:51:30.9030000+05:30","9070","CARD","Mobile","IN","IN","0","710","10","8822","false","false","1.0281","0"
"V2TXN-002926","CUST-V2-0040","2025-10-10T15:07:08.6540000+05:30","3920","NETBANKING","Mobile","IN","IN","1","667","9","3312","false","false","1.1836","0"
"V2TXN-002927","CUST-V2-0297","2025-10-10T15:29:57.8630000+05:30","2006","UPI","Desktop","IN","IN","1","318","4","1750","false","false","1.1463","0"
"V2TXN-002928","CUST-V2-0764","2025-10-10T16:14:02.4100000+05:30","2686","CARD","Mobile","US","US","0","1237","17","2207","false","false","1.2170","0"
"V2TXN-002929","CUST-V2-0117","2025-10-10T16:47:43.3480000+05:30","443","CARD","Mobile","IN","IN","0","1412","19","1057","false","false","0.4191","0"
"V2TXN-002930","CUST-V2-0350","2025-10-10T18:38:26.9440000+05:30","1050","WALLET","Desktop","IN","IN","1","252","8","1166","false","false","0.9005","0"
"V2TXN-002931","CUST-V2-0518","2025-10-10T20:21:55.4840000+05:30","713","UPI","Tablet","IN","IN","0","1208","30","1102","false","false","0.6470","0"
"V2TXN-002932","CUST-V2-0379","2025-10-10T21:11:21.3160000+05:30","548","UPI","Desktop","IN","IN","0","659","17","629","false","false","0.8712","0"
"V2TXN-002933","CUST-V2-0665","2025-10-10T22:47:42.5500000+05:30","5250","CARD","Mobile","IN","IN","1","330","9","4130","false","false","1.2712","0"
"V2TXN-002934","CUST-V2-0713","2025-10-11T01:44:12.4580000+05:30","3262","NETBANKING","Mobile","IN","IN","1","749","13","1764","false","false","1.8492","0"
"V2TXN-002935","CUST-V2-0662","2025-10-11T02:01:43.0300000+05:30","2187","CARD","Mobile","IN","GB","1","1181","25","2234","false","true","0.9790","1"
"V2TXN-002936","CUST-V2-0595","2025-10-11T04:24:44.5170000+05:30","1415","UPI","Mobile","IN","IN","1","128","5","2123","false","false","0.6665","0"
"V2TXN-002937","CUST-V2-0091","2025-10-11T04:31:04.9190000+05:30","6538","CARD","Mobile","DE","IN","3","832","10","6334","false","true","1.0322","1"
"V2TXN-002938","CUST-V2-0731","2025-10-11T04:36:01.7520000+05:30","3014","BANK_TRANSFER","Mobile","IN","IN","1","596","16","2646","false","false","1.1391","0"
"V2TXN-002939","CUST-V2-0103","2025-10-11T05:11:06.3500000+05:30","1821","CARD","Desktop","IN","IN","0","956","20","2234","false","false","0.8151","0"
"V2TXN-002940","CUST-V2-0528","2025-10-11T05:56:20.2750000+05:30","3871","UPI","Desktop","DE","DE","0","189","3","1860","false","false","2.0812","0"
"V2TXN-002941","CUST-V2-0140","2025-10-11T06:42:58.8710000+05:30","2383","WALLET","Desktop","IN","IN","0","612","13","2248","false","false","1.0601","1"
"V2TXN-002942","CUST-V2-0193","2025-10-11T08:29:36.2220000+05:30","2594","CARD","Mobile","US","US","0","611","9","2078","false","false","1.2483","0"
"V2TXN-002943","CUST-V2-0906","2025-10-11T08:39:51.6570000+05:30","764","CARD","Mobile","IN","IN","1","579","12","808","false","false","0.9455","1"
"V2TXN-002944","CUST-V2-0559","2025-10-11T09:30:57.3940000+05:30","2040","UPI","Mobile","IN","IN","0","902","14","1708","false","false","1.1944","0"
"V2TXN-002945","CUST-V2-0718","2025-10-11T09:33:58.5230000+05:30","1870","UPI","Mobile","GB","GB","4","261","7","1301","false","false","1.4374","0"
"V2TXN-002946","CUST-V2-0751","2025-10-11T11:33:52.6750000+05:30","993","CARD","Mobile","IN","IN","0","402","12","655","false","false","1.5160","0"
"V2TXN-002947","CUST-V2-0438","2025-10-11T15:14:52.2080000+05:30","1023","CARD","Desktop","IN","IN","0","193","7","1870","false","false","0.5471","1"
"V2TXN-002948","CUST-V2-0390","2025-10-11T15:41:56.0500000+05:30","1493","UPI","Mobile","IN","IN","0","285","6","1332","false","false","1.1209","0"
"V2TXN-002949","CUST-V2-0978","2025-10-11T17:13:22.9800000+05:30","4661","UPI","Tablet","IN","IN","1","1245","32","3087","false","false","1.5099","0"
"V2TXN-002950","CUST-V2-0613","2025-10-11T17:41:49.9050000+05:30","575","WALLET","Mobile","IN","IN","0","1341","26","727","false","false","0.7909","0"
"V2TXN-002951","CUST-V2-0532","2025-10-11T18:21:08.3090000+05:30","1484","NETBANKING","Mobile","IN","IN","0","1531","17","1672","false","false","0.8876","0"
"V2TXN-002952","CUST-V2-0774","2025-10-11T20:53:20.3010000+05:30","2808","UPI","Mobile","IN","IN","0","247","4","4111","false","false","0.6830","0"
"V2TXN-002953","CUST-V2-0689","2025-10-11T20:55:25.8370000+05:30","1424","UPI","Mobile","IN","IN","0","181","4","1248","false","false","1.1410","0"
"V2TXN-002954","CUST-V2-0135","2025-10-11T21:09:05.7880000+05:30","1798","UPI","Mobile","GB","GB","0","662","16","1241","false","false","1.4488","0"
"V2TXN-002955","CUST-V2-0346","2025-10-11T22:05:46.9250000+05:30","3074","UPI","Mobile","IN","IN","1","1207","26","2269","false","false","1.3548","0"
"V2TXN-002956","CUST-V2-0594","2025-10-11T22:26:13.7760000+05:30","1539","WALLET","Mobile","GB","GB","0","336","9","1540","false","false","0.9994","0"
"V2TXN-002957","CUST-V2-0977","2025-10-11T22:31:40.9580000+05:30","2378","CARD","Mobile","IN","IN","0","1003","24","1791","false","false","1.3277","0"
"V2TXN-002958","CUST-V2-0352","2025-10-11T23:49:24.4540000+05:30","2509","CARD","Desktop","US","US","1","699","11","3022","false","false","0.8302","0"
"V2TXN-002959","CUST-V2-0215","2025-10-12T02:35:49.8800000+05:30","1083","CARD","Desktop","DE","DE","0","282","4","1288","false","false","0.8408","1"
"V2TXN-002960","CUST-V2-0005","2025-10-12T03:16:53.4560000+05:30","1634","UPI","Desktop","IN","IN","0","844","12","1023","false","false","1.5973","0"
"V2TXN-002961","CUST-V2-0108","2025-10-12T06:52:50.2900000+05:30","1248","WALLET","Mobile","AE","AE","0","1243","15","2001","false","false","0.6237","0"
"V2TXN-002962","CUST-V2-0498","2025-10-12T07:01:48.9770000+05:30","13821","CARD","Mobile","IN","IN","1","263","6","5990","false","false","2.3073","0"
"V2TXN-002963","CUST-V2-0135","2025-10-12T08:35:17.4110000+05:30","1787","BANK_TRANSFER","Mobile","GB","GB","0","662","17","1274","false","false","1.4027","0"
"V2TXN-002964","CUST-V2-0029","2025-10-12T10:04:55.1340000+05:30","1349","CARD","Mobile","IN","IN","5","301","3","2935","false","false","0.4596","1"
"V2TXN-002965","CUST-V2-0828","2025-10-12T11:06:57.5310000+05:30","2066","WALLET","Desktop","IN","IN","0","1247","35","2306","false","false","0.8959","1"
"V2TXN-002966","CUST-V2-0323","2025-10-12T13:00:40.1010000+05:30","1821","CARD","Mobile","IN","IN","0","1405","29","2549","false","false","0.7144","0"
"V2TXN-002967","CUST-V2-0587","2025-10-12T14:08:06.6010000+05:30","950","UPI","Desktop","DE","DE","0","470","11","808","false","false","1.1757","0"
"V2TXN-002968","CUST-V2-0309","2025-10-12T15:26:32.3280000+05:30","2023","BANK_TRANSFER","Desktop","IN","IN","0","753","19","2592","false","false","0.7805","0"
"V2TXN-002969","CUST-V2-0671","2025-10-12T18:40:47.0540000+05:30","1341","CARD","Desktop","CA","AE","2","1538","22","1900","false","true","0.7058","1"
"V2TXN-002970","CUST-V2-0120","2025-10-12T19:14:34.2580000+05:30","5085","CARD","Mobile","IN","IN","0","833","11","3022","false","false","1.6827","0"
"V2TXN-002971","CUST-V2-0747","2025-10-12T20:27:23.7570000+05:30","11113","CARD","Mobile","US","US","0","249","4","8211","false","false","1.3534","0"
"V2TXN-002972","CUST-V2-0196","2025-10-12T21:09:51.8270000+05:30","855","NETBANKING","Mobile","IN","IN","0","817","24","700","false","false","1.2214","0"
"V2TXN-002973","CUST-V2-0507","2025-10-12T21:42:47.8780000+05:30","3636","UPI","Mobile","IN","IN","0","280","4","3878","false","false","0.9376","0"
"V2TXN-002974","CUST-V2-0731","2025-10-12T21:46:10.1220000+05:30","3139","BANK_TRANSFER","Mobile","IN","IN","0","598","17","2668","false","false","1.1765","0"
"V2TXN-002975","CUST-V2-0738","2025-10-12T23:46:56.9690000+05:30","1920","UPI","Tablet","IN","IN","0","309","7","1826","false","false","1.0515","0"
"V2TXN-002976","CUST-V2-0686","2025-10-13T00:06:18.0710000+05:30","4118","NETBANKING","Desktop","GB","GB","0","782","14","2546","false","false","1.6174","0"
"V2TXN-002977","CUST-V2-0420","2025-10-13T00:29:54.5040000+05:30","4516","CARD","Desktop","AE","AE","0","186","5","3935","false","false","1.1476","0"
"V2TXN-002978","CUST-V2-0490","2025-10-13T02:00:52.9990000+05:30","3041","WALLET","Mobile","IN","IN","0","328","5","3978","false","false","0.7645","0"
"V2TXN-002979","CUST-V2-0319","2025-10-13T03:05:21.8810000+05:30","1667","NETBANKING","Desktop","SA","SA","0","756","22","4396","false","false","0.3792","0"
"V2TXN-002980","CUST-V2-0334","2025-10-13T04:04:17.6700000+05:30","2488","WALLET","Mobile","IN","IN","0","682","15","1194","false","false","2.0838","0"
"V2TXN-002981","CUST-V2-0197","2025-10-13T04:56:12.3540000+05:30","33735","CARD","Desktop","GB","GB","0","274","4","22198","false","false","1.5197","0"
"V2TXN-002982","CUST-V2-0423","2025-10-13T05:27:54.6370000+05:30","1062","CARD","Mobile","US","AU","2","1263","32","1186","false","true","0.8954","1"
"V2TXN-002983","CUST-V2-0097","2025-10-13T05:41:00.8550000+05:30","4368","CARD","Mobile","AU","AU","0","1261","37","2524","false","false","1.7306","0"
"V2TXN-002984","CUST-V2-0862","2025-10-13T06:33:51.2260000+05:30","1815","CARD","Mobile","CA","CA","1","905","14","2071","false","false","0.8764","0"
"V2TXN-002985","CUST-V2-0291","2025-10-13T11:38:20.1920000+05:30","2478","NETBANKING","Mobile","IN","IN","0","693","18","1850","false","false","1.3395","0"
"V2TXN-002986","CUST-V2-0978","2025-10-13T11:58:41.4440000+05:30","969","UPI","Desktop","IN","IN","0","1247","33","3135","false","false","0.3091","0"
"V2TXN-002987","CUST-V2-0369","2025-10-13T13:05:35.3800000+05:30","2083","UPI","Mobile","IN","IN","0","248","7","1556","false","false","1.3387","0"
"V2TXN-002988","CUST-V2-0894","2025-10-13T14:35:47.2620000+05:30","1277","WALLET","Mobile","GB","GB","0","1347","30","852","false","false","1.4988","0"
"V2TXN-002989","CUST-V2-0443","2025-10-13T15:37:21.9180000+05:30","1754","UPI","Mobile","IN","IN","0","1269","33","1882","false","false","0.9320","0"
"V2TXN-002990","CUST-V2-0261","2025-10-13T17:08:19.4210000+05:30","1937","UPI","Mobile","IN","IN","0","1377","37","4049","false","false","0.4784","0"
"V2TXN-002991","CUST-V2-0549","2025-10-13T19:21:19.2610000+05:30","1574","NETBANKING","Desktop","CA","CA","0","733","17","3447","false","false","0.4566","0"
"V2TXN-002992","CUST-V2-0197","2025-10-13T20:49:41.2050000+05:30","43502","CARD","Desktop","IN","GB","2","275","5","24505","false","true","1.7752","0"
"V2TXN-002993","CUST-V2-0945","2025-10-13T23:07:27.5160000+05:30","1841","CARD","Desktop","IN","IN","0","1040","17","2629","false","false","0.7003","0"
"V2TXN-002994","CUST-V2-0751","2025-10-13T23:47:40.3810000+05:30","291","CARD","Mobile","IN","IN","0","405","13","681","false","false","0.4273","0"
"V2TXN-002995","CUST-V2-0916","2025-10-14T01:47:47.1120000+05:30","2316","CARD","Mobile","IN","IN","0","1542","45","1982","false","false","1.1685","0"
"V2TXN-002996","CUST-V2-0906","2025-10-14T04:27:58.0620000+05:30","956","CARD","Mobile","IN","IN","0","582","13","805","false","false","1.1876","0"
"V2TXN-002997","CUST-V2-0569","2025-10-14T04:38:32.7460000+05:30","275","NETBANKING","Mobile","IN","IN","0","95","2","491","false","false","0.5601","0"
"V2TXN-002998","CUST-V2-0750","2025-10-14T09:52:44.6690000+05:30","3239","CARD","Mobile","DE","DE","0","1687","18","3688","false","false","0.8783","0"
"V2TXN-002999","CUST-V2-0795","2025-10-14T10:58:48.2450000+05:30","609","NETBANKING","Mobile","US","US","1","1377","34","1336","false","false","0.4558","0"
"V2TXN-003000","CUST-V2-0665","2025-10-14T11:51:56.2990000+05:30","4845","CARD","Mobile","IN","IN","0","334","10","4242","false","false","1.1421","0"
"V2TXN-003001","CUST-V2-0120","2025-10-14T12:22:19.4070000+05:30","2441","CARD","Mobile","IN","IN","1","835","12","3194","false","false","0.7642","0"
"V2TXN-003002","CUST-V2-0072","2025-10-14T12:22:31.1920000+05:30","2208","WALLET","Mobile","GB","GB","0","1483","41","3716","false","false","0.5942","0"
"V2TXN-003003","CUST-V2-0327","2025-10-14T13:51:02.6930000+05:30","487","UPI","Desktop","IN","IN","0","565","15","544","false","false","0.8952","0"
"V2TXN-003004","CUST-V2-0894","2025-10-14T13:56:20.3250000+05:30","1160","WALLET","Mobile","GB","GB","0","1348","31","866","false","false","1.3395","0"
"V2TXN-003005","CUST-V2-0937","2025-10-14T14:01:41.9200000+05:30","1109","NETBANKING","Mobile","AE","AE","0","1121","17","1358","false","false","0.8166","0"
"V2TXN-003006","CUST-V2-0068","2025-10-14T14:41:02.0160000+05:30","3449","CARD","Mobile","IN","IN","1","1157","23","2542","false","false","1.3568","0"
"V2TXN-003007","CUST-V2-0928","2025-10-14T15:12:15.5100000+05:30","2324","UPI","Mobile","DE","DE","0","1497","18","2495","false","false","0.9315","0"
"V2TXN-003008","CUST-V2-0751","2025-10-14T15:28:15.5600000+05:30","435","CARD","Mobile","IN","IN","0","405","14","653","false","false","0.6662","0"
"V2TXN-003009","CUST-V2-0988","2025-10-14T17:02:09.4380000+05:30","580","UPI","Mobile","GB","GB","1","715","10","1070","false","false","0.5421","0"
"V2TXN-003010","CUST-V2-0067","2025-10-14T18:44:06.0540000+05:30","1768","UPI","Mobile","DE","DE","1","272","6","1649","false","false","1.0722","0"
"V2TXN-003011","CUST-V2-0613","2025-10-14T18:52:38.3370000+05:30","664","WALLET","Mobile","IN","IN","0","1344","27","721","false","false","0.9209","0"
"V2TXN-003012","CUST-V2-0285","2025-10-14T19:36:41.9960000+05:30","1572","CARD","Mobile","IN","IN","0","200","5","840","false","false","1.8714","0"
"V2TXN-003013","CUST-V2-0175","2025-10-14T19:54:21.1310000+05:30","608","UPI","Mobile","US","US","1","1542","20","942","false","false","0.6454","0"
"V2TXN-003014","CUST-V2-0132","2025-10-14T20:57:11.0840000+05:30","1682","CARD","Desktop","IN","IN","0","1422","29","1695","false","false","0.9923","0"
"V2TXN-003015","CUST-V2-0175","2025-10-15T01:40:37.1290000+05:30","769","UPI","Mobile","US","US","0","1542","21","926","false","false","0.8305","0"
"V2TXN-003016","CUST-V2-0438","2025-10-15T02:24:10.6330000+05:30","1797","CARD","Mobile","IN","IN","1","196","8","1764","false","false","1.0187","0"
"V2TXN-003017","CUST-V2-0697","2025-10-15T03:31:16.1990000+05:30","1334","CARD","Desktop","US","US","0","349","7","1489","false","false","0.8959","0"
"V2TXN-003018","CUST-V2-0947","2025-10-15T04:32:40.8320000+05:30","1086","UPI","Mobile","IN","IN","0","292","6","847","false","false","1.2822","0"
"V2TXN-003019","CUST-V2-0435","2025-10-15T04:42:24.0040000+05:30","1404","NETBANKING","Mobile","IN","IN","0","531","14","1621","false","false","0.8661","0"
"V2TXN-003020","CUST-V2-0809","2025-10-15T07:59:00.4630000+05:30","788","UPI","Mobile","IN","IN","0","583","15","697","false","false","1.1306","0"
"V2TXN-003021","CUST-V2-0657","2025-10-15T09:41:33.1820000+05:30","1330","CARD","Mobile","IN","IN","0","165","2","1463","false","false","0.9091","0"
"V2TXN-003022","CUST-V2-0821","2025-10-15T10:13:59.6050000+05:30","11563","CARD","Tablet","IN","IN","0","277","6","16917","false","false","0.6835","0"
"V2TXN-003023","CUST-V2-0127","2025-10-15T12:29:21.0300000+05:30","1394","WALLET","Mobile","IN","IN","0","772","11","2161","false","false","0.6451","0"
"V2TXN-003024","CUST-V2-0231","2025-10-15T15:20:34.3770000+05:30","8589","CARD","Desktop","US","IN","1","1176","19","5200","false","true","1.6517","0"
"V2TXN-003025","CUST-V2-0933","2025-10-15T16:09:34.1830000+05:30","2494","CARD","Mobile","IN","IN","0","249","3","2453","false","false","1.0167","0"
"V2TXN-003026","CUST-V2-0204","2025-10-15T17:10:44.4350000+05:30","3387","CARD","Desktop","AE","AE","2","1106","20","1240","false","false","2.7315","0"
"V2TXN-003027","CUST-V2-0823","2025-10-15T19:23:20.4010000+05:30","1291","CARD","Mobile","GB","GB","1","94","3","1590","false","false","0.8119","0"
"V2TXN-003028","CUST-V2-0666","2025-10-15T19:38:44.9540000+05:30","1546","UPI","Mobile","IN","IN","0","1384","29","1760","false","false","0.8784","0"
"V2TXN-003029","CUST-V2-1000","2025-10-15T19:52:45.2110000+05:30","4780","CARD","Desktop","GB","IN","4","239","8","1114","false","true","4.2908","1"
"V2TXN-003030","CUST-V2-0761","2025-10-15T22:21:57.5580000+05:30","240","UPI","Mobile","IN","IN","0","1153","20","443","false","false","0.5418","0"
"V2TXN-003031","CUST-V2-0821","2025-10-16T00:19:29.6790000+05:30","19244","CARD","Tablet","IN","IN","0","277","7","16152","false","false","1.1914","0"
"V2TXN-003032","CUST-V2-0918","2025-10-16T01:42:21.2160000+05:30","7611","CARD","Desktop","AE","IN","3","767","15","5203","false","true","1.4628","1"
"V2TXN-003033","CUST-V2-0172","2025-10-16T01:49:01.4960000+05:30","1707","UPI","Desktop","CA","CA","1","254","4","1356","false","false","1.2588","0"
"V2TXN-003034","CUST-V2-0072","2025-10-16T05:34:47.6790000+05:30","5256","UPI","Mobile","GB","GB","1","1484","42","3680","false","false","1.4283","0"
"V2TXN-003035","CUST-V2-0578","2025-10-16T07:04:41.8550000+05:30","1958","NETBANKING","Desktop","IN","IN","0","618","13","1848","false","false","1.0595","0"
"V2TXN-003036","CUST-V2-0869","2025-10-16T07:43:24.8580000+05:30","1048","UPI","Tablet","IN","IN","0","1122","32","1259","false","false","0.8324","0"
"V2TXN-003037","CUST-V2-0405","2025-10-16T10:19:04.5560000+05:30","5267","CARD","Desktop","GB","IN","2","1383","29","3769","false","true","1.3975","1"
"V2TXN-003038","CUST-V2-0648","2025-10-16T10:34:25.5010000+05:30","1604","NETBANKING","Desktop","IN","IN","0","853","24","1717","false","false","0.9342","0"
"V2TXN-003039","CUST-V2-0568","2025-10-16T10:38:58.1430000+05:30","1468","CARD","Desktop","IN","IN","0","315","5","2122","false","false","0.6918","0"
"V2TXN-003040","CUST-V2-0435","2025-10-16T12:24:46.9300000+05:30","3542","CARD","Mobile","US","IN","3","532","15","1607","false","true","2.2041","1"
"V2TXN-003041","CUST-V2-0298","2025-10-16T14:33:53.8740000+05:30","12051","CARD","Mobile","DE","DE","0","1426","41","4369","false","false","2.7583","0"
"V2TXN-003042","CUST-V2-0790","2025-10-16T17:43:54.9680000+05:30","1460","CARD","Mobile","AE","AE","0","1362","36","1462","false","false","0.9986","0"
"V2TXN-003043","CUST-V2-0058","2025-10-16T20:43:07.8510000+05:30","5158","UPI","Desktop","IN","IN","0","161","5","3653","false","false","1.4120","0"
"V2TXN-003044","CUST-V2-0346","2025-10-17T03:10:25.3950000+05:30","6762","CARD","Mobile","US","IN","1","1212","27","2299","false","true","2.9413","0"
"V2TXN-003045","CUST-V2-0034","2025-10-17T03:58:01.4690000+05:30","3421","UPI","Mobile","IN","IN","1","285","3","2071","false","false","1.6519","0"
"V2TXN-003046","CUST-V2-0238","2025-10-17T04:12:12.7680000+05:30","2963","UPI","Desktop","IN","IN","0","1143","22","3538","false","false","0.8375","0"
"V2TXN-003047","CUST-V2-0713","2025-10-17T04:14:12.4930000+05:30","893","CARD","Desktop","IN","IN","3","755","14","1871","false","false","0.4773","1"
"V2TXN-003048","CUST-V2-0181","2025-10-17T04:29:14.4510000+05:30","963","CARD","Desktop","IN","IN","0","984","21","2985","false","false","0.3226","0"
"V2TXN-003049","CUST-V2-0773","2025-10-17T04:34:07.8630000+05:30","478","UPI","Mobile","IN","IN","0","592","12","818","false","false","0.5844","0"
"V2TXN-003050","CUST-V2-0387","2025-10-17T05:05:30.5140000+05:30","604","UPI","Mobile","IN","IN","0","549","10","613","false","false","0.9853","0"
"V2TXN-003051","CUST-V2-0657","2025-10-17T06:52:25.8060000+05:30","1128","CARD","Mobile","IN","IN","0","167","3","1418","false","false","0.7955","0"
"V2TXN-003052","CUST-V2-0095","2025-10-17T08:22:05.1050000+05:30","479","CARD","Mobile","IN","IN","0","1704","26","1616","false","false","0.2964","0"
"V2TXN-003053","CUST-V2-0961","2025-10-17T09:32:36.5030000+05:30","2655","UPI","Mobile","SA","SA","1","275","9","1537","false","false","1.7274","0"
"V2TXN-003054","CUST-V2-0643","2025-10-17T11:58:09.8600000+05:30","6341","UPI","Mobile","IN","IN","1","1222","29","3494","false","false","1.8148","0"
"V2TXN-003055","CUST-V2-0238","2025-10-17T15:12:57.5820000+05:30","3504","UPI","Mobile","IN","IN","1","1143","23","3513","false","false","0.9974","0"
"V2TXN-003056","CUST-V2-0944","2025-10-17T15:46:08.5910000+05:30","2221","CARD","Mobile","US","US","1","1612","24","1598","false","false","1.3899","0"
"V2TXN-003057","CUST-V2-0121","2025-10-17T17:05:27.3750000+05:30","2513","CARD","Desktop","IN","IN","0","905","16","2487","false","false","1.0105","0"
"V2TXN-003058","CUST-V2-0845","2025-10-17T18:29:49.9130000+05:30","813","UPI","Mobile","IN","IN","1","1055","21","1152","false","false","0.7057","0"
"V2TXN-003059","CUST-V2-0654","2025-10-17T18:44:43.1100000+05:30","1203","CARD","Desktop","GB","GB","0","918","14","989","false","false","1.2164","0"
"V2TXN-003060","CUST-V2-0998","2025-10-17T18:56:31.4300000+05:30","1895","UPI","Mobile","IN","IN","0","493","12","1766","false","false","1.0730","0"
"V2TXN-003061","CUST-V2-0669","2025-10-17T20:12:08.7130000+05:30","739","CARD","Mobile","IN","IN","0","648","19","828","false","false","0.8925","0"
"V2TXN-003062","CUST-V2-0004","2025-10-17T23:07:53.7400000+05:30","5278","UPI","Mobile","IN","IN","0","262","5","4731","false","false","1.1156","0"
"V2TXN-003063","CUST-V2-0108","2025-10-17T23:47:47.9870000+05:30","2109","WALLET","Mobile","AE","AE","0","1249","16","1954","false","false","1.0793","0"
"V2TXN-003064","CUST-V2-0991","2025-10-17T23:49:25.1440000+05:30","2010","WALLET","Desktop","IN","IN","0","458","12","1394","false","false","1.4419","1"
"V2TXN-003065","CUST-V2-0662","2025-10-18T00:13:49.2370000+05:30","4223","UPI","Mobile","GB","GB","0","1188","26","2232","false","false","1.8920","0"
"V2TXN-003066","CUST-V2-0554","2025-10-18T01:19:19.0660000+05:30","2970","CARD","Mobile","IN","IN","1","849","16","2692","false","false","1.1033","0"
"V2TXN-003067","CUST-V2-0238","2025-10-18T01:33:12.3030000+05:30","4572","UPI","Mobile","IN","IN","0","1144","24","3513","false","false","1.3015","0"
"V2TXN-003068","CUST-V2-0103","2025-10-18T01:46:52.2320000+05:30","2469","NETBANKING","Desktop","IN","IN","0","963","21","2214","false","false","1.1152","0"
"V2TXN-003069","CUST-V2-0173","2025-10-18T02:20:13.6330000+05:30","5268","UPI","Mobile","IN","IN","0","1408","39","5358","false","false","0.9832","0"
"V2TXN-003070","CUST-V2-0485","2025-10-18T02:57:23.2670000+05:30","1161","UPI","Mobile","IN","IN","0","800","16","1234","false","false","0.9408","1"
"V2TXN-003071","CUST-V2-0745","2025-10-18T03:39:05.1300000+05:30","1142","CARD","Desktop","SA","SA","0","1642","27","660","false","false","1.7303","1"
"V2TXN-003072","CUST-V2-0938","2025-10-18T04:41:11.4610000+05:30","6408","UPI","Mobile","SG","SG","0","894","15","6217","false","false","1.0307","0"
"V2TXN-003073","CUST-V2-0447","2025-10-18T04:46:45.5740000+05:30","1116","UPI","Mobile","SA","SA","0","373","9","1763","false","false","0.6330","0"
"V2TXN-003074","CUST-V2-0322","2025-10-18T05:31:11.5130000+05:30","3639","NETBANKING","Mobile","DE","IN","0","113","2","1733","false","true","2.0998","0"
"V2TXN-003075","CUST-V2-0084","2025-10-18T06:18:26.8520000+05:30","630","CARD","Mobile","IN","IN","0","1209","33","1084","false","false","0.5812","0"
"V2TXN-003076","CUST-V2-0817","2025-10-18T06:19:04.7610000+05:30","6923","UPI","Mobile","SG","SG","0","1326","29","5627","false","false","1.2303","0"
"V2TXN-003077","CUST-V2-0351","2025-10-18T06:52:09.2640000+05:30","5161","UPI","Mobile","IN","IN","0","404","7","4304","false","false","1.1991","0"
"V2TXN-003078","CUST-V2-0508","2025-10-18T07:11:35.2380000+05:30","2817","NETBANKING","Desktop","GB","GB","0","302","10","2862","false","false","0.9843","0"
"V2TXN-003079","CUST-V2-0234","2025-10-18T07:36:38.4890000+05:30","2556","NETBANKING","Mobile","SG","SG","1","1354","19","1922","false","false","1.3299","0"
"V2TXN-003080","CUST-V2-0937","2025-10-18T08:34:08.3590000+05:30","2337","CARD","Desktop","AE","AE","4","1125","18","1344","false","false","1.7388","1"
"V2TXN-003081","CUST-V2-0653","2025-10-18T10:40:44.0620000+05:30","967","UPI","Mobile","IN","IN","0","1085","11","707","false","false","1.3678","0"
"V2TXN-003082","CUST-V2-0991","2025-10-18T14:10:31.5270000+05:30","1022","CARD","Mobile","IN","IN","0","459","13","1441","false","false","0.7092","0"
"V2TXN-003083","CUST-V2-0754","2025-10-18T14:23:33.7150000+05:30","389","UPI","Mobile","IN","IN","0","1565","37","616","false","false","0.6315","0"
"V2TXN-003084","CUST-V2-0781","2025-10-18T15:39:56.3680000+05:30","1036","UPI","Mobile","AU","AU","0","265","2","2120","false","false","0.4887","0"
"V2TXN-003085","CUST-V2-0499","2025-10-18T18:10:40.2140000+05:30","427","NETBANKING","Mobile","IN","IN","0","1747","35","511","false","false","0.8356","0"
"V2TXN-003086","CUST-V2-0441","2025-10-18T18:40:06.6300000+05:30","719","CARD","Mobile","IN","IN","0","826","15","1059","false","false","0.6789","0"
"V2TXN-003087","CUST-V2-0681","2025-10-18T18:54:11.4630000+05:30","4823","CARD","Mobile","US","IN","4","1477","24","2122","false","true","2.2729","1"
"V2TXN-003088","CUST-V2-0794","2025-10-18T20:22:13.2470000+05:30","498","CARD","Mobile","IN","IN","0","1128","11","427","false","false","1.1663","0"
"V2TXN-003089","CUST-V2-0822","2025-10-19T00:21:06.6990000+05:30","682","UPI","Desktop","SG","SG","1","290","8","944","false","false","0.7225","0"
"V2TXN-003090","CUST-V2-0212","2025-10-19T01:04:44.5310000+05:30","1036","CARD","Desktop","IN","IN","0","982","21","1220","false","false","0.8492","0"
"V2TXN-003091","CUST-V2-0425","2025-10-19T02:37:06.8180000+05:30","3847","BANK_TRANSFER","Mobile","AE","AE","0","1039","21","4151","false","false","0.9268","0"
"V2TXN-003092","CUST-V2-0522","2025-10-19T02:40:41.9880000+05:30","3286","UPI","Desktop","IN","IN","0","635","14","2644","false","false","1.2428","0"
"V2TXN-003093","CUST-V2-0968","2025-10-19T03:54:49.5250000+05:30","5435","UPI","Desktop","IN","IN","0","331","4","2664","false","false","2.0402","0"
"V2TXN-003094","CUST-V2-0009","2025-10-19T04:44:54.1240000+05:30","2288","UPI","Mobile","IN","IN","0","290","6","3043","false","false","0.7519","0"
"V2TXN-003095","CUST-V2-0084","2025-10-19T05:01:16.2340000+05:30","1146","CARD","Mobile","IN","IN","0","1210","34","1071","false","false","1.0700","0"
"V2TXN-003096","CUST-V2-0534","2025-10-19T05:08:39.5890000+05:30","1418","UPI","Mobile","IN","IN","0","1294","14","1749","false","false","0.8107","0"
"V2TXN-003097","CUST-V2-0275","2025-10-19T06:27:29.2230000+05:30","1868","UPI","Mobile","IN","IN","0","939","26","2130","false","false","0.8770","0"
"V2TXN-003098","CUST-V2-0038","2025-10-19T08:49:40.5500000+05:30","726","CARD","Mobile","US","US","0","315","5","774","false","false","0.9380","0"
"V2TXN-003099","CUST-V2-0845","2025-10-19T09:02:32.7450000+05:30","701","UPI","Mobile","IN","IN","0","1056","22","1137","false","false","0.6165","0"
"V2TXN-003100","CUST-V2-0459","2025-10-19T09:51:46.8280000+05:30","3322","WALLET","Mobile","IN","IN","4","677","13","3795","false","false","0.8754","0"
"V2TXN-003101","CUST-V2-0638","2025-10-19T11:02:10.9540000+05:30","1170","CARD","Mobile","IN","IN","0","458","9","1253","false","false","0.9338","0"
"V2TXN-003102","CUST-V2-0852","2025-10-19T12:07:07.2640000+05:30","1039","CARD","Desktop","US","US","0","1342","36","717","false","false","1.4491","1"
"V2TXN-003103","CUST-V2-0227","2025-10-19T13:06:19.0570000+05:30","1519","UPI","Mobile","IN","IN","0","830","23","2199","false","false","0.6908","0"
"V2TXN-003104","CUST-V2-0986","2025-10-19T16:29:35.5160000+05:30","3841","UPI","Desktop","US","US","0","1365","32","4320","false","false","0.8891","0"
"V2TXN-003105","CUST-V2-0553","2025-10-19T19:26:13.1710000+05:30","10107","NETBANKING","Tablet","IN","IN","0","1615","42","4400","false","false","2.2970","0"
"V2TXN-003106","CUST-V2-0795","2025-10-19T20:43:45.0230000+05:30","1907","NETBANKING","Mobile","US","US","0","1382","35","1315","false","false","1.4502","0"
"V2TXN-003107","CUST-V2-0038","2025-10-19T22:04:34.7940000+05:30","767","CARD","Mobile","US","US","0","316","6","766","false","false","1.0013","0"
"V2TXN-003108","CUST-V2-0022","2025-10-19T22:50:46.5000000+05:30","6513","CARD","Mobile","SG","SG","0","673","10","5219","false","false","1.2479","0"
"V2TXN-003109","CUST-V2-0534","2025-10-19T23:14:46.3640000+05:30","1821","UPI","Mobile","IN","IN","0","1294","15","1727","false","false","1.0544","0"
"V2TXN-003110","CUST-V2-0796","2025-10-20T00:14:43.7940000+05:30","699","NETBANKING","Mobile","US","US","0","1312","25","796","false","false","0.8781","0"
"V2TXN-003111","CUST-V2-0267","2025-10-20T01:57:22.9160000+05:30","2003","WALLET","Mobile","IN","IN","0","255","1","1921","false","false","1.0427","0"
"V2TXN-003112","CUST-V2-0409","2025-10-20T02:30:59.8280000+05:30","9317","UPI","Mobile","AU","AU","0","284","3","6146","false","false","1.5159","0"
"V2TXN-003113","CUST-V2-0281","2025-10-20T03:06:42.1470000+05:30","1007","BANK_TRANSFER","Mobile","IN","IN","0","1496","34","1411","false","false","0.7137","0"
"V2TXN-003114","CUST-V2-0500","2025-10-20T03:57:58.8390000+05:30","5915","WALLET","Mobile","CA","CA","0","717","24","2283","false","false","2.5909","1"
"V2TXN-003115","CUST-V2-0488","2025-10-20T05:02:27.8670000+05:30","857","UPI","Desktop","IN","IN","1","80","2","778","false","false","1.1015","0"
"V2TXN-003116","CUST-V2-0949","2025-10-20T05:25:00.8110000+05:30","1353","UPI","Desktop","IN","IN","0","1016","16","2480","false","false","0.5456","0"
"V2TXN-003117","CUST-V2-0168","2025-10-20T05:26:01.6630000+05:30","2148","CARD","Mobile","IN","US","0","1545","39","1542","false","true","1.3930","1"
"V2TXN-003118","CUST-V2-0381","2025-10-20T06:14:15.9100000+05:30","568","CARD","Desktop","SG","SG","6","1126","15","3552","false","false","0.1599","1"
"V2TXN-003119","CUST-V2-0265","2025-10-20T06:45:38.8580000+05:30","3704","CARD","Desktop","IN","IN","1","1440","40","2511","false","false","1.4751","0"
"V2TXN-003120","CUST-V2-0651","2025-10-20T07:14:15.5790000+05:30","1473","UPI","Desktop","IN","IN","0","848","10","2737","false","false","0.5382","0"
"V2TXN-003121","CUST-V2-0855","2025-10-20T07:14:20.9540000+05:30","1497","CARD","Desktop","US","US","0","280","5","1262","false","false","1.1862","0"
"V2TXN-003122","CUST-V2-0498","2025-10-20T08:42:58.1260000+05:30","5805","CARD","Mobile","IN","IN","0","271","7","7108","false","false","0.8167","0"
"V2TXN-003123","CUST-V2-0288","2025-10-20T11:54:59.6970000+05:30","12817","CARD","Mobile","IN","IN","0","677","18","4950","false","false","2.5893","0"
"V2TXN-003124","CUST-V2-0742","2025-10-20T12:49:01.0430000+05:30","2962","CARD","Desktop","IN","IN","0","304","3","1562","false","false","1.8963","0"
"V2TXN-003125","CUST-V2-0317","2025-10-20T16:35:35.7360000+05:30","4625","CARD","Tablet","IN","IN","0","989","16","7849","false","false","0.5892","0"
"V2TXN-003126","CUST-V2-0333","2025-10-20T17:29:13.5010000+05:30","1815","CARD","Mobile","US","SG","2","1410","38","1176","false","true","1.5434","1"
"V2TXN-003127","CUST-V2-0181","2025-10-20T17:32:56.5210000+05:30","5966","CARD","Desktop","IN","IN","1","988","22","2894","false","false","2.0615","0"
"V2TXN-003128","CUST-V2-0265","2025-10-20T20:05:59.1650000+05:30","5849","CARD","Desktop","SA","IN","3","1441","41","2540","false","true","2.3028","1"
"V2TXN-003129","CUST-V2-0326","2025-10-20T20:41:17.9020000+05:30","2715","WALLET","Mobile","IN","IN","0","69","1","2089","false","false","1.2997","0"
"V2TXN-003130","CUST-V2-0928","2025-10-20T22:40:45.0640000+05:30","4359","UPI","Mobile","DE","DE","1","1503","19","2486","false","false","1.7534","0"
"V2TXN-003131","CUST-V2-0941","2025-10-20T23:51:05.6800000+05:30","3494","UPI","Mobile","CA","CA","0","90","2","3958","false","false","0.8828","0"
"V2TXN-003132","CUST-V2-0470","2025-10-21T00:00:23.7990000+05:30","543","WALLET","Tablet","IN","IN","0","963","18","1051","false","false","0.5167","0"
"V2TXN-003133","CUST-V2-0801","2025-10-21T00:07:48.0750000+05:30","1081","WALLET","Mobile","IN","IN","0","350","5","1189","false","false","0.9092","0"
"V2TXN-003134","CUST-V2-0795","2025-10-21T00:46:11.9850000+05:30","1524","NETBANKING","Mobile","US","US","1","1384","36","1332","false","false","1.1441","0"
"V2TXN-003135","CUST-V2-0818","2025-10-21T00:57:50.8520000+05:30","5219","UPI","Tablet","GB","GB","0","1087","23","4882","false","false","1.0690","0"
"V2TXN-003136","CUST-V2-0226","2025-10-21T01:31:04.4620000+05:30","3326","CARD","Desktop","IN","SG","0","657","8","2019","false","true","1.6474","1"
"V2TXN-003137","CUST-V2-0297","2025-10-21T02:45:46.2590000+05:30","2300","UPI","Desktop","IN","IN","1","328","5","1801","false","false","1.2771","0"
"V2TXN-003138","CUST-V2-0654","2025-10-21T06:08:49.6850000+05:30","1310","CARD","Tablet","GB","GB","3","921","15","1004","false","false","1.3048","0"
"V2TXN-003139","CUST-V2-0503","2025-10-21T08:02:34.3540000+05:30","500","CARD","Mobile","IN","IN","0","366","6","516","false","false","0.9690","0"
"V2TXN-003140","CUST-V2-0187","2025-10-21T08:11:09.9130000+05:30","1895","UPI","Desktop","GB","GB","0","1391","27","1365","false","false","1.3883","0"
"V2TXN-003141","CUST-V2-0913","2025-10-21T09:17:32.1170000+05:30","1654","CARD","Mobile","US","US","0","1634","24","1291","false","false","1.2812","0"
"V2TXN-003142","CUST-V2-0563","2025-10-21T09:28:39.2720000+05:30","1078","CARD","Desktop","US","US","0","619","10","885","false","false","1.2181","1"
"V2TXN-003143","CUST-V2-0080","2025-10-21T10:03:25.1390000+05:30","5446","CARD","Mobile","IN","IN","0","823","16","2984","false","false","1.8251","0"
"V2TXN-003144","CUST-V2-0110","2025-10-21T11:14:16.1350000+05:30","3231","WALLET","Mobile","IN","IN","0","1592","21","2334","false","false","1.3843","0"
"V2TXN-003145","CUST-V2-0477","2025-10-21T11:20:20.6930000+05:30","5051","UPI","Mobile","CA","CA","1","1146","14","7185","false","false","0.7030","0"
"V2TXN-003146","CUST-V2-0758","2025-10-21T11:22:41.0400000+05:30","2991","CARD","Desktop","IN","IN","0","1220","16","1945","false","false","1.5378","0"
"V2TXN-003147","CUST-V2-0956","2025-10-21T11:25:42.3500000+05:30","3064","BANK_TRANSFER","Desktop","SG","AU","0","97","2","3607","false","true","0.8495","0"
"V2TXN-003148","CUST-V2-0828","2025-10-21T11:30:39.0320000+05:30","1447","WALLET","Desktop","IN","IN","3","1256","36","2299","false","false","0.6294","0"
"V2TXN-003149","CUST-V2-0236","2025-10-21T11:59:10.9630000+05:30","1513","CARD","Mobile","SA","SA","0","897","25","1443","false","false","1.0485","0"
"V2TXN-003150","CUST-V2-0922","2025-10-21T12:00:32.9100000+05:30","2420","UPI","Desktop","IN","GB","0","1353","35","2098","false","true","1.1535","1"
"V2TXN-003151","CUST-V2-0984","2025-10-21T13:19:42.4650000+05:30","2515","UPI","Mobile","IN","IN","1","332","4","1354","false","false","1.8575","0"
"V2TXN-003152","CUST-V2-0794","2025-10-21T14:03:57.7480000+05:30","641","CARD","Mobile","IN","IN","0","1130","12","433","false","false","1.4804","0"
"V2TXN-003153","CUST-V2-0637","2025-10-21T14:24:22.5440000+05:30","1582","UPI","Tablet","IN","IN","0","1281","24","2776","false","false","0.5699","0"
"V2TXN-003154","CUST-V2-0291","2025-10-21T15:56:17.3690000+05:30","4361","NETBANKING","Mobile","IN","IN","1","701","19","1883","false","false","2.3160","0"
"V2TXN-003155","CUST-V2-0768","2025-10-21T17:29:32.3940000+05:30","2267","WALLET","Mobile","IN","IN","2","944","14","1091","false","false","2.0779","0"
"V2TXN-003156","CUST-V2-0955","2025-10-21T17:40:50.7520000+05:30","15988","WALLET","Mobile","SG","SG","0","1371","23","7828","false","false","2.0424","0"
"V2TXN-003157","CUST-V2-0810","2025-10-21T20:55:11.1160000+05:30","503","UPI","Mobile","IN","IN","1","310","2","924","false","false","0.5444","0"
"V2TXN-003158","CUST-V2-0478","2025-10-21T21:38:00.7320000+05:30","3350","CARD","Mobile","IN","IN","3","337","11","2909","false","false","1.1516","1"
"V2TXN-003159","CUST-V2-0087","2025-10-21T22:50:32.6630000+05:30","4306","BANK_TRANSFER","Desktop","AU","AU","0","240","8","2555","false","false","1.6853","0"
"V2TXN-003160","CUST-V2-0542","2025-10-22T02:48:15.1220000+05:30","576","CARD","Mobile","IN","IN","0","1123","30","765","false","false","0.7529","0"
"V2TXN-003161","CUST-V2-0154","2025-10-22T03:01:25.7630000+05:30","3560","WALLET","Mobile","CA","CA","1","444","6","3694","false","false","0.9637","0"
"V2TXN-003162","CUST-V2-0605","2025-10-22T03:35:49.4950000+05:30","3239","UPI","Mobile","IN","IN","0","601","16","2016","false","false","1.6066","0"
"V2TXN-003163","CUST-V2-0007","2025-10-22T04:56:48.1450000+05:30","1600","NETBANKING","Mobile","IN","IN","0","1436","21","4162","false","false","0.3844","0"
"V2TXN-003164","CUST-V2-0477","2025-10-22T07:50:09.4230000+05:30","6364","UPI","Mobile","CA","CA","0","1147","15","7042","false","false","0.9037","0"
"V2TXN-003165","CUST-V2-0944","2025-10-22T08:54:14.1530000+05:30","1066","CARD","Mobile","US","US","0","1617","25","1623","false","false","0.6568","0"
"V2TXN-003166","CUST-V2-0281","2025-10-22T09:08:17.7020000+05:30","1988","BANK_TRANSFER","Mobile","IN","IN","0","1498","35","1400","false","false","1.42","0"
"V2TXN-003167","CUST-V2-0570","2025-10-22T11:08:22.3110000+05:30","6650","UPI","Mobile","IN","IN","0","657","20","5348","false","false","1.2435","0"
"V2TXN-003168","CUST-V2-0240","2025-10-22T11:17:42.8070000+05:30","562","NETBANKING","Desktop","IN","IN","0","781","17","1064","false","false","0.5282","0"
"V2TXN-003169","CUST-V2-0154","2025-10-22T13:07:47.1650000+05:30","4840","WALLET","Mobile","CA","CA","0","444","7","3675","false","false","1.3170","0"
"V2TXN-003170","CUST-V2-0091","2025-10-22T17:15:18.6440000+05:30","7237","UPI","Tablet","IN","IN","1","844","11","6353","false","false","1.1391","0"
"V2TXN-003171","CUST-V2-0148","2025-10-22T18:37:08.2770000+05:30","1412","UPI","Mobile","US","IN","1","612","18","794","false","true","1.7783","1"
"V2TXN-003172","CUST-V2-0438","2025-10-22T22:38:13.0310000+05:30","1660","CARD","Desktop","IN","IN","0","204","9","1768","false","false","0.9389","0"
"V2TXN-003173","CUST-V2-0956","2025-10-23T02:18:16.2690000+05:30","2419","NETBANKING","Desktop","AU","AU","0","99","3","3426","false","false","0.7061","0"
"V2TXN-003174","CUST-V2-0217","2025-10-23T02:30:32.4550000+05:30","4205","UPI","Mobile","IN","IN","0","1703","17","4862","false","false","0.8649","0"
"V2TXN-003175","CUST-V2-0187","2025-10-23T03:05:05.7110000+05:30","1782","CARD","Desktop","GB","GB","0","1392","28","1384","false","false","1.2876","0"
"V2TXN-003176","CUST-V2-0266","2025-10-23T03:32:05.6820000+05:30","1278","UPI","Desktop","IN","IN","0","802","21","933","false","false","1.3698","0"
"V2TXN-003177","CUST-V2-0334","2025-10-23T05:18:03.2680000+05:30","1051","WALLET","Mobile","IN","IN","1","692","16","1275","false","false","0.8243","0"
"V2TXN-003178","CUST-V2-0099","2025-10-23T05:30:16.0480000+05:30","2127","CARD","Mobile","SG","SG","1","869","26","2508","false","false","0.8481","0"
"V2TXN-003179","CUST-V2-0275","2025-10-23T05:47:28.3990000+05:30","2910","CARD","Desktop","DE","IN","3","943","27","2120","false","true","1.3726","1"
"V2TXN-003180","CUST-V2-0558","2025-10-23T06:26:48.5030000+05:30","3301","CARD","Mobile","IN","IN","1","1381","38","2440","false","false","1.3529","0"
"V2TXN-003181","CUST-V2-0689","2025-10-23T07:45:19.2230000+05:30","1009","CARD","Mobile","SG","IN","5","192","5","1283","false","true","0.7864","1"
"V2TXN-003182","CUST-V2-0611","2025-10-23T08:34:50.8280000+05:30","2014","NETBANKING","Mobile","GB","GB","0","407","12","1652","false","false","1.2191","0"
"V2TXN-003183","CUST-V2-0795","2025-10-23T09:53:08.2120000+05:30","2315","NETBANKING","Mobile","US","US","0","1386","37","1337","false","false","1.7315","0"
"V2TXN-003184","CUST-V2-0768","2025-10-23T10:27:45.9300000+05:30","1755","WALLET","Mobile","IN","IN","0","946","15","1170","false","false","1.5","0"
"V2TXN-003185","CUST-V2-0035","2025-10-23T10:58:59.3220000+05:30","1357","UPI","Mobile","IN","IN","0","1405","25","1921","false","false","0.7064","0"
"V2TXN-003186","CUST-V2-0143","2025-10-23T11:59:12.5850000+05:30","718","CARD","Mobile","IN","IN","0","1184","32","1163","false","false","0.6174","0"
"V2TXN-003187","CUST-V2-0993","2025-10-23T13:07:23.1710000+05:30","1607","UPI","Mobile","GB","GB","0","230","4","1778","false","false","0.9038","0"
"V2TXN-003188","CUST-V2-0966","2025-10-23T14:30:54.2470000+05:30","1344","CARD","Desktop","IN","IN","0","1541","41","1327","false","false","1.0128","1"
"V2TXN-003189","CUST-V2-0247","2025-10-23T19:10:30.4210000+05:30","19588","CARD","Desktop","IN","IN","0","263","5","25511","false","false","0.7678","0"
"V2TXN-003190","CUST-V2-0450","2025-10-23T19:31:40.1100000+05:30","2218","UPI","Mobile","SG","SG","0","1108","29","2739","false","false","0.8098","0"
"V2TXN-003191","CUST-V2-0903","2025-10-23T20:47:06.4530000+05:30","1280","UPI","Tablet","AE","AE","0","1194","15","1621","false","false","0.7896","0"
"V2TXN-003192","CUST-V2-0858","2025-10-24T06:26:46.8760000+05:30","1720","CARD","Desktop","CA","CA","0","354","8","1951","false","false","0.8816","0"
"V2TXN-003193","CUST-V2-0724","2025-10-24T06:41:14.4380000+05:30","6403","UPI","Mobile","IN","IN","0","295","4","7028","false","false","0.9111","0"
"V2TXN-003194","CUST-V2-0222","2025-10-24T08:34:58.6710000+05:30","586","CARD","Desktop","SA","SA","1","938","14","368","false","false","1.5924","0"
"V2TXN-003195","CUST-V2-0797","2025-10-24T12:41:25.5580000+05:30","795","NETBANKING","Tablet","SG","SG","1","185","5","818","false","false","0.9719","0"
"V2TXN-003196","CUST-V2-0641","2025-10-24T16:23:05.6250000+05:30","1344","CARD","Desktop","IN","IN","0","431","12","1641","false","false","0.8190","0"
"V2TXN-003197","CUST-V2-0850","2025-10-24T16:44:37.7560000+05:30","2280","CARD","Desktop","IN","IN","0","1021","14","2051","false","false","1.1117","0"
"V2TXN-003198","CUST-V2-0907","2025-10-24T17:44:56.3690000+05:30","7406","CARD","Tablet","IN","IN","3","980","25","4882","false","false","1.5170","1"
"V2TXN-003199","CUST-V2-0590","2025-10-24T17:57:25.2820000+05:30","1598","BANK_TRANSFER","Desktop","IN","IN","0","759","8","1142","false","false","1.3993","0"
"V2TXN-003200","CUST-V2-0472","2025-10-24T18:07:39.5370000+05:30","341","NETBANKING","Desktop","GB","GB","0","340","5","753","false","false","0.4529","0"
"V2TXN-003201","CUST-V2-0254","2025-10-24T18:12:09.2070000+05:30","2268","UPI","Mobile","SG","SG","3","412","5","1696","false","false","1.3373","0"
"V2TXN-003202","CUST-V2-0433","2025-10-24T18:53:16.0820000+05:30","9320","UPI","Desktop","IN","IN","0","306","7","8172","false","false","1.1405","0"
"V2TXN-003203","CUST-V2-0357","2025-10-24T19:27:03.9940000+05:30","2554","NETBANKING","Mobile","IN","IN","0","571","15","3032","false","false","0.8423","0"
"V2TXN-003204","CUST-V2-0822","2025-10-24T19:51:13.5410000+05:30","1602","CARD","Desktop","SG","SG","0","295","9","915","false","false","1.7508","0"
"V2TXN-003205","CUST-V2-0824","2025-10-24T23:35:42.6760000+05:30","832","CARD","Mobile","IN","IN","0","1388","21","1871","false","false","0.4447","0"
"V2TXN-003206","CUST-V2-0609","2025-10-25T03:49:54.9640000+05:30","1421","WALLET","Mobile","IN","IN","1","904","26","2271","false","false","0.6257","0"
"V2TXN-003207","CUST-V2-0592","2025-10-25T04:13:24.4300000+05:30","3235","CARD","Desktop","GB","GB","3","263","6","2128","false","false","1.5202","0"
"V2TXN-003208","CUST-V2-0828","2025-10-25T06:54:09.2140000+05:30","1890","WALLET","Mobile","IN","IN","0","1260","37","2276","false","false","0.8304","0"
"V2TXN-003209","CUST-V2-0545","2025-10-25T07:11:05.9340000+05:30","8470","BANK_TRANSFER","Mobile","IN","IN","0","1791","44","7240","false","false","1.1699","0"
"V2TXN-003210","CUST-V2-0041","2025-10-25T07:37:54.8570000+05:30","11451","UPI","Desktop","IN","IN","0","264","5","12194","false","false","0.9391","0"
"V2TXN-003211","CUST-V2-0838","2025-10-25T08:13:48.7830000+05:30","1250","UPI","Desktop","IN","IN","0","1127","12","1773","false","false","0.7050","0"
"V2TXN-003212","CUST-V2-0528","2025-10-25T09:04:09.3880000+05:30","1843","NETBANKING","Desktop","DE","DE","0","203","4","2363","false","false","0.7799","0"
"V2TXN-003213","CUST-V2-0334","2025-10-25T09:35:59.9130000+05:30","1557","CARD","Desktop","IN","IN","0","694","17","1262","false","false","1.2338","1"
"V2TXN-003214","CUST-V2-0275","2025-10-25T11:04:10.0290000+05:30","2176","UPI","Mobile","IN","IN","0","945","28","2148","false","false","1.0130","0"
"V2TXN-003215","CUST-V2-0081","2025-10-25T12:13:46.1600000+05:30","1771","WALLET","Mobile","US","US","0","1480","27","2432","false","false","0.7282","0"
"V2TXN-003216","CUST-V2-0737","2025-10-25T13:45:30.1260000+05:30","1740","UPI","Mobile","IN","IN","0","1287","35","2203","false","false","0.7898","0"
"V2TXN-003217","CUST-V2-0345","2025-10-25T14:38:59.9460000+05:30","13411","CARD","Mobile","IN","US","2","1120","30","5039","false","true","2.6614","0"
"V2TXN-003218","CUST-V2-0609","2025-10-25T16:53:32.9210000+05:30","3391","WALLET","Mobile","IN","IN","0","904","27","2240","false","false","1.5138","0"
"V2TXN-003219","CUST-V2-0148","2025-10-25T16:57:28.9750000+05:30","642","UPI","Desktop","AU","IN","2","615","19","826","false","true","0.7772","1"
"V2TXN-003220","CUST-V2-0934","2025-10-25T18:50:16.3710000+05:30","2318","UPI","Mobile","IN","IN","1","743","7","1833","false","false","1.2646","0"
"V2TXN-003221","CUST-V2-0450","2025-10-25T18:53:24.1740000+05:30","1695","UPI","Mobile","SG","SG","0","1110","30","2722","false","false","0.6227","0"
"V2TXN-003222","CUST-V2-0228","2025-10-25T19:37:44.3440000+05:30","1159","UPI","Desktop","IN","IN","0","565","16","475","false","false","2.44","0"
"V2TXN-003223","CUST-V2-0069","2025-10-25T19:52:08.5200000+05:30","1426","CARD","Mobile","IN","IN","1","417","7","1333","false","false","1.0698","0"
"V2TXN-003224","CUST-V2-0300","2025-10-25T21:03:43.0500000+05:30","491","CARD","Desktop","AU","IN","2","1210","16","391","false","true","1.2558","1"
"V2TXN-003225","CUST-V2-0282","2025-10-26T00:25:31.8700000+05:30","1487","NETBANKING","Desktop","IN","IN","0","1299","24","1559","false","false","0.9538","0"
"V2TXN-003226","CUST-V2-0407","2025-10-26T00:45:40.4950000+05:30","4700","NETBANKING","Mobile","IN","IN","1","345","6","3721","false","false","1.2631","0"
"V2TXN-003227","CUST-V2-0405","2025-10-26T00:54:29.5970000+05:30","6721","CARD","Mobile","IN","IN","0","1393","30","3819","false","false","1.7599","1"
"V2TXN-003228","CUST-V2-0263","2025-10-26T04:02:17.6110000+05:30","4886","CARD","Desktop","US","US","0","285","5","3323","false","false","1.4704","0"
"V2TXN-003229","CUST-V2-0279","2025-10-26T04:05:09.3610000+05:30","763","NETBANKING","Mobile","IN","IN","0","258","3","689","false","false","1.1074","0"
"V2TXN-003230","CUST-V2-0761","2025-10-26T05:42:17.5330000+05:30","501","UPI","Mobile","IN","IN","0","1163","21","434","false","false","1.1544","0"
"V2TXN-003231","CUST-V2-0026","2025-10-26T07:22:16.0740000+05:30","3270","UPI","Mobile","IN","IN","0","352","8","2766","false","false","1.1822","0"
"V2TXN-003232","CUST-V2-0949","2025-10-26T07:26:21.5580000+05:30","3045","UPI","Mobile","IN","IN","0","1022","17","2414","false","false","1.2614","0"
"V2TXN-003233","CUST-V2-0508","2025-10-26T07:33:20.3340000+05:30","2321","CARD","Desktop","GB","GB","1","310","11","2858","false","false","0.8121","0"
"V2TXN-003234","CUST-V2-0140","2025-10-26T09:51:57.7760000+05:30","2527","CARD","Desktop","IN","IN","2","627","14","2257","false","false","1.1196","0"
"V2TXN-003235","CUST-V2-0510","2025-10-26T11:19:45.8930000+05:30","412","NETBANKING","Desktop","IN","IN","0","292","6","561","false","false","0.7344","0"
"V2TXN-003236","CUST-V2-0873","2025-10-26T11:48:27.6130000+05:30","209","UPI","Mobile","IN","IN","0","253","7","336","false","false","0.6220","0"
"V2TXN-003237","CUST-V2-0099","2025-10-26T12:10:10.1630000+05:30","2426","CARD","Mobile","SG","SG","0","872","27","2494","false","false","0.9727","0"
"V2TXN-003238","CUST-V2-0463","2025-10-26T13:00:42.3110000+05:30","5130","CARD","Mobile","IN","IN","0","752","11","4768","false","false","1.0759","0"
"V2TXN-003239","CUST-V2-0266","2025-10-26T14:39:07.3750000+05:30","1472","NETBANKING","Desktop","IN","IN","0","805","22","949","false","false","1.5511","0"
"V2TXN-003240","CUST-V2-0434","2025-10-26T16:10:41.8420000+05:30","456","CARD","Desktop","IN","IN","1","269","2","1056","false","false","0.4318","0"
"V2TXN-003241","CUST-V2-0896","2025-10-26T17:28:50.6620000+05:30","8119","CARD","Mobile","US","US","1","306","7","7330","false","false","1.1076","0"
"V2TXN-003242","CUST-V2-0985","2025-10-26T22:38:46.1220000+05:30","5492","CARD","Mobile","SA","SA","1","1613","37","4713","false","false","1.1653","0"
"V2TXN-003243","CUST-V2-0899","2025-10-26T23:41:04.2220000+05:30","480","UPI","Mobile","AU","AU","0","257","3","702","false","false","0.6838","0"
"V2TXN-003244","CUST-V2-0595","2025-10-27T00:34:38.9590000+05:30","3215","UPI","Mobile","IN","IN","0","144","6","2005","false","false","1.6035","0"
"V2TXN-003245","CUST-V2-0698","2025-10-27T01:25:35.0700000+05:30","873","UPI","Mobile","IN","IN","4","540","13","886","false","false","0.9853","0"
"V2TXN-003246","CUST-V2-0964","2025-10-27T03:04:57.6410000+05:30","1392","WALLET","Mobile","IN","IN","1","453","12","1452","false","false","0.9587","0"
"V2TXN-003247","CUST-V2-0272","2025-10-27T03:24:55.8510000+05:30","2719","UPI","Desktop","DE","DE","1","1377","40","1845","false","false","1.4737","0"
"V2TXN-003248","CUST-V2-0033","2025-10-27T07:34:38.9370000+05:30","5062","CARD","Desktop","IN","IN","0","1482","20","2695","false","false","1.8783","1"
"V2TXN-003249","CUST-V2-0727","2025-10-27T09:08:46.6990000+05:30","772","CARD","Mobile","SG","SG","0","1059","28","857","false","false","0.9008","0"
"V2TXN-003250","CUST-V2-0098","2025-10-27T09:32:38.3020000+05:30","998","CARD","Mobile","IN","IN","0","325","8","768","false","false","1.2995","0"
"V2TXN-003251","CUST-V2-0314","2025-10-27T10:21:01.1940000+05:30","1557","CARD","Desktop","IN","IN","0","257","4","822","false","false","1.8942","0"
"V2TXN-003252","CUST-V2-0196","2025-10-27T11:22:47.2820000+05:30","549","UPI","Mobile","IN","IN","0","832","25","707","false","false","0.7765","0"
"V2TXN-003253","CUST-V2-0646","2025-10-27T11:49:57.5850000+05:30","1780","WALLET","Tablet","IN","IN","3","1158","19","2363","false","false","0.7533","0"
"V2TXN-003254","CUST-V2-0242","2025-10-27T21:07:57.4090000+05:30","1923","WALLET","Mobile","SG","SG","0","1359","34","3434","false","false","0.5600","0"
"V2TXN-003255","CUST-V2-0929","2025-10-28T00:04:19.2500000+05:30","9606","UPI","Mobile","IN","IN","0","379","9","6497","false","false","1.4785","0"
"V2TXN-003256","CUST-V2-0828","2025-10-28T02:24:23.1400000+05:30","3012","WALLET","Desktop","IN","IN","0","1263","38","2266","false","false","1.3292","0"
"V2TXN-003257","CUST-V2-0092","2025-10-28T04:14:20.8430000+05:30","7327","UPI","Desktop","IN","IN","0","358","6","3377","false","false","2.1697","0"
"V2TXN-003258","CUST-V2-0154","2025-10-28T06:12:01.7790000+05:30","2790","WALLET","Mobile","CA","CA","0","450","8","3821","false","false","0.7302","0"
"V2TXN-003259","CUST-V2-0187","2025-10-28T08:15:21.7020000+05:30","266","CARD","Desktop","IN","GB","2","1398","29","1397","false","true","0.1904","1"
"V2TXN-003260","CUST-V2-0524","2025-10-28T10:21:53.2930000+05:30","2075","CARD","Tablet","IN","IN","0","315","5","1506","false","false","1.3778","0"
"V2TXN-003261","CUST-V2-0067","2025-10-28T12:20:23.3820000+05:30","933","UPI","Desktop","DE","DE","0","286","7","1666","false","false","0.5600","0"
"V2TXN-003262","CUST-V2-0683","2025-10-28T12:53:18.1660000+05:30","2352","UPI","Mobile","DE","DE","1","1508","24","1767","false","false","1.3311","0"
"V2TXN-003263","CUST-V2-0403","2025-10-28T14:02:23.5220000+05:30","1811","UPI","Desktop","IN","IN","0","262","5","873","false","false","2.0745","0"
"V2TXN-003264","CUST-V2-0528","2025-10-28T16:31:31.9000000+05:30","2326","UPI","Desktop","DE","DE","1","206","5","2259","false","false","1.0297","0"
"V2TXN-003265","CUST-V2-0937","2025-10-28T16:51:46.6850000+05:30","1646","NETBANKING","Mobile","AE","AE","0","1135","19","1396","false","false","1.1791","0"
"V2TXN-003266","CUST-V2-0148","2025-10-28T17:21:06.3380000+05:30","1045","UPI","Mobile","IN","IN","0","618","20","817","false","false","1.2791","0"
"V2TXN-003267","CUST-V2-0396","2025-10-28T19:13:45.1790000+05:30","2427","CARD","Desktop","GB","IN","2","968","29","1163","false","true","2.0868","1"
"V2TXN-003268","CUST-V2-0328","2025-10-28T19:21:08.5710000+05:30","6889","UPI","Desktop","SA","SA","0","742","17","5398","false","false","1.2762","0"
"V2TXN-003269","CUST-V2-0148","2025-10-28T20:01:14.2410000+05:30","757","UPI","Mobile","GB","IN","1","618","21","828","false","true","0.9143","0"
"V2TXN-003270","CUST-V2-0195","2025-10-28T20:38:26.3190000+05:30","3395","UPI","Desktop","GB","IN","0","1277","30","3720","false","true","0.9126","0"
"V2TXN-003271","CUST-V2-0836","2025-10-28T22:12:20.3420000+05:30","987","WALLET","Mobile","IN","IN","0","1580","32","685","false","false","1.4409","0"
"V2TXN-003272","CUST-V2-0635","2025-10-28T23:29:29.7940000+05:30","962","UPI","Desktop","GB","GB","0","278","7","896","false","false","1.0737","0"
"V2TXN-003273","CUST-V2-0971","2025-10-29T00:33:57.7540000+05:30","1860","CARD","Mobile","IN","IN","1","721","14","1449","false","false","1.2836","0"
"V2TXN-003274","CUST-V2-0008","2025-10-29T02:16:14.1480000+05:30","1230","BANK_TRANSFER","Mobile","IN","IN","1","1252","20","1451","false","false","0.8477","0"
"V2TXN-003275","CUST-V2-0146","2025-10-29T03:10:37.0680000+05:30","1144","CARD","Mobile","US","US","1","1184","18","844","false","false","1.3555","0"
"V2TXN-003276","CUST-V2-0240","2025-10-29T07:38:38.9260000+05:30","1183","CARD","Desktop","IN","IN","0","788","18","1036","false","false","1.1419","0"
"V2TXN-003277","CUST-V2-0879","2025-10-29T08:02:54.4360000+05:30","4174","CARD","Mobile","IN","IN","0","306","6","4966","false","false","0.8405","0"
"V2TXN-003278","CUST-V2-0187","2025-10-29T09:46:30.3400000+05:30","929","UPI","Desktop","GB","GB","0","1399","30","1360","false","false","0.6831","0"
"V2TXN-003279","CUST-V2-0080","2025-10-29T09:49:44.8490000+05:30","3334","CARD","Mobile","IN","IN","0","831","17","3128","false","false","1.0659","0"
"V2TXN-003280","CUST-V2-0192","2025-10-29T10:13:41.5200000+05:30","2029","CARD","Desktop","IN","IN","1","276","5","1367","false","false","1.4843","0"
"V2TXN-003281","CUST-V2-0421","2025-10-29T11:47:59.3700000+05:30","6680","WALLET","Mobile","IN","IN","0","826","14","6939","false","false","0.9627","0"
"V2TXN-003282","CUST-V2-0142","2025-10-29T12:43:40.7200000+05:30","1921","CARD","Mobile","CA","CA","0","931","11","1920","false","false","1.0005","0"
"V2TXN-003283","CUST-V2-0499","2025-10-29T13:10:21.3950000+05:30","495","UPI","Mobile","IN","IN","1","1757","36","509","false","false","0.9725","0"
"V2TXN-003284","CUST-V2-0245","2025-10-29T13:30:55.5300000+05:30","1889","NETBANKING","Desktop","IN","IN","0","787","10","1595","false","false","1.1843","0"
"V2TXN-003285","CUST-V2-0869","2025-10-29T14:20:56.4710000+05:30","666","UPI","Tablet","IN","IN","0","1135","33","1253","false","false","0.5315","0"
"V2TXN-003286","CUST-V2-0330","2025-10-29T15:07:10.1150000+05:30","2605","CARD","Mobile","US","US","0","820","15","1390","false","false","1.8741","1"
"V2TXN-003287","CUST-V2-0524","2025-10-29T18:10:45.5690000+05:30","885","CARD","Tablet","IN","IN","0","316","6","1601","false","false","0.5528","0"
"V2TXN-003288","CUST-V2-0140","2025-10-29T18:44:41.2380000+05:30","1447","CARD","Desktop","IN","IN","0","630","15","2275","false","false","0.6360","0"
"V2TXN-003289","CUST-V2-0719","2025-10-29T19:00:14.1280000+05:30","1184","CARD","Mobile","IN","IN","0","1288","40","702","false","false","1.6866","0"
"V2TXN-003290","CUST-V2-0468","2025-10-29T20:58:51.5780000+05:30","3872","CARD","Desktop","IN","IN","0","1560","36","2272","false","false","1.7042","1"
"V2TXN-003291","CUST-V2-0132","2025-10-29T21:07:33.6390000+05:30","1690","WALLET","Desktop","IN","IN","0","1437","30","1694","false","false","0.9976","0"
"V2TXN-003292","CUST-V2-0220","2025-10-29T21:58:34.3810000+05:30","902","CARD","Mobile","IN","IN","1","1078","13","1538","false","false","0.5865","0"
"V2TXN-003293","CUST-V2-0609","2025-10-29T23:13:27.2110000+05:30","3542","WALLET","Mobile","IN","IN","0","909","28","2281","false","false","1.5528","0"
"V2TXN-003294","CUST-V2-0096","2025-10-30T00:04:15.1080000+05:30","3462","UPI","Desktop","IN","IN","0","1005","26","5375","false","false","0.6441","0"
"V2TXN-003295","CUST-V2-0916","2025-10-30T00:46:12.7100000+05:30","2502","CARD","Desktop","IN","IN","1","1558","46","1989","false","false","1.2579","0"
"V2TXN-003296","CUST-V2-0292","2025-10-30T01:15:30.6420000+05:30","1791","CARD","Mobile","IN","IN","1","267","4","978","false","false","1.8313","0"
"V2TXN-003297","CUST-V2-0122","2025-10-30T01:37:40.8620000+05:30","264","UPI","Mobile","IN","IN","0","1110","29","481","false","false","0.5489","0"
"V2TXN-003298","CUST-V2-0575","2025-10-30T02:14:39.0120000+05:30","4282","WALLET","Desktop","IN","IN","1","834","26","2766","false","false","1.5481","0"
"V2TXN-003299","CUST-V2-0713","2025-10-30T05:05:00.0580000+05:30","3707","CARD","Tablet","US","IN","2","768","15","1806","false","true","2.0526","1"
"V2TXN-003300","CUST-V2-0199","2025-10-30T05:48:23.8010000+05:30","6152","UPI","Tablet","IN","IN","0","817","10","5824","false","false","1.0563","0"
"V2TXN-003301","CUST-V2-0188","2025-10-30T06:07:03.6230000+05:30","645","UPI","Mobile","SA","SA","1","1165","30","1210","false","false","0.5331","0"
"V2TXN-003302","CUST-V2-0166","2025-10-30T06:34:22.4990000+05:30","1342","UPI","Mobile","CA","CA","1","668","19","1391","false","false","0.9648","0"
"V2TXN-003303","CUST-V2-0710","2025-10-30T06:44:11.7170000+05:30","1782","CARD","Mobile","IN","IN","0","664","13","1311","false","false","1.3593","0"
"V2TXN-003304","CUST-V2-0225","2025-10-30T07:30:50.1860000+05:30","912","UPI","Tablet","IN","IN","0","234","2","1148","false","false","0.7944","0"
"V2TXN-003305","CUST-V2-0707","2025-10-30T08:09:15.8870000+05:30","2437","CARD","Desktop","GB","GB","0","415","12","2455","false","false","0.9927","0"
"V2TXN-003306","CUST-V2-0605","2025-10-30T09:40:05.5440000+05:30","2116","CARD","Mobile","IN","IN","1","609","17","2088","false","false","1.0134","0"
"V2TXN-003307","CUST-V2-0095","2025-10-30T11:12:12.7410000+05:30","3762","NETBANKING","Mobile","IN","IN","0","1718","27","1574","false","false","2.3901","0"
"V2TXN-003308","CUST-V2-0538","2025-10-30T12:12:46.3050000+05:30","3075","NETBANKING","Mobile","IN","IN","1","1027","25","4207","false","false","0.7309","0"
"V2TXN-003309","CUST-V2-0236","2025-10-30T12:26:46.0500000+05:30","1711","CARD","Mobile","SA","SA","0","906","26","1446","false","false","1.1833","0"
"V2TXN-003310","CUST-V2-0845","2025-10-30T13:49:58.3210000+05:30","1387","UPI","Mobile","IN","IN","0","1068","23","1118","false","false","1.2406","0"
"V2TXN-003311","CUST-V2-0975","2025-10-30T14:15:42.1520000+05:30","4127","CARD","Mobile","IN","IN","0","1040","29","4555","false","false","0.9060","0"
"V2TXN-003312","CUST-V2-0704","2025-10-30T15:53:24.4800000+05:30","448","UPI","Desktop","IN","IN","0","815","22","571","false","false","0.7846","0"
"V2TXN-003313","CUST-V2-0724","2025-10-30T16:04:33.5690000+05:30","9451","UPI","Mobile","IN","IN","0","301","5","6903","false","false","1.3691","0"
"V2TXN-003314","CUST-V2-0499","2025-10-30T16:55:28.6720000+05:30","483","UPI","Mobile","IN","IN","0","1758","37","508","false","false","0.9508","0"
"V2TXN-003315","CUST-V2-0654","2025-10-30T18:09:31.3120000+05:30","2224","WALLET","Mobile","GB","GB","0","931","16","1023","false","false","2.1740","1"
"V2TXN-003316","CUST-V2-0029","2025-10-30T20:29:22.1970000+05:30","1539","UPI","Mobile","IN","IN","0","320","4","2538","false","false","0.6064","0"
"V2TXN-003317","CUST-V2-0411","2025-10-30T20:52:40.0170000+05:30","398","UPI","Desktop","SG","SG","1","638","6","935","false","false","0.4257","0"
"V2TXN-003318","CUST-V2-0173","2025-10-30T22:48:48.7450000+05:30","3082","UPI","Desktop","IN","IN","0","1421","40","5356","false","false","0.5754","0"
"V2TXN-003319","CUST-V2-0791","2025-10-30T23:58:53.8510000+05:30","2373","CARD","Mobile","IN","IN","0","565","15","2356","false","false","1.0072","0"
"V2TXN-003320","CUST-V2-0858","2025-10-31T00:23:54.9700000+05:30","1975","CARD","Desktop","CA","CA","0","361","9","1925","false","false","1.0260","0"
"V2TXN-003321","CUST-V2-0724","2025-10-31T01:09:41.3110000+05:30","5890","NETBANKING","Mobile","IN","IN","0","302","6","7328","false","false","0.8038","0"
"V2TXN-003322","CUST-V2-0805","2025-10-31T01:49:47.2040000+05:30","3608","CARD","Mobile","IN","IN","0","761","15","3681","false","false","0.9802","0"
"V2TXN-003323","CUST-V2-0798","2025-10-31T02:02:46.6640000+05:30","1771","WALLET","Mobile","IN","IN","0","1479","43","1470","false","false","1.2048","0"
"V2TXN-003324","CUST-V2-0111","2025-10-31T02:10:20.6940000+05:30","1349","CARD","Desktop","IN","IN","0","1379","26","861","false","false","1.5668","0"
"V2TXN-003325","CUST-V2-0904","2025-10-31T02:29:27.8410000+05:30","872","UPI","Tablet","IN","IN","1","1453","21","905","false","false","0.9635","0"
"V2TXN-003326","CUST-V2-0902","2025-10-31T03:02:59.2770000+05:30","1920","CARD","Mobile","IN","IN","0","318","6","3920","false","false","0.4898","0"
"V2TXN-003327","CUST-V2-0372","2025-10-31T04:18:22.9790000+05:30","1017","NETBANKING","Mobile","AE","AE","0","844","15","1150","false","false","0.8843","0"
"V2TXN-003328","CUST-V2-0934","2025-10-31T04:39:57.0700000+05:30","1579","UPI","Mobile","IN","IN","0","748","8","1894","false","false","0.8337","0"
"V2TXN-003329","CUST-V2-0079","2025-10-31T05:15:54.4480000+05:30","3346","CARD","Mobile","US","US","0","1571","35","4363","false","false","0.7669","0"
"V2TXN-003330","CUST-V2-0964","2025-10-31T07:17:18.4910000+05:30","1476","WALLET","Desktop","IN","IN","0","458","13","1448","false","false","1.0193","0"
"V2TXN-003331","CUST-V2-0956","2025-10-31T08:46:25.6850000+05:30","5515","BANK_TRANSFER","Desktop","AU","AU","1","107","4","3174","false","false","1.7376","0"
"V2TXN-003332","CUST-V2-0017","2025-10-31T08:52:03.2780000+05:30","922","UPI","Mobile","IN","IN","1","154","7","1103","false","false","0.8359","0"
"V2TXN-003333","CUST-V2-0489","2025-10-31T11:08:52.3160000+05:30","742","CARD","Desktop","GB","GB","1","1061","19","619","false","false","1.1987","0"
"V2TXN-003334","CUST-V2-0155","2025-10-31T12:23:38.0160000+05:30","3478","UPI","Desktop","CA","CA","0","418","12","2323","false","false","1.4972","0"
"V2TXN-003335","CUST-V2-0645","2025-10-31T13:14:39.3490000+05:30","1990","CARD","Mobile","IN","IN","0","1424","23","2496","false","false","0.7973","0"
"V2TXN-003336","CUST-V2-0603","2025-10-31T14:11:13.2840000+05:30","1440","UPI","Desktop","IN","IN","0","1299","27","2159","false","false","0.6670","0"
"V2TXN-003337","CUST-V2-0925","2025-10-31T14:21:18.6710000+05:30","3053","UPI","Desktop","IN","IN","0","1361","20","2333","false","false","1.3086","0"
"V2TXN-003338","CUST-V2-0570","2025-10-31T14:26:05.7740000+05:30","3396","UPI","Mobile","IN","IN","0","666","21","5410","false","false","0.6277","0"
"V2TXN-003339","CUST-V2-0791","2025-10-31T14:37:52.3560000+05:30","1793","UPI","Mobile","IN","IN","0","566","16","2357","false","false","0.7607","0"
"V2TXN-003340","CUST-V2-0888","2025-10-31T15:20:23.2080000+05:30","9044","NETBANKING","Mobile","US","US","0","300","4","8889","false","false","1.0174","0"
"V2TXN-003341","CUST-V2-0706","2025-10-31T21:18:13.1180000+05:30","1690","UPI","Mobile","IN","IN","0","674","9","1371","false","false","1.2327","0"
"V2TXN-003342","CUST-V2-0558","2025-10-31T22:44:46.0540000+05:30","3594","CARD","Mobile","IN","IN","0","1389","39","2462","false","false","1.4598","0"
"V2TXN-003343","CUST-V2-0339","2025-10-31T23:14:27.3600000+05:30","4537","UPI","Mobile","SG","SG","0","834","16","5171","false","false","0.8774","0"
"V2TXN-003344","CUST-V2-0383","2025-10-31T23:42:28.1320000+05:30","820","UPI","Mobile","IN","IN","0","123","4","1147","false","false","0.7149","0"
"V2TXN-003345","CUST-V2-0622","2025-11-01T02:02:51.7580000+05:30","787","CARD","Mobile","US","US","1","284","5","1231","false","false","0.6393","0"
"V2TXN-003346","CUST-V2-0284","2025-11-01T02:14:25.7290000+05:30","3044","UPI","Mobile","IN","IN","0","772","12","2174","false","false","1.4002","0"
"V2TXN-003347","CUST-V2-0258","2025-11-01T02:31:37.9540000+05:30","2248","CARD","Desktop","IN","IN","0","420","6","2471","false","false","0.9098","0"
"V2TXN-003348","CUST-V2-0906","2025-11-01T04:44:51.1520000+05:30","1221","WALLET","Mobile","IN","IN","1","600","14","815","false","false","1.4982","1"
"V2TXN-003349","CUST-V2-0310","2025-11-01T06:48:47.1860000+05:30","2691","CARD","Desktop","IN","IN","0","262","3","2633","false","false","1.0220","0"
"V2TXN-003350","CUST-V2-0370","2025-11-01T07:18:18.5670000+05:30","2027","NETBANKING","Desktop","IN","IN","0","295","4","2723","false","false","0.7444","0"
"V2TXN-003351","CUST-V2-0978","2025-11-01T08:19:10.2160000+05:30","8206","CARD","Desktop","IN","IN","1","1265","34","3071","false","false","2.6721","0"
"V2TXN-003352","CUST-V2-0953","2025-11-01T08:42:10.0780000+05:30","922","CARD","Mobile","IN","IN","0","160","3","1137","false","false","0.8109","0"
"V2TXN-003353","CUST-V2-0500","2025-11-01T08:43:16.0820000+05:30","1984","UPI","Mobile","CA","CA","1","729","25","2428","false","false","0.8171","0"
"V2TXN-003354","CUST-V2-0326","2025-11-01T10:56:45.0670000+05:30","2005","NETBANKING","Mobile","IN","IN","0","81","2","2402","false","false","0.8347","0"
"V2TXN-003355","CUST-V2-0265","2025-11-01T12:58:48.1410000+05:30","2843","WALLET","Desktop","IN","IN","0","1453","42","2619","false","false","1.0855","0"
"V2TXN-003356","CUST-V2-0158","2025-11-01T13:17:58.8100000+05:30","2533","CARD","Desktop","IN","GB","2","326","5","1526","false","true","1.6599","1"
"V2TXN-003357","CUST-V2-0910","2025-11-01T13:37:06.5190000+05:30","1688","NETBANKING","Desktop","SA","SA","1","1639","31","2011","false","false","0.8394","0"
"V2TXN-003358","CUST-V2-0751","2025-11-01T14:05:45.6010000+05:30","479","CARD","Mobile","IN","IN","0","423","15","638","false","false","0.7508","0"
"V2TXN-003359","CUST-V2-0100","2025-11-01T16:43:51.7760000+05:30","1683","UPI","Mobile","IN","IN","0","565","16","1599","false","false","1.0525","0"
"V2TXN-003360","CUST-V2-0474","2025-11-01T20:30:28.9220000+05:30","2542","WALLET","Desktop","IN","IN","0","304","4","1647","false","false","1.5434","0"
"V2TXN-003361","CUST-V2-0979","2025-11-01T21:13:25.4260000+05:30","981","BANK_TRANSFER","Mobile","AE","AE","0","1174","21","1292","false","false","0.7593","0"
"V2TXN-003362","CUST-V2-0262","2025-11-01T21:37:53.2710000+05:30","3292","UPI","Desktop","US","US","0","979","23","2039","false","false","1.6145","0"
"V2TXN-003363","CUST-V2-0487","2025-11-01T22:43:05.6360000+05:30","4233","NETBANKING","Mobile","IN","IN","0","1120","24","2317","false","false","1.8269","0"
"V2TXN-003364","CUST-V2-0430","2025-11-01T23:09:23.8070000+05:30","1119","CARD","Mobile","SG","US","5","325","9","3231","false","true","0.3463","1"
"V2TXN-003365","CUST-V2-0098","2025-11-02T06:19:04.2840000+05:30","819","CARD","Mobile","IN","IN","0","331","9","793","false","false","1.0328","0"
"V2TXN-003366","CUST-V2-0600","2025-11-02T07:41:10.5140000+05:30","1092","UPI","Mobile","IN","IN","0","484","13","1789","false","false","0.6104","0"
"V2TXN-003367","CUST-V2-0201","2025-11-02T09:33:48.8280000+05:30","159","CARD","Desktop","IN","IN","0","1043","28","359","false","false","0.4429","0"
"V2TXN-003368","CUST-V2-0295","2025-11-02T11:59:49.5870000+05:30","1465","UPI","Mobile","SG","SG","0","354","6","1441","false","false","1.0167","0"
"V2TXN-003369","CUST-V2-0707","2025-11-02T12:49:41.6090000+05:30","2115","UPI","Desktop","GB","GB","0","418","13","2454","false","false","0.8619","0"
"V2TXN-003370","CUST-V2-0585","2025-11-02T14:50:35.9820000+05:30","896","CARD","Mobile","IN","IN","0","1415","18","952","false","false","0.9412","0"
"V2TXN-003371","CUST-V2-0758","2025-11-02T15:02:01.2190000+05:30","2046","CARD","Desktop","IN","IN","0","1232","17","2007","false","false","1.0194","0"
"V2TXN-003372","CUST-V2-0367","2025-11-02T15:18:49.0440000+05:30","621","WALLET","Mobile","GB","GB","0","1443","41","1040","false","false","0.5971","0"
"V2TXN-003373","CUST-V2-0076","2025-11-02T15:30:38.4020000+05:30","1196","CARD","Mobile","IN","IN","1","304","8","755","false","false","1.5841","1"
"V2TXN-003374","CUST-V2-0007","2025-11-02T16:38:18.9370000+05:30","3266","UPI","Mobile","IN","IN","0","1448","22","4045","false","false","0.8074","0"
"V2TXN-003375","CUST-V2-0937","2025-11-02T18:45:18.6910000+05:30","1348","NETBANKING","Mobile","AE","AE","0","1140","20","1409","false","false","0.9567","0"
"V2TXN-003376","CUST-V2-0953","2025-11-02T22:39:15.7730000+05:30","1443","CARD","Mobile","IN","IN","0","162","4","1083","false","false","1.3324","0"
"V2TXN-003377","CUST-V2-0825","2025-11-02T22:45:48.2980000+05:30","1596","UPI","Desktop","IN","IN","0","1396","17","1481","false","false","1.0777","0"
"V2TXN-003378","CUST-V2-0634","2025-11-03T01:19:14.1880000+05:30","4704","WALLET","Mobile","US","US","0","1271","28","5226","false","false","0.9001","0"
"V2TXN-003379","CUST-V2-0681","2025-11-03T02:44:57.5480000+05:30","2191","WALLET","Desktop","IN","IN","1","1492","25","2230","false","false","0.9825","0"
"V2TXN-003380","CUST-V2-0991","2025-11-03T02:49:09.7280000+05:30","1464","CARD","Mobile","IN","IN","0","474","14","1411","false","false","1.0376","0"
"V2TXN-003381","CUST-V2-0248","2025-11-03T03:27:41.0710000+05:30","2034","UPI","Mobile","CA","CA","0","1213","24","2099","false","false","0.9690","0"
"V2TXN-003382","CUST-V2-0734","2025-11-03T05:49:18.7410000+05:30","2081","UPI","Desktop","IN","IN","0","652","20","1473","false","false","1.4128","0"
"V2TXN-003383","CUST-V2-0097","2025-11-03T07:37:06.6710000+05:30","1831","WALLET","Mobile","AU","AU","1","1282","38","2573","false","false","0.7116","0"
"V2TXN-003384","CUST-V2-0915","2025-11-03T09:30:01.4490000+05:30","2774","UPI","Desktop","IN","IN","1","1370","21","1946","false","false","1.4255","0"
"V2TXN-003385","CUST-V2-0057","2025-11-03T10:13:12.6920000+05:30","8206","CARD","Desktop","IN","IN","4","1091","22","5629","false","false","1.4578","1"
"V2TXN-003386","CUST-V2-0037","2025-11-03T10:54:21.4050000+05:30","3248","UPI","Desktop","IN","IN","0","1521","41","4013","false","false","0.8094","0"
"V2TXN-003387","CUST-V2-0912","2025-11-03T12:17:14.5280000+05:30","1817","CARD","Mobile","IN","IN","0","660","8","3221","false","false","0.5641","0"
"V2TXN-003388","CUST-V2-0242","2025-11-03T12:36:04.4770000+05:30","3095","WALLET","Mobile","SG","SG","1","1366","35","3391","false","false","0.9127","0"
"V2TXN-003389","CUST-V2-0586","2025-11-03T14:03:21.7260000+05:30","1127","CARD","Mobile","IN","IN","0","396","6","1061","false","false","1.0622","0"
"V2TXN-003390","CUST-V2-0528","2025-11-03T14:26:31.4040000+05:30","2141","UPI","Desktop","DE","DE","0","212","6","2270","false","false","0.9432","0"
"V2TXN-003391","CUST-V2-0330","2025-11-03T20:47:05.2060000+05:30","1071","CARD","Mobile","US","US","0","825","16","1466","false","false","0.7306","0"
"V2TXN-003392","CUST-V2-0925","2025-11-03T20:50:46.6450000+05:30","2199","UPI","Mobile","IN","IN","0","1364","21","2367","false","false","0.9290","0"
"V2TXN-003393","CUST-V2-0823","2025-11-03T22:12:48.9940000+05:30","1873","UPI","Mobile","GB","GB","0","113","4","1515","false","false","1.2363","0"
"V2TXN-003394","CUST-V2-0851","2025-11-03T23:20:01.7240000+05:30","3009","CARD","Mobile","US","US","0","1320","16","1210","false","false","2.4868","0"
"V2TXN-003395","CUST-V2-0413","2025-11-04T03:29:56.7630000+05:30","1981","CARD","Mobile","IN","IN","0","747","12","2228","false","false","0.8891","0"
"V2TXN-003396","CUST-V2-0740","2025-11-04T04:52:57.1380000+05:30","868","NETBANKING","Mobile","AE","AE","0","287","4","1432","false","false","0.6061","0"
"V2TXN-003397","CUST-V2-0943","2025-11-04T05:03:20.4450000+05:30","2360","UPI","Mobile","SG","SG","0","775","17","1873","false","false","1.2600","0"
"V2TXN-003398","CUST-V2-0181","2025-11-04T06:08:43.6540000+05:30","2301","CARD","Desktop","IN","IN","1","1002","23","3027","false","false","0.7602","0"
"V2TXN-003399","CUST-V2-0053","2025-11-04T07:15:26.7110000+05:30","2958","UPI","Tablet","IN","IN","0","1634","39","2415","false","false","1.2248","0"
"V2TXN-003400","CUST-V2-0721","2025-11-04T10:14:22.9510000+05:30","1268","WALLET","Mobile","IN","IN","0","1424","26","1055","false","false","1.2019","0"
"V2TXN-003401","CUST-V2-0518","2025-11-04T13:19:57.8610000+05:30","661","NETBANKING","Tablet","IN","IN","0","1232","31","1089","false","false","0.6070","0"
"V2TXN-003402","CUST-V2-0099","2025-11-04T13:53:09.6740000+05:30","1786","CARD","Mobile","SG","SG","0","881","28","2492","false","false","0.7167","0"
"V2TXN-003403","CUST-V2-0543","2025-11-04T16:55:11.2060000+05:30","3620","CARD","Mobile","IN","IN","0","1521","39","1887","false","false","1.9184","0"
"V2TXN-003404","CUST-V2-0898","2025-11-04T18:10:36.2250000+05:30","1710","UPI","Mobile","IN","IN","0","270","3","2241","false","false","0.7631","0"
"V2TXN-003405","CUST-V2-0969","2025-11-04T21:04:47.4760000+05:30","1574","NETBANKING","Mobile","SG","IN","2","303","3","883","false","true","1.7826","1"
"V2TXN-003406","CUST-V2-0850","2025-11-05T02:20:58.5400000+05:30","2266","CARD","Mobile","IN","IN","0","1032","15","2067","false","false","1.0963","0"
"V2TXN-003407","CUST-V2-0031","2025-11-05T03:14:23.7030000+05:30","1388","BANK_TRANSFER","Desktop","IN","IN","1","1437","33","1125","false","false","1.2338","0"
"V2TXN-003408","CUST-V2-0602","2025-11-05T06:58:48.4610000+05:30","3145","CARD","Mobile","IN","IN","0","642","12","2397","false","false","1.3121","0"
"V2TXN-003409","CUST-V2-0742","2025-11-05T08:04:06.6890000+05:30","453","CARD","Desktop","IN","IN","2","320","4","1912","false","false","0.2369","1"
"V2TXN-003410","CUST-V2-0487","2025-11-05T08:49:23.1540000+05:30","2230","NETBANKING","Mobile","IN","IN","0","1123","25","2394","false","false","0.9315","0"
"V2TXN-003411","CUST-V2-0135","2025-11-05T10:36:22.7760000+05:30","1188","UPI","Mobile","GB","GB","1","687","18","1302","false","false","0.9124","0"
"V2TXN-003412","CUST-V2-0098","2025-11-05T10:50:32.7980000+05:30","621","CARD","Mobile","IN","IN","0","334","10","796","false","false","0.7802","0"
"V2TXN-003413","CUST-V2-0651","2025-11-05T12:16:19.6680000+05:30","2312","UPI","Desktop","IN","IN","0","864","11","2622","false","false","0.8818","0"
"V2TXN-003414","CUST-V2-0284","2025-11-05T12:40:21.1820000+05:30","2731","UPI","Desktop","IN","IN","0","776","13","2241","false","false","1.2187","0"
"V2TXN-003415","CUST-V2-0941","2025-11-05T14:18:21.5320000+05:30","4919","UPI","Mobile","CA","CA","3","105","3","3804","false","false","1.2931","0"
"V2TXN-003416","CUST-V2-0651","2025-11-05T19:09:09.5590000+05:30","2459","UPI","Desktop","IN","IN","0","865","12","2597","false","false","0.9469","0"
"V2TXN-003417","CUST-V2-0468","2025-11-05T19:41:28.2430000+05:30","2921","UPI","Mobile","IN","IN","0","1567","37","2315","false","false","1.2618","0"
"V2TXN-003418","CUST-V2-0979","2025-11-05T20:30:28.8620000+05:30","687","UPI","Mobile","AE","AE","0","1178","22","1278","false","false","0.5376","0"
"V2TXN-003419","CUST-V2-0675","2025-11-05T20:58:04.6170000+05:30","1672","BANK_TRANSFER","Mobile","GB","GB","0","1635","36","1957","false","false","0.8544","0"
"V2TXN-003420","CUST-V2-0187","2025-11-05T21:49:10.0850000+05:30","1415","UPI","Desktop","GB","GB","0","1406","31","1346","false","false","1.0513","0"
"V2TXN-003421","CUST-V2-0143","2025-11-05T22:46:25.4410000+05:30","1308","CARD","Tablet","IN","IN","0","1197","33","1149","false","false","1.1384","0"
"V2TXN-003422","CUST-V2-0590","2025-11-05T23:19:27.8740000+05:30","2103","CARD","Desktop","SG","IN","1","771","9","1193","false","true","1.7628","1"
"V2TXN-003423","CUST-V2-0779","2025-11-05T23:46:09.5880000+05:30","532","CARD","Desktop","IN","IN","2","1010","12","696","false","false","0.7644","1"
"V2TXN-003424","CUST-V2-0263","2025-11-06T00:40:19.2250000+05:30","9935","CARD","Mobile","GB","US","2","296","6","3584","false","true","2.7720","1"
"V2TXN-003425","CUST-V2-0622","2025-11-06T02:01:03.6200000+05:30","767","UPI","Mobile","US","US","1","289","6","1157","false","false","0.6629","0"
"V2TXN-003426","CUST-V2-0201","2025-11-06T02:52:05.2270000+05:30","358","BANK_TRANSFER","Desktop","IN","IN","4","1047","29","352","false","false","1.0170","0"
"V2TXN-003427","CUST-V2-0521","2025-11-06T03:20:52.2320000+05:30","2937","CARD","Tablet","IN","IN","0","287","4","2262","false","false","1.2984","0"
"V2TXN-003428","CUST-V2-0687","2025-11-06T05:02:06.2850000+05:30","4748","UPI","Desktop","IN","IN","0","128","3","4388","false","false","1.0820","0"
"V2TXN-003429","CUST-V2-0662","2025-11-06T06:42:46.5620000+05:30","1325","UPI","Mobile","GB","GB","4","1207","27","2306","false","false","0.5746","0"
"V2TXN-003430","CUST-V2-0203","2025-11-06T06:52:49.4550000+05:30","2566","NETBANKING","Desktop","DE","DE","0","765","13","1958","false","false","1.3105","0"
"V2TXN-003431","CUST-V2-0283","2025-11-06T06:54:31.8670000+05:30","14059","WALLET","Tablet","IN","IN","0","344","10","4477","false","false","3.1403","0"
"V2TXN-003432","CUST-V2-0253","2025-11-06T07:41:19.1350000+05:30","10112","CARD","Mobile","IN","IN","0","321","4","8988","false","false","1.1251","0"
"V2TXN-003433","CUST-V2-0261","2025-11-06T11:11:21.3200000+05:30","3782","UPI","Mobile","IN","IN","0","1401","38","3993","false","false","0.9472","0"
"V2TXN-003434","CUST-V2-0640","2025-11-06T11:44:57.3320000+05:30","3218","UPI","Desktop","IN","IN","0","1141","33","3647","false","false","0.8824","0"
"V2TXN-003435","CUST-V2-0184","2025-11-06T13:04:28.6780000+05:30","1278","UPI","Mobile","IN","IN","0","722","8","1807","false","false","0.7072","0"
"V2TXN-003436","CUST-V2-0441","2025-11-06T13:21:40.4610000+05:30","1274","CARD","Mobile","IN","IN","0","845","16","1038","false","false","1.2274","0"
"V2TXN-003437","CUST-V2-0135","2025-11-06T13:57:28.3950000+05:30","1906","UPI","Mobile","GB","GB","0","688","19","1296","false","false","1.4707","0"
"V2TXN-003438","CUST-V2-0475","2025-11-06T16:01:39.2780000+05:30","1203","UPI","Mobile","IN","IN","0","1537","46","1771","false","false","0.6793","0"
"V2TXN-003439","CUST-V2-0152","2025-11-06T16:53:25.4670000+05:30","1681","CARD","Desktop","AU","AU","0","1510","20","1912","false","false","0.8792","0"
"V2TXN-003440","CUST-V2-0115","2025-11-06T17:35:42.5060000+05:30","577","CARD","Mobile","SG","SG","0","1308","30","427","false","false","1.3513","0"
"V2TXN-003441","CUST-V2-0113","2025-11-06T17:44:04.5080000+05:30","1043","CARD","Mobile","IN","IN","0","781","8","1675","false","false","0.6227","0"
"V2TXN-003442","CUST-V2-0733","2025-11-06T18:02:36.0210000+05:30","481","UPI","Mobile","IN","IN","0","499","5","442","false","false","1.0882","0"
"V2TXN-003443","CUST-V2-0810","2025-11-06T18:51:37.5800000+05:30","814","CARD","Mobile","IN","IN","1","326","3","784","false","false","1.0383","0"
"V2TXN-003444","CUST-V2-0264","2025-11-06T21:11:49.0030000+05:30","1618","NETBANKING","Desktop","IN","IN","0","342","4","2035","false","false","0.7951","0"
"V2TXN-003445","CUST-V2-0070","2025-11-06T21:40:17.1070000+05:30","3915","UPI","Mobile","GB","GB","0","1014","20","3144","false","false","1.2452","0"
"V2TXN-003446","CUST-V2-0733","2025-11-06T23:37:16.8490000+05:30","296","UPI","Mobile","IN","IN","0","499","6","448","false","false","0.6607","0"
"V2TXN-003447","CUST-V2-0531","2025-11-07T00:02:10.2190000+05:30","303","CARD","Mobile","DE","DE","0","1311","23","339","false","false","0.8938","0"
"V2TXN-003448","CUST-V2-0925","2025-11-07T00:12:32.5270000+05:30","2244","UPI","Desktop","IN","IN","0","1367","22","2360","false","false","0.9508","0"
"V2TXN-003449","CUST-V2-0618","2025-11-07T00:34:35.4850000+05:30","8095","UPI","Mobile","IN","IN","1","1385","31","6502","false","false","1.2450","0"
"V2TXN-003450","CUST-V2-0172","2025-11-07T01:01:48.9640000+05:30","2641","UPI","Desktop","CA","CA","1","276","5","1426","false","false","1.8520","1"
"V2TXN-003451","CUST-V2-0135","2025-11-07T02:33:58.4810000+05:30","1626","UPI","Mobile","GB","GB","0","688","20","1327","false","false","1.2253","0"
"V2TXN-003452","CUST-V2-0398","2025-11-07T02:49:05.1350000+05:30","1150","CARD","Mobile","DE","DE","5","355","4","474","false","false","2.4262","1"
"V2TXN-003453","CUST-V2-0315","2025-11-07T03:04:13.0950000+05:30","2143","CARD","Desktop","SA","SA","0","211","4","1463","false","false","1.4648","0"
"V2TXN-003454","CUST-V2-0525","2025-11-07T04:40:02.5500000+05:30","4295","UPI","Mobile","IN","IN","0","1236","17","4373","false","false","0.9822","0"
"V2TXN-003455","CUST-V2-0723","2025-11-07T06:34:49.6790000+05:30","4060","CARD","Mobile","IN","IN","0","318","5","1691","false","false","2.4009","0"
"V2TXN-003456","CUST-V2-0322","2025-11-07T06:42:04.6430000+05:30","4021","CARD","Desktop","DE","IN","2","133","3","2368","false","true","1.6981","1"
"V2TXN-003457","CUST-V2-0088","2025-11-07T09:47:26.9890000+05:30","2037","WALLET","Desktop","IN","IN","0","1263","28","1395","false","false","1.4602","0"
"V2TXN-003458","CUST-V2-0997","2025-11-07T10:49:24.2510000+05:30","18141","UPI","Mobile","SG","SG","0","688","13","10755","false","false","1.6868","0"
"V2TXN-003459","CUST-V2-0911","2025-11-07T11:43:55.5020000+05:30","3984","CARD","Tablet","CA","CA","1","289","5","3368","false","false","1.1829","0"
"V2TXN-003460","CUST-V2-0300","2025-11-07T12:49:00.7010000+05:30","815","NETBANKING","Mobile","IN","IN","0","1223","17","397","false","false","2.0529","0"
"V2TXN-003461","CUST-V2-0482","2025-11-07T14:33:30.0170000+05:30","966","UPI","Desktop","IN","IN","0","1082","13","857","false","false","1.1272","0"
"V2TXN-003462","CUST-V2-0435","2025-11-07T15:50:19.2630000+05:30","1138","NETBANKING","Desktop","IN","IN","1","554","16","1728","false","false","0.6586","0"
"V2TXN-003463","CUST-V2-0779","2025-11-07T16:13:47.8810000+05:30","964","CARD","Desktop","US","IN","3","1012","13","684","false","true","1.4094","1"
"V2TXN-003464","CUST-V2-0585","2025-11-07T16:47:05.5280000+05:30","881","CARD","Mobile","IN","IN","0","1420","19","949","false","false","0.9283","0"
"V2TXN-003465","CUST-V2-0729","2025-11-07T16:58:55.7180000+05:30","328","CARD","Desktop","US","US","0","604","15","249","false","false","1.3173","1"
"V2TXN-003466","CUST-V2-0748","2025-11-07T17:05:46.7010000+05:30","543","NETBANKING","Mobile","SG","SG","0","1072","26","1042","false","false","0.5211","0"
"V2TXN-003467","CUST-V2-0729","2025-11-07T18:12:19.2150000+05:30","250","UPI","Mobile","US","US","1","604","16","254","false","false","0.9843","0"
"V2TXN-003468","CUST-V2-0254","2025-11-07T18:35:14.3440000+05:30","1287","UPI","Mobile","SG","SG","0","426","6","1791","false","false","0.7186","0"
"V2TXN-003469","CUST-V2-0291","2025-11-07T20:10:57.7840000+05:30","2568","NETBANKING","Mobile","IN","IN","0","718","20","2007","false","false","1.2795","0"
"V2TXN-003470","CUST-V2-0867","2025-11-07T23:37:16.2110000+05:30","1674","CARD","Mobile","IN","IN","0","370","4","1768","false","false","0.9468","1"
"V2TXN-003471","CUST-V2-0294","2025-11-07T23:48:07.1090000+05:30","2487","WALLET","Desktop","IN","IN","0","678","12","2058","false","false","1.2085","0"
"V2TXN-003472","CUST-V2-0128","2025-11-07T23:58:42.7730000+05:30","1046","UPI","Mobile","IN","IN","0","592","7","1077","false","false","0.9712","0"
"V2TXN-003473","CUST-V2-0132","2025-11-08T01:24:34.8700000+05:30","3798","WALLET","Desktop","IN","IN","0","1446","31","1694","false","false","2.2420","1"
"V2TXN-003474","CUST-V2-0895","2025-11-08T01:27:13.6580000+05:30","2867","UPI","Mobile","IN","IN","0","1111","28","2814","false","false","1.0188","0"
"V2TXN-003475","CUST-V2-0382","2025-11-08T02:51:22.7740000+05:30","595","WALLET","Mobile","IN","IN","0","300","7","1079","false","false","0.5514","0"
"V2TXN-003476","CUST-V2-0375","2025-11-08T03:22:39.9670000+05:30","537","NETBANKING","Desktop","US","US","1","505","10","945","false","false","0.5683","0"
"V2TXN-003477","CUST-V2-0525","2025-11-08T04:15:34.9690000+05:30","7363","CARD","Desktop","SA","IN","1","1236","18","4369","false","true","1.6853","0"
"V2TXN-003478","CUST-V2-0777","2025-11-08T05:01:03.3440000+05:30","912","CARD","Mobile","IN","IN","1","311","3","1564","false","false","0.5831","0"
"V2TXN-003479","CUST-V2-0388","2025-11-08T05:14:01.9220000+05:30","10458","CARD","Mobile","IN","IN","0","327","5","4691","false","false","2.2294","0"
"V2TXN-003480","CUST-V2-0371","2025-11-08T05:47:02.9360000+05:30","1201","NETBANKING","Desktop","DE","DE","1","1253","33","1303","false","false","0.9217","0"
"V2TXN-003481","CUST-V2-0946","2025-11-08T08:50:01.1840000+05:30","7519","CARD","Desktop","CA","CA","0","516","8","5240","false","false","1.4349","0"
"V2TXN-003482","CUST-V2-0597","2025-11-08T10:52:02.1940000+05:30","1873","UPI","Tablet","IN","IN","0","775","12","1932","false","false","0.9695","0"
"V2TXN-003483","CUST-V2-0216","2025-11-08T11:44:30.3550000+05:30","4006","UPI","Mobile","IN","IN","0","70","2","3170","false","false","1.2637","0"
"V2TXN-003484","CUST-V2-0844","2025-11-08T11:53:08.8890000+05:30","403","BANK_TRANSFER","Mobile","IN","IN","0","1388","19","809","false","false","0.4981","0"
"V2TXN-003485","CUST-V2-0091","2025-11-08T16:15:54.1600000+05:30","8364","CARD","Mobile","IN","IN","0","861","12","6426","false","false","1.3016","0"
"V2TXN-003486","CUST-V2-0368","2025-11-08T19:38:17.7330000+05:30","1277","BANK_TRANSFER","Mobile","IN","IN","0","1254","19","1072","false","false","1.1912","0"
"V2TXN-003487","CUST-V2-0561","2025-11-08T20:27:06.3050000+05:30","3864","BANK_TRANSFER","Mobile","IN","IN","0","323","2","2431","false","false","1.5895","0"
"V2TXN-003488","CUST-V2-0460","2025-11-08T21:19:00.9590000+05:30","679","CARD","Mobile","SA","SA","0","1292","19","1299","false","false","0.5227","0"
"V2TXN-003489","CUST-V2-0861","2025-11-09T00:38:19.6960000+05:30","2522","CARD","Mobile","IN","IN","1","908","24","2164","false","false","1.1654","0"
"V2TXN-003490","CUST-V2-0261","2025-11-09T01:17:11.7830000+05:30","3737","UPI","Mobile","IN","IN","1","1403","39","3988","false","false","0.9371","0"
"V2TXN-003491","CUST-V2-0231","2025-11-09T01:27:28.2230000+05:30","4052","UPI","Mobile","IN","IN","0","1201","20","5370","false","false","0.7546","0"
"V2TXN-003492","CUST-V2-0425","2025-11-09T02:08:31.4640000+05:30","5787","WALLET","Mobile","AE","AE","0","1060","22","4137","false","false","1.3988","0"
"V2TXN-003493","CUST-V2-0669","2025-11-09T02:46:52.9450000+05:30","629","CARD","Mobile","IN","IN","0","670","20","824","false","false","0.7633","0"
"V2TXN-003494","CUST-V2-0106","2025-11-09T03:20:08.5880000+05:30","1186","UPI","Mobile","SG","SG","0","283","6","1975","false","false","0.6005","0"
"V2TXN-003495","CUST-V2-0540","2025-11-09T04:54:31.8830000+05:30","430","NETBANKING","Desktop","IN","IN","0","1091","18","710","false","false","0.6056","0"
"V2TXN-003496","CUST-V2-0541","2025-11-09T05:08:26.8910000+05:30","7615","CARD","Desktop","US","IN","4","292","5","4807","false","true","1.5841","0"
"V2TXN-003497","CUST-V2-0564","2025-11-09T06:23:01.9590000+05:30","2556","UPI","Mobile","IN","IN","0","719","14","1887","false","false","1.3545","0"
"V2TXN-003498","CUST-V2-0838","2025-11-09T06:23:19.3510000+05:30","1478","CARD","Desktop","IN","IN","0","1141","13","1733","false","false","0.8529","0"
"V2TXN-003499","CUST-V2-0321","2025-11-09T06:49:37.8690000+05:30","3228","WALLET","Mobile","IN","IN","0","1200","15","2165","false","false","1.4910","0"
"V2TXN-003500","CUST-V2-0632","2025-11-09T07:39:07.0960000+05:30","1985","CARD","Mobile","IN","IN","0","889","10","1355","false","false","1.4649","0"
"V2TXN-003501","CUST-V2-0137","2025-11-09T09:04:15.2420000+05:30","4123","CARD","Desktop","IN","IN","0","919","23","3093","false","false","1.3330","0"
"V2TXN-003502","CUST-V2-0456","2025-11-09T09:32:45.1750000+05:30","829","CARD","Tablet","AU","AU","0","823","9","1152","false","false","0.7196","0"
"V2TXN-003503","CUST-V2-0222","2025-11-09T09:50:07.9860000+05:30","1207","CARD","Mobile","SA","SA","2","954","15","383","false","false","3.1514","1"
"V2TXN-003504","CUST-V2-0426","2025-11-09T10:33:40.3730000+05:30","7480","CARD","Desktop","IN","IN","0","339","7","2899","false","false","2.5802","1"
"V2TXN-003505","CUST-V2-0488","2025-11-09T15:32:43.3660000+05:30","895","UPI","Desktop","IN","IN","0","101","3","804","false","false","1.1132","0"
"V2TXN-003506","CUST-V2-0172","2025-11-09T15:42:11.0740000+05:30","2429","UPI","Desktop","CA","CA","0","279","6","1629","false","false","1.4911","0"
"V2TXN-003507","CUST-V2-0092","2025-11-09T17:19:57.0950000+05:30","3593","UPI","Mobile","IN","IN","0","370","7","3942","false","false","0.9115","0"
"V2TXN-003508","CUST-V2-0605","2025-11-09T17:52:31.8510000+05:30","2551","CARD","Mobile","IN","IN","0","620","18","2090","false","false","1.2206","0"
"V2TXN-003509","CUST-V2-0411","2025-11-09T18:39:13.4660000+05:30","1190","UPI","Desktop","SG","SG","0","648","7","858","false","false","1.3869","0"
"V2TXN-003510","CUST-V2-0149","2025-11-09T18:48:06.5190000+05:30","9358","CARD","Desktop","IN","IN","0","299","4","16128","false","false","0.5802","0"
"V2TXN-003511","CUST-V2-0640","2025-11-09T19:52:25.2760000+05:30","1217","CARD","Desktop","IN","IN","2","1144","34","3635","false","false","0.3348","1"
"V2TXN-003512","CUST-V2-0718","2025-11-09T20:47:14.4370000+05:30","1307","CARD","Mobile","GB","GB","0","291","8","1372","false","false","0.9526","0"
"V2TXN-003513","CUST-V2-0220","2025-11-09T21:36:59.2690000+05:30","1412","CARD","Mobile","IN","IN","0","1089","14","1492","false","false","0.9464","0"
"V2TXN-003514","CUST-V2-0099","2025-11-09T22:10:08.4010000+05:30","2656","CARD","Mobile","SG","SG","0","886","29","2467","false","false","1.0766","0"
"V2TXN-003515","CUST-V2-0274","2025-11-09T22:10:33.1130000+05:30","1083","CARD","Mobile","US","US","5","1280","30","2181","false","false","0.4966","1"
"V2TXN-003516","CUST-V2-0490","2025-11-09T22:14:57.3450000+05:30","4358","WALLET","Mobile","IN","IN","0","356","6","3822","false","false","1.1402","0"
"V2TXN-003517","CUST-V2-0638","2025-11-09T23:49:25.1210000+05:30","901","UPI","Mobile","IN","IN","0","479","10","1245","false","false","0.7237","0"
"V2TXN-003518","CUST-V2-0212","2025-11-10T01:19:41.4240000+05:30","1192","CARD","Desktop","IN","IN","0","1004","22","1211","false","false","0.9843","0"
"V2TXN-003519","CUST-V2-0354","2025-11-10T02:15:29.4130000+05:30","1409","UPI","Desktop","US","US","0","219","2","1052","false","false","1.3394","0"
"V2TXN-003520","CUST-V2-0456","2025-11-10T02:47:39.3850000+05:30","1490","NETBANKING","Tablet","AU","AU","0","824","10","1119","false","false","1.3315","0"
"V2TXN-003521","CUST-V2-0970","2025-11-10T03:36:45.3710000+05:30","1754","CARD","Mobile","CA","US","1","822","21","1637","false","true","1.0715","1"
"V2TXN-003522","CUST-V2-0576","2025-11-10T04:06:49.7900000+05:30","1490","NETBANKING","Mobile","IN","IN","0","1308","27","1403","false","false","1.0620","0"
"V2TXN-003523","CUST-V2-0704","2025-11-10T04:34:36.3880000+05:30","608","UPI","Desktop","IN","IN","1","826","23","566","false","false","1.0742","0"
"V2TXN-003524","CUST-V2-0832","2025-11-10T06:22:16.8810000+05:30","932","WALLET","Mobile","IN","IN","0","1124","14","852","false","false","1.0939","0"
"V2TXN-003525","CUST-V2-0136","2025-11-10T10:26:41.4490000+05:30","1439","UPI","Mobile","GB","GB","0","1141","16","2558","false","false","0.5625","0"
"V2TXN-003526","CUST-V2-0118","2025-11-10T11:16:56.3820000+05:30","1149","CARD","Mobile","SG","SG","0","303","5","1521","false","false","0.7554","0"
"V2TXN-003527","CUST-V2-0101","2025-11-10T12:59:41.6390000+05:30","715","CARD","Mobile","IN","IN","1","549","14","937","false","false","0.7631","0"
"V2TXN-003528","CUST-V2-0432","2025-11-10T14:21:00.7090000+05:30","1151","CARD","Mobile","IN","IN","0","306","6","1132","false","false","1.0168","0"
"V2TXN-003529","CUST-V2-0819","2025-11-10T15:09:03.5160000+05:30","1658","CARD","Mobile","IN","IN","0","243","4","1351","false","false","1.2272","0"
"V2TXN-003530","CUST-V2-0586","2025-11-10T15:54:20.4370000+05:30","1388","NETBANKING","Mobile","IN","IN","0","403","7","1071","false","false","1.2960","0"
"V2TXN-003531","CUST-V2-0622","2025-11-10T15:59:21.5600000+05:30","626","NETBANKING","Mobile","US","US","0","294","7","1101","false","false","0.5686","0"
"V2TXN-003532","CUST-V2-0346","2025-11-10T16:05:23.1910000+05:30","1927","UPI","Mobile","IN","IN","2","1236","28","2458","false","false","0.7840","0"
"V2TXN-003533","CUST-V2-0032","2025-11-10T16:05:59.0860000+05:30","1837","CARD","Mobile","IN","IN","0","1280","33","1466","false","false","1.2531","0"
"V2TXN-003534","CUST-V2-0187","2025-11-10T16:41:55.9060000+05:30","671","UPI","Desktop","GB","GB","0","1411","32","1348","false","false","0.4978","0"
"V2TXN-003535","CUST-V2-0188","2025-11-10T17:08:36.2590000+05:30","1059","UPI","Mobile","SA","SA","0","1176","31","1192","false","false","0.8884","0"
"V2TXN-003536","CUST-V2-0905","2025-11-10T20:38:15.8260000+05:30","366","WALLET","Desktop","IN","IN","3","1304","33","525","false","false","0.6971","1"
"V2TXN-003537","CUST-V2-0618","2025-11-10T20:59:11.5010000+05:30","6373","UPI","Mobile","IN","IN","0","1389","32","6552","false","false","0.9727","0"
"V2TXN-003538","CUST-V2-0417","2025-11-10T21:03:59.7580000+05:30","1698","UPI","Mobile","IN","IN","0","1082","25","1689","false","false","1.0053","0"
"V2TXN-003539","CUST-V2-0825","2025-11-10T21:57:32.3430000+05:30","2171","UPI","Desktop","IN","IN","0","1404","18","1487","false","false","1.4600","0"
"V2TXN-003540","CUST-V2-0953","2025-11-10T21:58:47.8820000+05:30","1350","CARD","Mobile","IN","IN","1","170","5","1155","false","false","1.1688","0"
"V2TXN-003541","CUST-V2-0531","2025-11-11T01:49:49.6720000+05:30","256","CARD","Mobile","DE","DE","0","1315","24","337","false","false","0.7596","0"
"V2TXN-003542","CUST-V2-0665","2025-11-11T02:00:12.9090000+05:30","2172","NETBANKING","Mobile","IN","IN","0","361","11","4297","false","false","0.5055","0"
"V2TXN-003543","CUST-V2-0824","2025-11-11T02:08:16.6680000+05:30","733","CARD","Mobile","IN","IN","0","1405","22","1824","false","false","0.4019","0"
"V2TXN-003544","CUST-V2-0224","2025-11-11T02:27:12.7720000+05:30","1278","CARD","Mobile","IN","IN","0","1368","31","1227","false","false","1.0416","0"
"V2TXN-003545","CUST-V2-0650","2025-11-11T02:55:15.7210000+05:30","908","CARD","Mobile","IN","IN","0","329","5","1837","false","false","0.4943","0"
"V2TXN-003546","CUST-V2-0863","2025-11-11T05:14:25.6150000+05:30","185","UPI","Desktop","IN","IN","0","1171","25","355","false","false","0.5211","0"
"V2TXN-003547","CUST-V2-0488","2025-11-11T05:44:09.4520000+05:30","1131","UPI","Mobile","IN","IN","0","102","4","827","false","false","1.3676","0"
"V2TXN-003548","CUST-V2-0990","2025-11-11T05:47:28.9400000+05:30","11340","UPI","Mobile","DE","DE","2","411","7","3490","false","false","3.2493","0"
"V2TXN-003549","CUST-V2-0493","2025-11-11T07:02:55.4490000+05:30","1297","CARD","Desktop","IN","IN","0","337","6","1737","false","false","0.7467","0"
"V2TXN-003550","CUST-V2-0056","2025-11-11T08:09:37.0350000+05:30","1933","UPI","Mobile","IN","IN","0","1618","21","1755","false","false","1.1014","0"
"V2TXN-003551","CUST-V2-0651","2025-11-11T08:43:50.2800000+05:30","1864","UPI","Desktop","IN","IN","0","870","13","2586","false","false","0.7208","0"
"V2TXN-003552","CUST-V2-0208","2025-11-11T10:21:35.3300000+05:30","1318","BANK_TRANSFER","Mobile","IN","IN","1","1237","26","1871","false","false","0.7044","0"
"V2TXN-003553","CUST-V2-0381","2025-11-11T10:29:02.9990000+05:30","3293","CARD","Desktop","SG","SG","0","1148","16","3365","false","false","0.9786","0"
"V2TXN-003554","CUST-V2-0460","2025-11-11T10:53:11.4730000+05:30","1979","CARD","Mobile","SA","SA","0","1295","20","1268","false","false","1.5607","0"
"V2TXN-003555","CUST-V2-0288","2025-11-11T11:03:02.1010000+05:30","5308","CARD","Mobile","IN","IN","0","699","19","5364","false","false","0.9896","0"
"V2TXN-003556","CUST-V2-0154","2025-11-11T12:36:24.1180000+05:30","2679","CARD","Mobile","CA","CA","0","464","9","3706","false","false","0.7229","0"
"V2TXN-003557","CUST-V2-0113","2025-11-11T13:15:37.5260000+05:30","3043","BANK_TRANSFER","Desktop","CA","IN","2","786","9","1605","false","true","1.8960","1"
"V2TXN-003558","CUST-V2-0790","2025-11-11T13:58:18.9650000+05:30","1344","UPI","Mobile","AE","AE","0","1388","37","1462","false","false","0.9193","0"
"V2TXN-003559","CUST-V2-0982","2025-11-11T14:04:25.0800000+05:30","3392","CARD","Desktop","GB","GB","0","1180","27","2164","false","false","1.5675","0"
"V2TXN-003560","CUST-V2-0917","2025-11-11T15:23:37.3810000+05:30","3244","CARD","Desktop","IN","IN","0","284","5","5938","false","false","0.5463","0"
"V2TXN-003561","CUST-V2-0021","2025-11-11T18:32:13.1880000+05:30","666","NETBANKING","Mobile","IN","IN","0","1336","25","900","false","false","0.74","0"
"V2TXN-003562","CUST-V2-0712","2025-11-11T19:54:38.0530000+05:30","1343","CARD","Mobile","CA","CA","0","1140","22","1454","false","false","0.9237","0"
"V2TXN-003563","CUST-V2-0560","2025-11-11T20:28:24.3050000+05:30","1200","CARD","Mobile","AE","AE","0","755","17","1077","false","false","1.1142","0"
"V2TXN-003564","CUST-V2-0448","2025-11-11T22:21:33.7700000+05:30","2406","NETBANKING","Desktop","IN","IN","0","276","6","1711","false","false","1.4062","0"
"V2TXN-003565","CUST-V2-0991","2025-11-11T23:18:25.4440000+05:30","1412","CARD","Mobile","IN","IN","0","483","15","1415","false","false","0.9979","0"
"V2TXN-003566","CUST-V2-0094","2025-11-11T23:28:47.7680000+05:30","726","BANK_TRANSFER","Mobile","US","US","1","341","5","966","false","false","0.7516","0"
"V2TXN-003567","CUST-V2-0749","2025-11-12T00:17:01.4850000+05:30","1627","WALLET","Mobile","AU","IN","0","970","13","1361","false","true","1.1954","1"
"V2TXN-003568","CUST-V2-0684","2025-11-12T00:51:35.4940000+05:30","7316","CARD","Mobile","US","IN","2","512","6","3746","false","true","1.9530","1"
"V2TXN-003569","CUST-V2-0609","2025-11-12T02:03:32.2120000+05:30","3361","WALLET","Mobile","IN","IN","0","922","29","2325","false","false","1.4456","0"
"V2TXN-003570","CUST-V2-0039","2025-11-12T03:20:13.9420000+05:30","1170","UPI","Tablet","IN","IN","0","403","10","2055","false","false","0.5693","0"
"V2TXN-003571","CUST-V2-0859","2025-11-12T03:52:28.3010000+05:30","2903","NETBANKING","Desktop","CA","CA","0","1546","19","1857","false","false","1.5633","0"
"V2TXN-003572","CUST-V2-0227","2025-11-12T04:51:53.1360000+05:30","3208","WALLET","Desktop","IN","IN","0","854","24","2171","false","false","1.4777","1"
"V2TXN-003573","CUST-V2-0605","2025-11-12T05:21:44.3710000+05:30","1186","CARD","Mobile","IN","IN","0","622","19","2114","false","false","0.5610","0"
"V2TXN-003574","CUST-V2-0935","2025-11-12T06:04:09.8920000+05:30","1258","NETBANKING","Mobile","IN","IN","0","558","6","734","false","false","1.7139","0"
"V2TXN-003575","CUST-V2-0782","2025-11-12T07:30:52.0080000+05:30","2483","CARD","Mobile","SA","SA","0","843","12","2099","false","false","1.1829","0"
"V2TXN-003576","CUST-V2-0964","2025-11-12T08:32:30.9940000+05:30","2786","WALLET","Mobile","IN","IN","0","470","14","1450","false","false","1.9214","0"
"V2TXN-003577","CUST-V2-0937","2025-11-12T09:41:19.9670000+05:30","1215","NETBANKING","Mobile","AE","AE","0","1150","21","1406","false","false","0.8642","0"
"V2TXN-003578","CUST-V2-0075","2025-11-12T09:56:16.6210000+05:30","4550","UPI","Tablet","US","US","0","1244","22","3260","false","false","1.3957","0"
"V2TXN-003579","CUST-V2-0988","2025-11-12T09:58:56.2150000+05:30","696","UPI","Mobile","GB","GB","0","744","11","1026","false","false","0.6784","0"
"V2TXN-003580","CUST-V2-0488","2025-11-12T10:11:42.8660000+05:30","1372","UPI","Desktop","IN","IN","1","103","5","888","false","false","1.5450","0"
"V2TXN-003581","CUST-V2-0044","2025-11-12T12:12:36.2290000+05:30","3341","CARD","Desktop","AE","AE","0","1043","16","5180","false","false","0.6450","0"
"V2TXN-003582","CUST-V2-0530","2025-11-12T12:52:03.1940000+05:30","3354","WALLET","Mobile","IN","IN","0","796","22","2424","false","false","1.3837","0"
"V2TXN-003583","CUST-V2-0125","2025-11-12T15:23:10.2650000+05:30","3382","CARD","Desktop","IN","US","2","591","16","1528","false","true","2.2134","1"
"V2TXN-003584","CUST-V2-0622","2025-11-12T15:37:23.0170000+05:30","585","CARD","Mobile","US","US","0","296","8","1042","false","false","0.5614","0"
"V2TXN-003585","CUST-V2-0789","2025-11-12T17:06:22.5100000+05:30","3848","UPI","Desktop","IN","IN","0","1531","26","4297","false","false","0.8955","0"
"V2TXN-003586","CUST-V2-0321","2025-11-12T17:19:53.1110000+05:30","2229","UPI","Mobile","IN","IN","0","1203","16","2231","false","false","0.9991","0"
"V2TXN-003587","CUST-V2-0187","2025-11-12T17:55:14.6430000+05:30","1098","UPI","Desktop","GB","GB","1","1413","33","1327","false","false","0.8274","0"
"V2TXN-003588","CUST-V2-0070","2025-11-12T17:56:14.3790000+05:30","3217","UPI","Mobile","GB","GB","0","1020","21","3181","false","false","1.0113","0"
"V2TXN-003589","CUST-V2-0230","2025-11-12T18:43:46.8750000+05:30","3016","WALLET","Mobile","SA","SA","0","1368","28","3242","false","false","0.9303","0"
"V2TXN-003590","CUST-V2-0240","2025-11-12T23:08:43.9580000+05:30","1148","CARD","Desktop","IN","IN","0","802","19","1043","false","false","1.1007","0"
"V2TXN-003591","CUST-V2-0695","2025-11-12T23:34:46.7560000+05:30","1639","UPI","Mobile","IN","IN","0","305","2","1082","false","false","1.5148","0"
"V2TXN-003592","CUST-V2-0324","2025-11-12T23:50:33.9620000+05:30","2352","UPI","Desktop","IN","IN","1","465","7","2139","false","false","1.0996","0"
"V2TXN-003593","CUST-V2-0275","2025-11-13T00:19:06.5130000+05:30","2296","UPI","Mobile","IN","IN","0","963","29","2149","false","false","1.0684","0"
"V2TXN-003594","CUST-V2-0044","2025-11-13T00:33:16.8540000+05:30","7758","CARD","Desktop","AE","AE","0","1044","17","5072","false","false","1.5296","0"
"V2TXN-003595","CUST-V2-0576","2025-11-13T05:13:47.3770000+05:30","1636","CARD","Mobile","IN","IN","0","1311","28","1406","false","false","1.1636","0"
"V2TXN-003596","CUST-V2-0538","2025-11-13T06:16:11.3750000+05:30","5410","WALLET","Mobile","IN","IN","0","1041","26","4163","false","false","1.2995","0"
"V2TXN-003597","CUST-V2-0249","2025-11-13T06:29:49.2940000+05:30","2848","UPI","Desktop","IN","IN","4","1465","41","2357","false","false","1.2083","0"
"V2TXN-003598","CUST-V2-0934","2025-11-13T07:26:32.4000000+05:30","1121","WALLET","Mobile","IN","IN","0","762","9","1859","false","false","0.6030","0"
"V2TXN-003599","CUST-V2-0650","2025-11-13T07:52:26.8050000+05:30","1456","CARD","Mobile","IN","IN","0","331","6","1683","false","false","0.8651","0"
"V2TXN-003600","CUST-V2-0617","2025-11-13T07:53:46.1800000+05:30","1966","UPI","Mobile","IN","IN","0","1696","37","1171","false","false","1.6789","0"
"V2TXN-003601","CUST-V2-0955","2025-11-13T07:57:06.3520000+05:30","6500","WALLET","Mobile","SG","SG","1","1393","24","8168","false","false","0.7958","0"
"V2TXN-003602","CUST-V2-0748","2025-11-13T08:34:47.7890000+05:30","769","NETBANKING","Mobile","SG","SG","0","1078","27","1024","false","false","0.7510","0"
"V2TXN-003603","CUST-V2-0899","2025-11-13T09:50:57.3910000+05:30","562","UPI","Mobile","AU","AU","0","274","4","647","false","false","0.8686","0"
"V2TXN-003604","CUST-V2-0162","2025-11-13T11:26:06.4790000+05:30","894","UPI","Mobile","CA","CA","0","328","5","755","false","false","1.1841","0"
"V2TXN-003605","CUST-V2-0211","2025-11-13T11:45:16.2720000+05:30","3309","UPI","Mobile","IN","IN","3","297","3","2268","false","false","1.4590","0"
"V2TXN-003606","CUST-V2-0702","2025-11-13T13:15:18.9120000+05:30","1963","UPI","Mobile","US","US","0","545","12","1400","false","false","1.4021","0"
"V2TXN-003607","CUST-V2-0245","2025-11-13T14:46:31.6740000+05:30","1251","CARD","Desktop","IN","IN","0","802","11","1622","false","false","0.7713","0"
"V2TXN-003608","CUST-V2-0023","2025-11-13T14:51:14.0200000+05:30","1336","CARD","Mobile","IN","IN","0","1419","30","1288","false","false","1.0373","0"
"V2TXN-003609","CUST-V2-0442","2025-11-13T14:56:16.7500000+05:30","2269","CARD","Mobile","IN","IN","0","502","12","2506","false","false","0.9054","0"
"V2TXN-003610","CUST-V2-0231","2025-11-13T18:05:54.9850000+05:30","4210","UPI","Mobile","IN","IN","0","1205","21","5307","false","false","0.7933","1"
"V2TXN-003611","CUST-V2-0858","2025-11-13T19:55:58.2590000+05:30","1975","CARD","Desktop","CA","CA","1","375","10","1930","false","false","1.0233","0"
"V2TXN-003612","CUST-V2-0609","2025-11-13T20:57:39.0070000+05:30","2558","WALLET","Mobile","IN","IN","1","924","30","2359","false","false","1.0844","0"
"V2TXN-003613","CUST-V2-0681","2025-11-13T21:35:17.5200000+05:30","4056","WALLET","Desktop","IN","IN","0","1503","26","2229","false","false","1.8197","0"
"V2TXN-003614","CUST-V2-0509","2025-11-13T22:53:39.8790000+05:30","1304","NETBANKING","Mobile","IN","IN","0","807","19","862","false","false","1.5128","0"
"V2TXN-003615","CUST-V2-0327","2025-11-14T01:13:37.5170000+05:30","285","UPI","Mobile","IN","IN","0","595","16","541","false","false","0.5268","0"
"V2TXN-003616","CUST-V2-0140","2025-11-14T01:54:16.9000000+05:30","1302","CARD","Desktop","IN","IN","2","646","16","2223","false","false","0.5857","1"
"V2TXN-003617","CUST-V2-0762","2025-11-14T02:39:02.3840000+05:30","421","CARD","Desktop","AU","AU","2","346","7","379","false","false","1.1108","1"
"V2TXN-003618","CUST-V2-0701","2025-11-14T02:43:49.5650000+05:30","8798","CARD","Desktop","GB","GB","1","310","4","10197","false","false","0.8628","0"
"V2TXN-003619","CUST-V2-0451","2025-11-14T05:50:46.9750000+05:30","1397","CARD","Mobile","IN","IN","0","1264","14","2136","false","false","0.6540","0"
"V2TXN-003620","CUST-V2-0325","2025-11-14T05:56:19.8380000+05:30","718","CARD","Tablet","US","US","0","298","7","879","false","false","0.8168","0"
"V2TXN-003621","CUST-V2-0686","2025-11-14T06:58:38.2700000+05:30","2459","NETBANKING","Mobile","GB","GB","1","814","15","2651","false","false","0.9276","0"
"V2TXN-003622","CUST-V2-0531","2025-11-14T07:19:23.6630000+05:30","1209","CARD","Mobile","DE","DE","4","1318","25","334","false","false","3.6198","1"
"V2TXN-003623","CUST-V2-0845","2025-11-14T09:34:28.1130000+05:30","791","UPI","Mobile","IN","IN","0","1082","24","1129","false","false","0.7006","0"
"V2TXN-003624","CUST-V2-0395","2025-11-14T09:51:07.3090000+05:30","285","CARD","Mobile","IN","IN","0","1210","15","255","false","false","1.1176","0"
"V2TXN-003625","CUST-V2-0905","2025-11-14T09:57:13.5640000+05:30","377","WALLET","Desktop","IN","IN","0","1307","34","520","false","false","0.725","0"
"V2TXN-003626","CUST-V2-0908","2025-11-14T10:36:58.1570000+05:30","5179","CARD","Mobile","IN","IN","0","1058","18","4154","false","false","1.2468","0"
"V2TXN-003627","CUST-V2-0675","2025-11-14T10:40:26.2760000+05:30","1130","BANK_TRANSFER","Mobile","GB","GB","0","1644","37","1949","false","false","0.5798","0"
"V2TXN-003628","CUST-V2-0955","2025-11-14T10:45:48.2610000+05:30","7782","WALLET","Mobile","SG","SG","1","1394","25","8101","false","false","0.9606","0"
"V2TXN-003629","CUST-V2-0181","2025-11-14T14:32:43.9670000+05:30","2014","CARD","Desktop","IN","IN","0","1012","24","2997","false","false","0.6720","0"
"V2TXN-003630","CUST-V2-0664","2025-11-14T14:41:30.6790000+05:30","650","CARD","Desktop","IN","IN","0","1340","25","1249","false","false","0.5204","0"
"V2TXN-003631","CUST-V2-0563","2025-11-14T15:16:44.7680000+05:30","1291","UPI","Mobile","US","US","0","643","11","903","false","false","1.4297","0"
"V2TXN-003632","CUST-V2-0583","2025-11-14T15:25:25.6410000+05:30","1154","UPI","Mobile","IN","IN","0","1154","21","912","false","false","1.2654","0"
"V2TXN-003633","CUST-V2-0413","2025-11-14T15:46:29.6590000+05:30","2321","WALLET","Desktop","IN","IN","0","757","13","2209","false","false","1.0507","0"
"V2TXN-003634","CUST-V2-0072","2025-11-14T16:18:17.8750000+05:30","3566","CARD","Desktop","GB","GB","1","1514","43","3717","false","false","0.9594","1"
"V2TXN-003635","CUST-V2-0622","2025-11-14T16:23:38.6380000+05:30","696","CARD","Mobile","US","US","0","298","9","991","false","false","0.7023","0"
"V2TXN-003636","CUST-V2-0791","2025-11-14T16:48:48.3430000+05:30","3259","UPI","Mobile","IN","IN","0","580","17","2324","false","false","1.4023","0"
"V2TXN-003637","CUST-V2-0453","2025-11-14T17:31:33.5640000+05:30","3704","UPI","Mobile","IN","IN","0","767","23","5586","false","false","0.6631","0"
"V2TXN-003638","CUST-V2-0395","2025-11-14T17:39:08.7470000+05:30","453","WALLET","Desktop","IN","IN","0","1210","16","257","false","false","1.7626","1"
"V2TXN-003639","CUST-V2-0769","2025-11-14T18:57:01.1600000+05:30","3146","UPI","Desktop","IN","IN","0","373","6","2983","false","false","1.0546","0"
"V2TXN-003640","CUST-V2-0255","2025-11-14T19:10:38.9450000+05:30","3019","CARD","Desktop","IN","IN","4","1444","35","1854","false","false","1.6284","0"
"V2TXN-003641","CUST-V2-0183","2025-11-14T19:19:36.6150000+05:30","2154","BANK_TRANSFER","Mobile","IN","IN","0","836","11","2802","false","false","0.7687","0"
"V2TXN-003642","CUST-V2-0656","2025-11-14T19:31:46.6110000+05:30","2075","CARD","Tablet","IN","IN","0","1333","31","1884","false","false","1.1014","0"
"V2TXN-003643","CUST-V2-0397","2025-11-14T19:49:55.2230000+05:30","1542","UPI","Mobile","IN","IN","0","815","17","1928","false","false","0.7998","0"
"V2TXN-003644","CUST-V2-0401","2025-11-14T20:21:17.7970000+05:30","1386","UPI","Mobile","IN","IN","0","727","15","1606","false","false","0.8630","0"
"V2TXN-003645","CUST-V2-0858","2025-11-14T20:46:12.2100000+05:30","1496","CARD","Desktop","IN","CA","2","376","11","1934","false","true","0.7735","1"
"V2TXN-003646","CUST-V2-0560","2025-11-14T21:42:21.8400000+05:30","1170","CARD","Mobile","AE","AE","0","758","18","1084","false","false","1.0793","0"
"V2TXN-003647","CUST-V2-0758","2025-11-14T22:06:25.1480000+05:30","1328","CARD","Tablet","IN","IN","1","1245","18","2009","false","false","0.6610","0"
"V2TXN-003648","CUST-V2-0531","2025-11-14T23:23:55.7280000+05:30","397","CARD","Mobile","DE","DE","0","1319","26","368","false","false","1.0788","0"
"V2TXN-003649","CUST-V2-0484","2025-11-15T00:22:42.6240000+05:30","3299","UPI","Desktop","IN","IN","1","856","13","3562","false","false","0.9262","0"
"V2TXN-003650","CUST-V2-0845","2025-11-15T00:38:02.9120000+05:30","1164","UPI","Mobile","IN","IN","0","1083","25","1116","false","false","1.0430","0"
"V2TXN-003651","CUST-V2-0707","2025-11-15T04:11:51.6900000+05:30","2720","NETBANKING","Desktop","GB","GB","0","430","14","2430","false","false","1.1193","0"
"V2TXN-003652","CUST-V2-0633","2025-11-15T04:45:19.6900000+05:30","2546","NETBANKING","Tablet","IN","IN","0","1067","13","3203","false","false","0.7949","0"
"V2TXN-003653","CUST-V2-0737","2025-11-15T05:40:03.3080000+05:30","2158","UPI","Mobile","IN","IN","0","1308","36","2190","false","false","0.9854","0"
"V2TXN-003654","CUST-V2-0230","2025-11-15T05:47:32.6350000+05:30","3381","WALLET","Mobile","SA","SA","0","1371","29","3234","false","false","1.0455","0"
"V2TXN-003655","CUST-V2-0492","2025-11-15T05:58:28.1190000+05:30","1905","UPI","Mobile","IN","IN","0","800","20","2141","false","false","0.8898","0"
"V2TXN-003656","CUST-V2-0487","2025-11-15T06:39:55.0600000+05:30","4300","CARD","Desktop","GB","IN","1","1133","26","2388","false","true","1.8007","1"
"V2TXN-003657","CUST-V2-0081","2025-11-15T07:02:53.8540000+05:30","5087","UPI","Mobile","US","US","0","1500","28","2408","false","false","2.1125","0"
"V2TXN-003658","CUST-V2-0169","2025-11-15T07:58:18.0570000+05:30","158","CARD","Mobile","IN","IN","0","1074","25","299","false","false","0.5284","0"
"V2TXN-003659","CUST-V2-0377","2025-11-15T08:50:11.3970000+05:30","5093","CARD","Desktop","IN","AE","1","208","5","5482","false","true","0.9290","0"
"V2TXN-003660","CUST-V2-0443","2025-11-15T10:07:59.6050000+05:30","1112","UPI","Mobile","IN","IN","1","1302","34","1878","false","false","0.5921","0"
"V2TXN-003661","CUST-V2-0908","2025-11-15T10:25:12.9060000+05:30","4479","CARD","Mobile","IN","IN","1","1059","19","4207","false","false","1.0647","0"
"V2TXN-003662","CUST-V2-0017","2025-11-15T10:47:46.8660000+05:30","904","UPI","Mobile","IN","IN","0","169","8","1080","false","false","0.8370","0"
"V2TXN-003663","CUST-V2-0711","2025-11-15T11:53:16.2410000+05:30","498","NETBANKING","Mobile","AU","AU","0","518","7","661","false","false","0.7534","0"
"V2TXN-003664","CUST-V2-0021","2025-11-15T12:11:05.3290000+05:30","1108","NETBANKING","Tablet","IN","IN","0","1340","26","891","false","false","1.2435","0"
"V2TXN-003665","CUST-V2-0098","2025-11-15T13:06:59.6400000+05:30","162","CARD","Mobile","IN","IN","3","344","11","780","false","false","0.2077","1"
"V2TXN-003666","CUST-V2-0569","2025-11-15T15:53:18.0260000+05:30","793","NETBANKING","Mobile","IN","IN","0","127","3","419","false","false","1.8926","1"
"V2TXN-003667","CUST-V2-0268","2025-11-15T18:03:57.8330000+05:30","1750","CARD","Desktop","AU","AU","0","292","3","717","false","false","2.4407","0"
"V2TXN-003668","CUST-V2-0435","2025-11-15T19:14:05.6420000+05:30","1558","NETBANKING","Mobile","IN","IN","1","562","17","1693","false","false","0.9203","0"
"V2TXN-003669","CUST-V2-0188","2025-11-15T22:56:25.1200000+05:30","1618","NETBANKING","Mobile","SA","SA","0","1181","32","1188","false","false","1.3620","0"
"V2TXN-003670","CUST-V2-0458","2025-11-15T23:15:50.0600000+05:30","2198","UPI","Desktop","IN","IN","0","731","18","2044","false","false","1.0753","0"
"V2TXN-003671","CUST-V2-0420","2025-11-15T23:49:15.7040000+05:30","8476","WALLET","Mobile","IN","AE","0","220","6","4032","false","true","2.1022","1"
"V2TXN-003672","CUST-V2-0301","2025-11-16T00:47:26.4110000+05:30","5028","CARD","Desktop","US","US","0","1196","31","3538","false","false","1.4211","0"
"V2TXN-003673","CUST-V2-0895","2025-11-16T02:10:19.0850000+05:30","3641","UPI","Mobile","IN","IN","0","1119","29","2816","false","false","1.2930","0"
"V2TXN-003674","CUST-V2-0620","2025-11-16T02:54:18.3000000+05:30","3533","CARD","Mobile","IN","IN","0","163","4","1682","false","false","2.1005","0"
"V2TXN-003675","CUST-V2-0383","2025-11-16T04:52:51.7740000+05:30","624","UPI","Mobile","IN","IN","1","138","5","1082","false","false","0.5767","0"
"V2TXN-003676","CUST-V2-0560","2025-11-16T05:35:54.8170000+05:30","512","CARD","Mobile","AE","AE","3","759","19","1088","false","false","0.4706","1"
"V2TXN-003677","CUST-V2-0168","2025-11-16T06:15:18.5130000+05:30","710","UPI","Desktop","US","US","0","1572","40","1557","false","false","0.4560","0"
"V2TXN-003678","CUST-V2-0307","2025-11-16T09:20:32.0230000+05:30","789","CARD","Mobile","IN","IN","0","1245","21","742","false","false","1.0633","0"
"V2TXN-003679","CUST-V2-0331","2025-11-16T11:03:27.9110000+05:30","1064","CARD","Mobile","IN","IN","1","1192","31","1099","false","false","0.9682","0"
"V2TXN-003680","CUST-V2-0768","2025-11-16T11:40:42.4080000+05:30","3023","NETBANKING","Mobile","IN","IN","1","970","16","1206","false","false","2.5066","0"
"V2TXN-003681","CUST-V2-0712","2025-11-16T12:24:57.9210000+05:30","1176","CARD","Mobile","CA","CA","0","1145","23","1449","false","false","0.8116","0"
"V2TXN-003682","CUST-V2-0710","2025-11-16T13:08:18.9630000+05:30","523","WALLET","Mobile","IN","IN","0","681","14","1344","false","false","0.3891","0"
"V2TXN-003683","CUST-V2-0441","2025-11-16T14:36:50.5670000+05:30","251","CARD","Mobile","IN","IN","6","855","17","1052","false","false","0.2386","1"
"V2TXN-003684","CUST-V2-0291","2025-11-16T14:38:31.3760000+05:30","2409","NETBANKING","Mobile","IN","IN","0","727","21","2034","false","false","1.1844","0"
"V2TXN-003685","CUST-V2-0307","2025-11-16T14:50:13.8560000+05:30","783","CARD","Desktop","IN","IN","0","1246","22","744","false","false","1.0524","1"
"V2TXN-003686","CUST-V2-0084","2025-11-16T15:09:30.1150000+05:30","1173","CARD","Mobile","IN","IN","0","1238","35","1073","false","false","1.0932","0"
"V2TXN-003687","CUST-V2-0431","2025-11-16T15:17:31.3610000+05:30","1049","CARD","Tablet","GB","GB","5","1582","38","1808","false","false","0.5802","1"
"V2TXN-003688","CUST-V2-0277","2025-11-16T15:43:34.5290000+05:30","6912","NETBANKING","Mobile","CA","CA","0","236","7","5155","false","false","1.3408","1"
"V2TXN-003689","CUST-V2-0195","2025-11-16T16:04:10.3560000+05:30","4970","UPI","Mobile","IN","IN","0","1296","31","3709","false","false","1.3400","0"
"V2TXN-003690","CUST-V2-0203","2025-11-16T16:46:19.7240000+05:30","1489","CARD","Desktop","DE","DE","0","775","14","2001","false","false","0.7441","0"
"V2TXN-003691","CUST-V2-0591","2025-11-16T17:12:45.3600000+05:30","3169","CARD","Mobile","US","US","0","709","11","2914","false","false","1.0875","0"
"V2TXN-003692","CUST-V2-0436","2025-11-16T17:22:56.1190000+05:30","3467","CARD","Desktop","US","US","0","751","21","3614","false","false","0.9593","0"
"V2TXN-003693","CUST-V2-0238","2025-11-16T17:58:56.1620000+05:30","4025","CARD","Mobile","IN","IN","0","1173","25","3555","false","false","1.1322","0"
"V2TXN-003694","CUST-V2-0591","2025-11-16T19:36:09.4800000+05:30","3498","CARD","Mobile","US","US","0","710","12","2935","false","false","1.1918","0"
"V2TXN-003695","CUST-V2-0942","2025-11-16T21:52:19.9900000+05:30","1324","NETBANKING","Desktop","IN","IN","0","552","12","800","false","false","1.655","0"
"V2TXN-003696","CUST-V2-0416","2025-11-16T22:53:02.1470000+05:30","11415","CARD","Mobile","US","US","0","698","7","10110","false","false","1.1291","0"
"V2TXN-003697","CUST-V2-0201","2025-11-16T23:21:14.4190000+05:30","472","NETBANKING","Desktop","IN","IN","1","1058","30","352","false","false","1.3409","0"
"V2TXN-003698","CUST-V2-0938","2025-11-16T23:40:38.4060000+05:30","7052","UPI","Mobile","SG","SG","0","924","16","6229","false","false","1.1321","0"
"V2TXN-003699","CUST-V2-0218","2025-11-17T00:30:18.2810000+05:30","2015","UPI","Tablet","IN","IN","0","1649","47","1779","false","false","1.1327","0"
"V2TXN-003700","CUST-V2-0318","2025-11-17T01:19:51.1840000+05:30","3617","BANK_TRANSFER","Desktop","IN","IN","0","905","11","2640","false","false","1.3701","0"
"V2TXN-003701","CUST-V2-0420","2025-11-17T02:29:33.2090000+05:30","3954","CARD","Desktop","AE","AE","0","221","7","4666","false","false","0.8474","0"
"V2TXN-003702","CUST-V2-0323","2025-11-17T02:38:04.5100000+05:30","2448","CARD","Mobile","IN","IN","1","1441","30","2524","false","false","0.9699","0"
"V2TXN-003703","CUST-V2-0923","2025-11-17T03:13:32.4310000+05:30","2237","CARD","Desktop","IN","IN","0","1071","18","2235","false","false","1.0009","0"
"V2TXN-003704","CUST-V2-0803","2025-11-17T03:50:40.3560000+05:30","4943","UPI","Desktop","IN","IN","0","1246","16","3733","false","false","1.3241","0"
"V2TXN-003705","CUST-V2-0832","2025-11-17T04:07:10.8490000+05:30","1744","WALLET","Mobile","IN","IN","0","1131","15","858","false","false","2.0326","0"
"V2TXN-003706","CUST-V2-0910","2025-11-17T04:46:40.0890000+05:30","5006","CARD","Desktop","SA","SA","0","1655","32","2001","false","false","2.5017","0"
"V2TXN-003707","CUST-V2-0168","2025-11-17T05:46:10.5300000+05:30","1898","UPI","Desktop","US","US","0","1573","41","1537","false","false","1.2349","0"
"V2TXN-003708","CUST-V2-0863","2025-11-17T05:51:06.3020000+05:30","474","UPI","Desktop","IN","IN","0","1177","26","349","false","false","1.3582","0"
"V2TXN-003709","CUST-V2-0367","2025-11-17T05:52:16.1490000+05:30","468","CARD","Mobile","GB","GB","0","1458","42","1030","false","false","0.4544","0"
"V2TXN-003710","CUST-V2-0103","2025-11-17T05:52:20.2550000+05:30","2554","CARD","Desktop","IN","IN","0","993","22","2226","false","false","1.1473","0"
"V2TXN-003711","CUST-V2-0406","2025-11-17T06:30:10.4790000+05:30","2435","CARD","Mobile","IN","IN","1","308","9","2111","false","false","1.1535","0"
"V2TXN-003712","CUST-V2-0715","2025-11-17T06:52:00.0360000+05:30","268","WALLET","Mobile","US","US","0","731","14","398","false","false","0.6734","0"
"V2TXN-003713","CUST-V2-0805","2025-11-17T07:54:38.4880000+05:30","2744","CARD","Mobile","IN","IN","0","778","16","3676","false","false","0.7465","0"
"V2TXN-003714","CUST-V2-0565","2025-11-17T08:01:59.7400000+05:30","814","UPI","Mobile","IN","IN","0","188","2","1024","false","false","0.7949","0"
"V2TXN-003715","CUST-V2-0806","2025-11-17T08:47:39.7170000+05:30","3327","WALLET","Mobile","AE","AE","0","303","5","5103","false","false","0.6520","0"
"V2TXN-003716","CUST-V2-0203","2025-11-17T10:22:44.2200000+05:30","1116","NETBANKING","Desktop","DE","DE","0","776","15","1967","false","false","0.5674","0"
"V2TXN-003717","CUST-V2-0908","2025-11-17T10:39:02.6390000+05:30","9897","CARD","Mobile","IN","IN","0","1061","20","4221","false","false","2.3447","0"
"V2TXN-003718","CUST-V2-0116","2025-11-17T10:50:41.7350000+05:30","1175","UPI","Tablet","IN","IN","0","1342","33","1513","false","false","0.7766","1"
"V2TXN-003719","CUST-V2-0409","2025-11-17T13:59:51.8200000+05:30","3683","UPI","Mobile","AU","AU","0","313","4","6939","false","false","0.5308","0"
"V2TXN-003720","CUST-V2-0231","2025-11-17T15:14:25.1630000+05:30","8543","UPI","Mobile","IN","IN","0","1209","22","5257","false","false","1.6251","0"
"V2TXN-003721","CUST-V2-0927","2025-11-17T15:16:34.5900000+05:30","952","NETBANKING","Mobile","AE","AE","0","486","5","1107","false","false","0.8600","0"
"V2TXN-003722","CUST-V2-0417","2025-11-17T16:48:33.9970000+05:30","1835","UPI","Mobile","IN","IN","0","1089","26","1690","false","false","1.0858","0"
"V2TXN-003723","CUST-V2-0720","2025-11-17T17:58:17.2750000+05:30","1837","UPI","Mobile","AU","AU","1","1064","29","3105","false","false","0.5916","0"
"V2TXN-003724","CUST-V2-0115","2025-11-17T18:28:21.2610000+05:30","465","CARD","Mobile","SG","SG","0","1319","31","432","false","false","1.0764","0"
"V2TXN-003725","CUST-V2-0026","2025-11-17T18:50:06.8270000+05:30","2409","UPI","Mobile","IN","IN","0","375","9","2822","false","false","0.8536","0"
"V2TXN-003726","CUST-V2-0403","2025-11-17T19:55:27.6530000+05:30","931","NETBANKING","Desktop","IN","IN","1","282","6","1029","false","false","0.9048","0"
"V2TXN-003727","CUST-V2-0582","2025-11-17T21:57:52.0610000+05:30","1687","CARD","Mobile","IN","IN","1","1303","18","1245","false","false","1.3550","0"
"V2TXN-003728","CUST-V2-0039","2025-11-17T22:09:34.5960000+05:30","1841","UPI","Tablet","IN","IN","0","409","11","1974","false","false","0.9326","0"
"V2TXN-003729","CUST-V2-0493","2025-11-17T22:38:27.3090000+05:30","3578","WALLET","Desktop","IN","IN","0","344","7","1674","false","false","2.1374","1"
"V2TXN-003730","CUST-V2-0199","2025-11-17T23:05:39.4270000+05:30","4071","UPI","Mobile","IN","IN","0","836","11","5854","false","false","0.6954","0"
"V2TXN-003731","CUST-V2-0922","2025-11-17T23:23:54.4620000+05:30","2083","CARD","Mobile","GB","GB","0","1381","36","2107","false","false","0.9886","0"
"V2TXN-003732","CUST-V2-0471","2025-11-17T23:47:17.9470000+05:30","1610","CARD","Mobile","IN","IN","0","1332","16","2455","false","false","0.6558","0"
"V2TXN-003733","CUST-V2-0859","2025-11-18T00:48:09.4110000+05:30","2240","NETBANKING","Desktop","CA","CA","0","1552","20","1909","false","false","1.1734","0"
"V2TXN-003734","CUST-V2-0614","2025-11-18T02:49:42.5570000+05:30","948","NETBANKING","Desktop","US","US","0","121","2","654","false","false","1.4495","0"
"V2TXN-003735","CUST-V2-0531","2025-11-18T03:45:11.0730000+05:30","149","CARD","Mobile","DE","DE","0","1322","27","369","false","false","0.4038","0"
"V2TXN-003736","CUST-V2-0041","2025-11-18T04:38:24.5900000+05:30","10015","WALLET","Desktop","IN","IN","0","288","6","12070","false","false","0.8297","0"
"V2TXN-003737","CUST-V2-0792","2025-11-18T05:03:23.3440000+05:30","828","NETBANKING","Mobile","IN","IN","0","820","25","1284","false","false","0.6449","0"
"V2TXN-003738","CUST-V2-0452","2025-11-18T05:15:02.5730000+05:30","1414","WALLET","Mobile","IN","IN","1","924","29","1491","false","false","0.9484","0"
"V2TXN-003739","CUST-V2-0787","2025-11-18T05:56:58.2590000+05:30","3204","UPI","Mobile","IN","IN","0","1419","35","2923","false","false","1.0961","0"
"V2TXN-003740","CUST-V2-0802","2025-11-18T07:19:59.6940000+05:30","3323","CARD","Mobile","IN","IN","0","753","17","3591","false","false","0.9254","0"
"V2TXN-003741","CUST-V2-0289","2025-11-18T09:18:21.2950000+05:30","4061","WALLET","Mobile","IN","IN","0","271","6","2831","false","false","1.4345","0"
"V2TXN-003742","CUST-V2-0443","2025-11-18T11:12:45.8440000+05:30","2171","UPI","Mobile","IN","IN","1","1305","35","1856","false","false","1.1697","0"
"V2TXN-003743","CUST-V2-0707","2025-11-18T13:22:56.9580000+05:30","3987","CARD","Mobile","GB","GB","0","434","15","2449","false","false","1.6280","0"
"V2TXN-003744","CUST-V2-0970","2025-11-18T16:48:52.9080000+05:30","798","CARD","Desktop","US","US","3","831","22","1643","false","false","0.4857","1"
"V2TXN-003745","CUST-V2-0057","2025-11-18T17:22:10.0770000+05:30","6299","UPI","Mobile","IN","IN","0","1106","23","5741","false","false","1.0972","0"
"V2TXN-003746","CUST-V2-0230","2025-11-18T17:49:18.7330000+05:30","2739","UPI","Mobile","SA","SA","1","1374","30","3239","false","false","0.8456","0"
"V2TXN-003747","CUST-V2-0749","2025-11-18T17:55:26.1330000+05:30","1248","WALLET","Desktop","IN","IN","1","976","14","1380","false","false","0.9043","0"
"V2TXN-003748","CUST-V2-0170","2025-11-18T18:12:39.9080000+05:30","2335","UPI","Mobile","US","US","1","1134","24","3584","false","false","0.6515","0"
"V2TXN-003749","CUST-V2-0838","2025-11-18T19:44:01.3680000+05:30","1751","CARD","Desktop","IN","IN","0","1151","14","1714","false","false","1.0216","0"
"V2TXN-003750","CUST-V2-0489","2025-11-18T20:33:39.5170000+05:30","821","CARD","Desktop","GB","GB","1","1079","20","625","false","false","1.3136","0"
"V2TXN-003751","CUST-V2-0229","2025-11-18T21:01:44.7680000+05:30","2273","UPI","Tablet","IN","IN","0","813","12","3008","false","false","0.7557","0"
"V2TXN-003752","CUST-V2-0989","2025-11-18T22:03:23.2620000+05:30","2217","UPI","Mobile","GB","GB","0","282","4","2018","false","false","1.0986","0"
"V2TXN-003753","CUST-V2-0867","2025-11-18T22:53:08.0740000+05:30","1935","CARD","Mobile","IN","IN","0","381","5","1749","false","false","1.1063","0"
"V2TXN-003754","CUST-V2-0139","2025-11-18T23:41:48.0740000+05:30","1535","UPI","Mobile","IN","IN","0","957","9","1295","false","false","1.1853","0"
"V2TXN-003755","CUST-V2-0913","2025-11-19T00:24:18.6400000+05:30","2301","CARD","Mobile","US","US","0","1663","25","1305","false","false","1.7632","0"
"V2TXN-003756","CUST-V2-0956","2025-11-19T02:38:32.4260000+05:30","3340","BANK_TRANSFER","Desktop","AU","AU","1","126","5","3643","false","false","0.9168","0"
"V2TXN-003757","CUST-V2-0560","2025-11-19T03:06:26.3600000+05:30","785","CARD","Mobile","AE","AE","0","762","20","1059","false","false","0.7413","0"
"V2TXN-003758","CUST-V2-0947","2025-11-19T08:10:57.9250000+05:30","835","UPI","Mobile","IN","IN","1","327","7","881","false","false","0.9478","0"
"V2TXN-003759","CUST-V2-0701","2025-11-19T09:04:09.0160000+05:30","11616","CARD","Desktop","GB","GB","1","315","5","9917","false","false","1.1713","0"
"V2TXN-003760","CUST-V2-0485","2025-11-19T09:58:36.5570000+05:30","760","UPI","Mobile","IN","IN","0","832","17","1230","false","false","0.6179","0"
"V2TXN-003761","CUST-V2-0134","2025-11-19T10:53:03.1020000+05:30","947","UPI","Mobile","IN","IN","0","967","24","1153","false","false","0.8213","0"
"V2TXN-003762","CUST-V2-0665","2025-11-19T11:09:40.8960000+05:30","3428","CARD","Mobile","IN","IN","1","370","12","4120","false","false","0.8320","0"
"V2TXN-003763","CUST-V2-0126","2025-11-19T11:34:50.5990000+05:30","632","WALLET","Desktop","SG","SG","1","1406","15","468","false","false","1.3504","0"
"V2TXN-003764","CUST-V2-0030","2025-11-19T11:38:29.1200000+05:30","2295","CARD","Mobile","IN","IN","1","325","4","2074","false","false","1.1066","0"
"V2TXN-003765","CUST-V2-0251","2025-11-19T14:02:32.7240000+05:30","6247","WALLET","Mobile","AE","AE","0","829","15","2856","false","false","2.1873","0"
"V2TXN-003766","CUST-V2-0934","2025-11-19T15:43:27.4150000+05:30","2783","UPI","Mobile","IN","IN","0","768","10","1785","false","false","1.5591","0"
"V2TXN-003767","CUST-V2-0040","2025-11-19T17:11:32.6620000+05:30","3207","NETBANKING","Mobile","IN","IN","1","707","10","3372","false","false","0.9511","1"
"V2TXN-003768","CUST-V2-0115","2025-11-19T18:34:23.3150000+05:30","1159","CARD","Tablet","GB","SG","2","1321","32","433","false","true","2.6767","1"
"V2TXN-003769","CUST-V2-0040","2025-11-19T20:18:30.6450000+05:30","2080","NETBANKING","Mobile","IN","IN","0","707","11","3357","false","false","0.6196","0"
"V2TXN-003770","CUST-V2-0594","2025-11-19T20:19:57.0660000+05:30","1344","WALLET","Mobile","GB","GB","0","375","10","1540","false","false","0.8727","0"
"V2TXN-003771","CUST-V2-0398","2025-11-19T22:00:00.0810000+05:30","827","CARD","Mobile","DE","DE","1","368","5","609","false","false","1.3580","0"
"V2TXN-003772","CUST-V2-0340","2025-11-19T23:05:47.2050000+05:30","3056","UPI","Mobile","US","US","0","988","12","2321","false","false","1.3167","0"
"V2TXN-003773","CUST-V2-0167","2025-11-20T00:18:47.1020000+05:30","911","UPI","Mobile","IN","IN","0","660","10","766","false","false","1.1893","0"
"V2TXN-003774","CUST-V2-0868","2025-11-20T02:30:37.3840000+05:30","1444","CARD","Desktop","IN","IN","2","313","3","3622","false","false","0.3987","0"
"V2TXN-003775","CUST-V2-0381","2025-11-20T06:02:45.7590000+05:30","3479","CARD","Desktop","SG","SG","0","1157","17","3361","false","false","1.0351","0"
"V2TXN-003776","CUST-V2-0803","2025-11-20T06:27:26.8230000+05:30","4285","UPI","Mobile","SG","IN","0","1249","17","3804","false","true","1.1264","1"
"V2TXN-003777","CUST-V2-0696","2025-11-20T08:49:26.1140000+05:30","3967","UPI","Desktop","GB","GB","0","1637","30","3244","false","false","1.2229","1"
"V2TXN-003778","CUST-V2-0912","2025-11-20T09:26:05.1180000+05:30","1646","CARD","Mobile","IN","IN","0","677","9","3065","false","false","0.5370","0"
"V2TXN-003779","CUST-V2-0304","2025-11-20T09:47:12.2890000+05:30","2566","NETBANKING","Desktop","CA","CA","0","1238","23","2767","false","false","0.9274","0"
"V2TXN-003780","CUST-V2-0964","2025-11-20T13:58:36.5910000+05:30","1142","WALLET","Mobile","IN","IN","0","478","15","1539","false","false","0.7420","0"
"V2TXN-003781","CUST-V2-0125","2025-11-20T15:03:34.2260000+05:30","1644","NETBANKING","Mobile","US","US","0","599","17","1637","false","false","1.0043","1"
"V2TXN-003782","CUST-V2-0284","2025-11-20T15:15:11.0130000+05:30","1276","CARD","Desktop","IN","IN","0","792","14","2276","false","false","0.5606","0"
"V2TXN-003783","CUST-V2-0256","2025-11-20T15:42:58.9710000+05:30","1123","UPI","Desktop","IN","IN","0","1301","35","859","false","false","1.3073","1"
"V2TXN-003784","CUST-V2-0653","2025-11-20T16:10:13.8780000+05:30","509","UPI","Mobile","IN","IN","0","1119","12","729","false","false","0.6982","0"
"V2TXN-003785","CUST-V2-0876","2025-11-20T16:28:55.3150000+05:30","4668","NETBANKING","Mobile","CA","CA","0","102","2","6552","false","false","0.7125","0"
"V2TXN-003786","CUST-V2-0763","2025-11-20T17:01:34.7680000+05:30","694","UPI","Mobile","AE","AE","0","1447","30","969","false","false","0.7162","0"
"V2TXN-003787","CUST-V2-0939","2025-11-20T19:11:12.2170000+05:30","1898","WALLET","Desktop","CA","CA","1","480","10","929","false","false","2.0431","0"
"V2TXN-003788","CUST-V2-0784","2025-11-20T19:16:42.0930000+05:30","1618","CARD","Mobile","CA","CA","0","745","14","1564","false","false","1.0345","0"
"V2TXN-003789","CUST-V2-0845","2025-11-20T21:28:27.0610000+05:30","1846","UPI","Mobile","IN","IN","0","1089","26","1117","false","false","1.6526","0"
"V2TXN-003790","CUST-V2-0231","2025-11-20T21:48:14.3480000+05:30","4553","UPI","Desktop","IN","IN","0","1213","23","5400","false","false","0.8431","0"
"V2TXN-003791","CUST-V2-0097","2025-11-20T22:35:03.6880000+05:30","1430","CARD","Mobile","AU","AU","0","1300","39","2554","false","false","0.5599","0"
"V2TXN-003792","CUST-V2-0289","2025-11-21T00:46:15.5130000+05:30","4018","WALLET","Mobile","IN","IN","0","274","7","3006","false","false","1.3367","0"
"V2TXN-003793","CUST-V2-0636","2025-11-21T01:24:28.0750000+05:30","1848","WALLET","Mobile","SA","SA","1","1141","13","2056","false","false","0.8988","1"
"V2TXN-003794","CUST-V2-0803","2025-11-21T02:08:51.8340000+05:30","764","CARD","Mobile","IN","IN","5","1250","18","3831","false","false","0.1994","1"
"V2TXN-003795","CUST-V2-0564","2025-11-21T02:09:49.3370000+05:30","2734","UPI","Mobile","IN","IN","0","730","15","1932","false","false","1.4151","1"
"V2TXN-003796","CUST-V2-0189","2025-11-21T02:28:19.6530000+05:30","1431","CARD","Desktop","IN","IN","1","1508","36","1524","false","false","0.9390","1"
"V2TXN-003797","CUST-V2-0401","2025-11-21T03:09:36.2540000+05:30","3128","UPI","Mobile","IN","IN","1","733","16","1592","false","false","1.9648","0"
"V2TXN-003798","CUST-V2-0837","2025-11-21T03:48:12.8480000+05:30","2658","WALLET","Desktop","IN","IN","0","696","13","1953","false","false","1.3610","0"
"V2TXN-003799","CUST-V2-0260","2025-11-21T04:57:33.1730000+05:30","9815","UPI","Mobile","AE","AE","1","964","22","6262","false","false","1.5674","0"
"V2TXN-003800","CUST-V2-0416","2025-11-21T06:39:40.4610000+05:30","6737","CARD","Mobile","US","US","0","702","8","10274","false","false","0.6557","0"
"V2TXN-003801","CUST-V2-0343","2025-11-21T07:38:24.8520000+05:30","1077","UPI","Desktop","IN","IN","0","840","9","1468","false","false","0.7337","0"
"V2TXN-003802","CUST-V2-0679","2025-11-21T07:56:01.0480000+05:30","1678","UPI","Mobile","IN","IN","3","420","5","1926","false","false","0.8712","0"
"V2TXN-003803","CUST-V2-0677","2025-11-21T09:52:00.9670000+05:30","661","UPI","Mobile","IN","IN","0","304","6","1344","false","false","0.4918","1"
"V2TXN-003804","CUST-V2-0298","2025-11-21T10:59:52.1450000+05:30","4989","CARD","Mobile","DE","DE","0","1462","42","4552","false","false","1.0960","0"
"V2TXN-003805","CUST-V2-0720","2025-11-21T11:31:59.8350000+05:30","1857","UPI","Mobile","AU","AU","0","1068","30","3063","false","false","0.6063","0"
"V2TXN-003806","CUST-V2-0421","2025-11-21T13:05:02.8100000+05:30","8537","WALLET","Mobile","IN","IN","0","849","15","6921","false","false","1.2335","0"
"V2TXN-003807","CUST-V2-0256","2025-11-21T13:47:57.6030000+05:30","850","CARD","Desktop","SG","IN","5","1302","36","866","false","true","0.9815","1"
"V2TXN-003808","CUST-V2-0850","2025-11-21T17:35:01.5530000+05:30","4918","CARD","Mobile","IN","IN","0","1049","16","2079","false","false","2.3656","0"
"V2TXN-003809","CUST-V2-0756","2025-11-21T18:09:00.6510000+05:30","1647","UPI","Desktop","SG","SG","0","653","11","1858","false","false","0.8864","0"
"V2TXN-003810","CUST-V2-0618","2025-11-21T19:56:30.1150000+05:30","6239","UPI","Mobile","IN","IN","0","1400","33","6546","false","false","0.9531","0"
"V2TXN-003811","CUST-V2-0294","2025-11-21T20:01:57.6300000+05:30","778","WALLET","Mobile","IN","IN","0","692","13","2091","false","false","0.3721","0"
"V2TXN-003812","CUST-V2-0439","2025-11-21T20:40:25.1460000+05:30","558","UPI","Mobile","IN","IN","1","341","6","935","false","false","0.5968","0"
"V2TXN-003813","CUST-V2-0360","2025-11-21T22:31:00.9730000+05:30","2503","NETBANKING","Mobile","IN","IN","0","334","5","2068","false","false","1.2103","0"
"V2TXN-003814","CUST-V2-0236","2025-11-22T01:01:11.1980000+05:30","1686","CARD","Mobile","SA","SA","0","929","27","1456","false","false","1.1580","0"
"V2TXN-003815","CUST-V2-0175","2025-11-22T01:42:35.9920000+05:30","514","UPI","Mobile","US","US","0","1580","22","919","false","false","0.5593","0"
"V2TXN-003816","CUST-V2-0574","2025-11-22T01:44:10.4030000+05:30","4480","UPI","Mobile","IN","IN","0","302","8","4320","false","false","1.0370","0"
"V2TXN-003817","CUST-V2-0658","2025-11-22T04:36:18.6540000+05:30","1540","BANK_TRANSFER","Mobile","IN","IN","1","277","5","1527","false","false","1.0085","0"
"V2TXN-003818","CUST-V2-0707","2025-11-22T05:07:48.0680000+05:30","3867","CARD","Mobile","GB","GB","0","438","16","2545","false","false","1.5194","0"
"V2TXN-003819","CUST-V2-0907","2025-11-22T06:39:24.4560000+05:30","3653","BANK_TRANSFER","Mobile","IN","IN","0","1009","26","4980","false","false","0.7335","0"
"V2TXN-003820","CUST-V2-0751","2025-11-22T06:41:13.8020000+05:30","251","CARD","Mobile","IN","IN","0","444","16","628","false","false","0.3997","0"
"V2TXN-003821","CUST-V2-0070","2025-11-22T06:44:05.0850000+05:30","3644","CARD","Mobile","GB","GB","0","1029","22","3182","false","false","1.1452","0"
"V2TXN-003822","CUST-V2-0429","2025-11-22T07:24:14.3180000+05:30","4188","NETBANKING","Mobile","SG","SG","4","1691","44","4213","false","false","0.9941","0"
"V2TXN-003823","CUST-V2-0055","2025-11-22T08:28:46.7770000+05:30","2621","UPI","Desktop","US","US","0","1295","32","1145","false","false","2.2891","0"
"V2TXN-003824","CUST-V2-0124","2025-11-22T08:45:13.0080000+05:30","2683","WALLET","Mobile","SA","SA","0","1237","32","986","false","false","2.7211","1"
"V2TXN-003825","CUST-V2-0910","2025-11-22T10:56:05.0790000+05:30","2134","UPI","Desktop","SA","SA","1","1660","33","2092","false","false","1.0201","0"
"V2TXN-003826","CUST-V2-0397","2025-11-22T11:09:58.1650000+05:30","3108","UPI","Mobile","IN","IN","0","822","18","1906","false","false","1.6306","0"
"V2TXN-003827","CUST-V2-0606","2025-11-22T11:18:28.8670000+05:30","506","CARD","Tablet","IN","IN","2","523","9","4182","false","false","0.1210","1"
"V2TXN-003828","CUST-V2-0576","2025-11-22T11:42:13.0310000+05:30","2093","CARD","Mobile","IN","IN","0","1320","29","1414","false","false","1.4802","0"
"V2TXN-003829","CUST-V2-0216","2025-11-22T11:52:09.1500000+05:30","5408","UPI","Mobile","IN","IN","0","84","3","3449","false","false","1.5680","0"
"V2TXN-003830","CUST-V2-0016","2025-11-22T13:49:25.4550000+05:30","2882","UPI","Tablet","SA","SA","2","1575","15","1511","false","false","1.9073","0"
"V2TXN-003831","CUST-V2-0297","2025-11-22T15:04:32.8640000+05:30","3525","UPI","Desktop","IN","IN","0","361","6","1884","false","false","1.8710","0"
"V2TXN-003832","CUST-V2-0845","2025-11-22T20:26:32.8940000+05:30","775","UPI","Mobile","IN","IN","0","1091","27","1144","false","false","0.6774","0"
"V2TXN-003833","CUST-V2-0039","2025-11-22T20:30:26.5250000+05:30","1948","UPI","Tablet","IN","IN","0","414","12","1963","false","false","0.9924","0"
"V2TXN-003834","CUST-V2-0357","2025-11-22T20:32:19.2450000+05:30","1718","NETBANKING","Mobile","IN","IN","1","600","16","3002","false","false","0.5723","0"
"V2TXN-003835","CUST-V2-0848","2025-11-22T21:14:22.2380000+05:30","318","UPI","Desktop","IN","IN","0","329","8","659","false","false","0.4825","0"
"V2TXN-003836","CUST-V2-0763","2025-11-22T21:46:21.8570000+05:30","335","CARD","Mobile","AE","AE","2","1449","31","960","false","false","0.3490","1"
"V2TXN-003837","CUST-V2-0402","2025-11-22T22:08:39.4250000+05:30","2381","CARD","Tablet","DE","DE","0","1293","18","1810","false","false","1.3155","0"
"V2TXN-003838","CUST-V2-0583","2025-11-22T22:27:33.1220000+05:30","983","UPI","Mobile","IN","IN","0","1162","22","923","false","false","1.0650","0"
"V2TXN-003839","CUST-V2-0540","2025-11-22T23:03:34.9320000+05:30","891","UPI","Desktop","IN","IN","0","1105","19","695","false","false","1.2820","0"
"V2TXN-003840","CUST-V2-0484","2025-11-23T00:35:37.1600000+05:30","3112","UPI","Desktop","IN","IN","0","864","14","3543","false","false","0.8784","0"
"V2TXN-003841","CUST-V2-0531","2025-11-23T02:27:04.8050000+05:30","207","CARD","Mobile","DE","DE","0","1327","28","361","false","false","0.5734","0"
"V2TXN-003842","CUST-V2-0151","2025-11-23T04:57:42.0340000+05:30","1332","CARD","Desktop","SA","SA","4","1001","14","1913","false","false","0.6963","1"
"V2TXN-003843","CUST-V2-0669","2025-11-23T05:07:25.0500000+05:30","874","CARD","Desktop","GB","IN","4","684","21","815","false","true","1.0724","1"
"V2TXN-003844","CUST-V2-0591","2025-11-23T05:50:51.3010000+05:30","2907","CARD","Mobile","US","US","0","716","13","2979","false","false","0.9758","0"
"V2TXN-003845","CUST-V2-0687","2025-11-23T06:35:35.2100000+05:30","4918","NETBANKING","Mobile","IN","IN","0","145","4","4478","false","false","1.0983","0"
"V2TXN-003846","CUST-V2-0354","2025-11-23T09:21:59.1040000+05:30","1850","UPI","Desktop","US","US","0","232","3","1171","false","false","1.5798","0"
"V2TXN-003847","CUST-V2-1000","2025-11-23T10:15:23.5220000+05:30","1046","CARD","Mobile","IN","IN","0","278","9","1521","false","false","0.6877","0"
"V2TXN-003848","CUST-V2-0802","2025-11-23T11:35:36.2640000+05:30","3651","CARD","Mobile","IN","IN","1","758","18","3576","false","false","1.0210","0"
"V2TXN-003849","CUST-V2-0597","2025-11-23T12:39:48.0570000+05:30","2299","UPI","Desktop","IN","IN","1","790","13","1927","false","false","1.1930","0"
"V2TXN-003850","CUST-V2-0181","2025-11-23T13:49:55.4240000+05:30","5315","CARD","Desktop","IN","IN","1","1021","25","2958","false","false","1.7968","0"
"V2TXN-003851","CUST-V2-0735","2025-11-23T15:14:06.1950000+05:30","3855","UPI","Mobile","AU","AU","0","522","11","3033","false","false","1.2710","1"
"V2TXN-003852","CUST-V2-0139","2025-11-23T17:01:53.6750000+05:30","1146","UPI","Mobile","IN","IN","0","962","10","1319","false","false","0.8688","0"
"V2TXN-003853","CUST-V2-0270","2025-11-23T17:25:18.9410000+05:30","3186","WALLET","Desktop","IN","IN","0","322","5","2757","false","false","1.1556","0"
"V2TXN-003854","CUST-V2-0300","2025-11-23T17:29:45.2360000+05:30","251","WALLET","Mobile","IN","IN","0","1239","18","421","false","false","0.5962","0"
"V2TXN-003855","CUST-V2-0343","2025-11-23T18:41:14.2820000+05:30","1016","UPI","Desktop","IN","IN","0","842","10","1429","false","false","0.7110","0"
"V2TXN-003856","CUST-V2-0091","2025-11-23T19:48:38.2640000+05:30","11831","CARD","Tablet","IN","IN","1","876","13","6576","false","false","1.7991","0"
"V2TXN-003857","CUST-V2-0590","2025-11-23T20:07:38.5050000+05:30","1152","BANK_TRANSFER","Desktop","IN","IN","0","789","10","1284","false","false","0.8972","0"
"V2TXN-003858","CUST-V2-0590","2025-11-23T20:27:04.5570000+05:30","1148","BANK_TRANSFER","Desktop","IN","IN","1","789","11","1272","false","false","0.9025","0"
"V2TXN-003859","CUST-V2-0679","2025-11-23T21:14:23.4890000+05:30","3995","UPI","Desktop","IN","IN","0","423","6","1885","false","false","2.1194","1"
"V2TXN-003860","CUST-V2-0076","2025-11-23T22:10:03.6530000+05:30","860","WALLET","Mobile","IN","IN","0","325","9","804","false","false","1.0697","0"
"V2TXN-003861","CUST-V2-0182","2025-11-23T22:42:15.3760000+05:30","683","UPI","Mobile","DE","DE","0","904","16","1091","false","false","0.6260","0"
"V2TXN-003862","CUST-V2-0209","2025-11-24T00:40:18.8090000+05:30","390","UPI","Mobile","SA","SA","0","283","4","918","false","false","0.4248","0"
"V2TXN-003863","CUST-V2-0150","2025-11-24T02:15:05.5870000+05:30","1006","CARD","Mobile","IN","IN","0","1348","26","1761","false","false","0.5713","0"
"V2TXN-003864","CUST-V2-0435","2025-11-24T04:16:40.2850000+05:30","1931","UPI","Mobile","IN","IN","0","571","18","1686","false","false","1.1453","0"
"V2TXN-003865","CUST-V2-0931","2025-11-24T06:31:15.4460000+05:30","7004","CARD","Mobile","IN","IN","0","609","12","3531","false","false","1.9836","0"
"V2TXN-003866","CUST-V2-0569","2025-11-24T06:37:44.6110000+05:30","493","NETBANKING","Mobile","IN","IN","0","136","4","513","false","false","0.9610","0"
"V2TXN-003867","CUST-V2-0565","2025-11-24T06:53:16.9770000+05:30","1065","UPI","Mobile","IN","IN","1","195","3","954","false","false","1.1164","0"
"V2TXN-003868","CUST-V2-0689","2025-11-24T06:56:52.8070000+05:30","1369","UPI","Mobile","IN","IN","0","224","6","1237","false","false","1.1067","0"
"V2TXN-003869","CUST-V2-0790","2025-11-24T07:32:23.9670000+05:30","1205","CARD","Mobile","AE","AE","0","1401","38","1459","false","false","0.8259","1"
"V2TXN-003870","CUST-V2-0857","2025-11-24T10:05:26.8230000+05:30","5760","CARD","Desktop","IN","IN","0","1151","37","2762","false","false","2.0854","0"
"V2TXN-003871","CUST-V2-0098","2025-11-24T12:14:44.6850000+05:30","443","CARD","Mobile","IN","IN","0","353","12","728","false","false","0.6085","0"
"V2TXN-003872","CUST-V2-0315","2025-11-24T12:16:07.3950000+05:30","3680","WALLET","Mobile","SA","SA","0","229","5","1599","false","false","2.3014","1"
"V2TXN-003873","CUST-V2-0300","2025-11-24T13:58:07.0890000+05:30","472","NETBANKING","Mobile","IN","IN","0","1240","19","412","false","false","1.1456","0"
"V2TXN-003874","CUST-V2-0925","2025-11-24T15:12:28.0040000+05:30","1345","UPI","Desktop","IN","IN","0","1385","23","2355","false","false","0.5711","0"
"V2TXN-003875","CUST-V2-0324","2025-11-24T17:18:03.0870000+05:30","2302","CARD","Mobile","IN","IN","0","477","8","2165","false","false","1.0633","0"
"V2TXN-003876","CUST-V2-0548","2025-11-24T17:25:52.0960000+05:30","433","WALLET","Mobile","US","US","0","529","10","714","false","false","0.6064","0"
"V2TXN-003877","CUST-V2-0776","2025-11-24T18:03:07.1070000+05:30","578","UPI","Desktop","CA","CA","1","343","4","704","false","false","0.8210","0"
"V2TXN-003878","CUST-V2-0775","2025-11-24T18:50:59.2640000+05:30","2938","WALLET","Desktop","CA","CA","0","1546","29","3374","false","false","0.8708","0"
"V2TXN-003879","CUST-V2-0065","2025-11-24T21:52:44.5340000+05:30","4021","CARD","Desktop","US","US","0","754","15","3229","false","false","1.2453","0"
"V2TXN-003880","CUST-V2-0184","2025-11-24T22:09:18.6360000+05:30","1455","UPI","Desktop","IN","IN","1","740","9","1748","false","false","0.8324","0"
"V2TXN-003881","CUST-V2-0804","2025-11-25T01:16:24.7870000+05:30","1117","NETBANKING","Mobile","IN","IN","4","1542","35","1127","false","false","0.9911","0"
"V2TXN-003882","CUST-V2-0941","2025-11-25T01:30:02.3260000+05:30","1844","CARD","Mobile","CA","CA","0","125","4","4082","false","false","0.4517","0"
"V2TXN-003883","CUST-V2-0114","2025-11-25T02:42:42.2830000+05:30","7852","UPI","Mobile","AU","AU","0","826","20","11835","false","false","0.6635","1"
"V2TXN-003884","CUST-V2-0503","2025-11-25T02:51:51.1400000+05:30","568","UPI","Mobile","IN","IN","0","401","7","513","false","false","1.1072","0"
"V2TXN-003885","CUST-V2-0189","2025-11-25T02:58:53.4120000+05:30","1538","UPI","Desktop","IN","IN","1","1512","37","1521","false","false","1.0112","0"
"V2TXN-003886","CUST-V2-0938","2025-11-25T03:32:27.2490000+05:30","4415","UPI","Mobile","SG","SG","0","932","17","6278","false","false","0.7032","0"
"V2TXN-003887","CUST-V2-0575","2025-11-25T03:35:10.5960000+05:30","3590","UPI","Desktop","IN","IN","1","860","27","2822","false","false","1.2721","0"
"V2TXN-003888","CUST-V2-0416","2025-11-25T04:00:21.0560000+05:30","7944","CARD","Mobile","US","US","0","706","9","9881","false","false","0.8040","0"
"V2TXN-003889","CUST-V2-0209","2025-11-25T04:29:05.6560000+05:30","774","NETBANKING","Mobile","SA","SA","0","284","5","812","false","false","0.9532","0"
"V2TXN-003890","CUST-V2-0680","2025-11-25T04:39:02.4790000+05:30","3577","UPI","Mobile","AE","AE","0","306","6","1700","false","false","2.1041","0"
"V2TXN-003891","CUST-V2-0731","2025-11-25T06:04:43.4180000+05:30","2274","BANK_TRANSFER","Mobile","IN","IN","0","641","18","2694","false","false","0.8441","1"
"V2TXN-003892","CUST-V2-0250","2025-11-25T07:17:21.3190000+05:30","7016","BANK_TRANSFER","Mobile","IN","IN","0","320","3","5398","false","false","1.2997","0"
"V2TXN-003893","CUST-V2-0052","2025-11-25T08:26:51.8870000+05:30","1470","NETBANKING","Mobile","SA","SA","0","1370","19","2029","false","false","0.7245","0"
"V2TXN-003894","CUST-V2-0715","2025-11-25T09:18:37.6620000+05:30","675","WALLET","Mobile","US","US","1","739","15","390","false","false","1.7308","0"
"V2TXN-003895","CUST-V2-0748","2025-11-25T09:23:35.1910000+05:30","606","NETBANKING","Desktop","SG","SG","0","1090","28","1015","false","false","0.5970","0"
"V2TXN-003896","CUST-V2-0658","2025-11-25T10:11:52.3290000+05:30","1592","BANK_TRANSFER","Mobile","IN","IN","1","280","6","1529","false","false","1.0412","0"
"V2TXN-003897","CUST-V2-0829","2025-11-25T10:30:09.3920000+05:30","5189","BANK_TRANSFER","Mobile","AU","AU","1","1092","18","2292","false","false","2.2640","0"
"V2TXN-003898","CUST-V2-0765","2025-11-25T11:51:02.9300000+05:30","4765","UPI","Mobile","IN","IN","1","1160","20","5385","false","false","0.8849","0"
"V2TXN-003899","CUST-V2-0379","2025-11-25T14:30:18.2110000+05:30","681","UPI","Desktop","AE","IN","0","705","18","625","false","true","1.0896","1"
"V2TXN-003900","CUST-V2-0858","2025-11-25T15:59:45.9340000+05:30","1158","CARD","Desktop","CA","CA","1","386","12","1898","false","false","0.6101","0"
"V2TXN-003901","CUST-V2-0773","2025-11-25T16:07:57.4430000+05:30","1284","UPI","Mobile","IN","IN","0","631","13","792","false","false","1.6212","0"
"V2TXN-003902","CUST-V2-0113","2025-11-25T16:51:29.0820000+05:30","2671","BANK_TRANSFER","Mobile","IN","IN","0","800","10","1749","false","false","1.5272","0"
"V2TXN-003903","CUST-V2-0842","2025-11-25T17:53:54.2670000+05:30","2419","UPI","Mobile","SG","SG","0","284","4","2457","false","false","0.9845","0"
"V2TXN-003904","CUST-V2-0343","2025-11-25T18:05:04.4900000+05:30","1037","UPI","Desktop","IN","IN","0","844","11","1391","false","false","0.7455","0"
"V2TXN-003905","CUST-V2-0864","2025-11-25T18:53:09.0910000+05:30","1782","UPI","Mobile","IN","IN","0","1276","20","1564","false","false","1.1394","0"
"V2TXN-003906","CUST-V2-0122","2025-11-25T20:18:11.0950000+05:30","986","CARD","Desktop","US","IN","0","1136","30","474","false","true","2.0802","1"
"V2TXN-003907","CUST-V2-0003","2025-11-25T21:25:15.2620000+05:30","1039","UPI","Mobile","IN","IN","0","977","25","1269","false","false","0.8188","0"
"V2TXN-003908","CUST-V2-0230","2025-11-25T21:51:23.9120000+05:30","5411","WALLET","Mobile","SA","SA","0","1381","31","3223","false","false","1.6789","0"
"V2TXN-003909","CUST-V2-0297","2025-11-25T21:52:32.8700000+05:30","1540","UPI","Desktop","IN","IN","1","364","7","2119","false","false","0.7268","0"
"V2TXN-003910","CUST-V2-0330","2025-11-25T22:31:17.5910000+05:30","1310","CARD","Mobile","US","US","1","847","17","1443","false","false","0.9078","0"
"V2TXN-003911","CUST-V2-0289","2025-11-26T02:34:44.6270000+05:30","6850","WALLET","Mobile","IN","IN","0","279","8","3133","false","false","2.1864","0"
"V2TXN-003912","CUST-V2-0016","2025-11-26T02:42:09.0180000+05:30","627","UPI","Mobile","SA","SA","1","1578","16","1597","false","false","0.3926","0"
"V2TXN-003913","CUST-V2-0368","2025-11-26T05:24:16.5830000+05:30","1280","CARD","Mobile","IN","IN","0","1271","20","1083","false","false","1.1819","0"
"V2TXN-003914","CUST-V2-0808","2025-11-26T05:31:13.2360000+05:30","3360","CARD","Mobile","IN","IN","1","169","4","2139","false","false","1.5708","0"
"V2TXN-003915","CUST-V2-0377","2025-11-26T08:04:51.0380000+05:30","6880","CARD","Desktop","AE","AE","0","219","6","5417","false","false","1.2701","1"
"V2TXN-003916","CUST-V2-0357","2025-11-26T09:47:09.4180000+05:30","2185","NETBANKING","Mobile","IN","IN","1","603","17","2926","false","false","0.7468","0"
"V2TXN-003917","CUST-V2-0780","2025-11-26T10:04:05.7090000+05:30","1015","CARD","Desktop","AE","AE","0","470","9","1739","false","false","0.5837","0"
"V2TXN-003918","CUST-V2-0133","2025-11-26T11:12:44.3150000+05:30","412","NETBANKING","Mobile","US","US","0","559","10","423","false","false","0.9740","0"
"V2TXN-003919","CUST-V2-0569","2025-11-26T11:56:20.3470000+05:30","449","NETBANKING","Tablet","IN","IN","0","138","5","509","false","false","0.8821","0"
"V2TXN-003920","CUST-V2-0700","2025-11-26T12:28:26.8740000+05:30","384","UPI","Mobile","CA","CA","1","1284","15","343","false","false","1.1195","0"
"V2TXN-003921","CUST-V2-0184","2025-11-26T12:56:48.5330000+05:30","2194","UPI","Desktop","IN","IN","0","742","10","1719","false","false","1.2763","0"
"V2TXN-003922","CUST-V2-0924","2025-11-26T15:15:57.5570000+05:30","1828","NETBANKING","Desktop","US","US","4","1082","22","1469","false","false","1.2444","0"
"V2TXN-003923","CUST-V2-0928","2025-11-26T17:21:03.8180000+05:30","2216","UPI","Mobile","DE","DE","0","1540","20","2580","false","false","0.8589","0"
"V2TXN-003924","CUST-V2-0500","2025-11-26T17:46:33.9620000+05:30","1863","CARD","Mobile","CA","CA","0","754","26","2411","false","false","0.7727","0"
"V2TXN-003925","CUST-V2-0301","2025-11-26T17:47:08.5750000+05:30","4647","UPI","Desktop","US","US","1","1207","32","3584","false","false","1.2966","0"
"V2TXN-003926","CUST-V2-0266","2025-11-26T18:16:44.8560000+05:30","869","NETBANKING","Mobile","IN","IN","0","836","23","971","false","false","0.8950","0"
"V2TXN-003927","CUST-V2-0715","2025-11-26T22:04:46.7300000+05:30","346","WALLET","Mobile","US","US","0","741","16","408","false","false","0.8480","0"
"V2TXN-003928","CUST-V2-0792","2025-11-26T23:14:30.8200000+05:30","1796","UPI","Mobile","IN","IN","0","828","26","1267","false","false","1.4175","0"
"V2TXN-003929","CUST-V2-0366","2025-11-27T00:10:35.4880000+05:30","2699","WALLET","Mobile","IN","IN","0","1504","20","2261","false","false","1.1937","0"
"V2TXN-003930","CUST-V2-0961","2025-11-27T01:13:28.7160000+05:30","2958","BANK_TRANSFER","Mobile","SA","SA","0","315","10","1649","false","false","1.7938","0"
"V2TXN-003931","CUST-V2-0931","2025-11-27T01:56:33.5490000+05:30","6077","CARD","Mobile","IN","IN","0","612","13","3798","false","false","1.6001","0"
"V2TXN-003932","CUST-V2-0098","2025-11-27T03:01:32.3570000+05:30","790","CARD","Mobile","IN","IN","0","356","13","706","false","false","1.1190","0"
"V2TXN-003933","CUST-V2-0511","2025-11-27T03:05:03.5250000+05:30","6390","UPI","Desktop","IN","IN","0","750","21","7540","false","false","0.8475","0"
"V2TXN-003934","CUST-V2-0760","2025-11-27T03:32:45.5200000+05:30","929","UPI","Mobile","SG","SG","0","315","3","890","false","false","1.0438","0"
"V2TXN-003935","CUST-V2-0527","2025-11-27T04:21:17.8670000+05:30","927","UPI","Mobile","IN","IN","1","328","5","666","false","false","1.3919","0"
"V2TXN-003936","CUST-V2-0720","2025-11-27T04:30:59.0000000+05:30","3199","UPI","Mobile","AU","AU","0","1073","31","3024","false","false","1.0579","0"
"V2TXN-003937","CUST-V2-0525","2025-11-27T04:53:19.3550000+05:30","3590","UPI","Mobile","IN","IN","0","1256","19","4526","false","false","0.7932","0"
"V2TXN-003938","CUST-V2-0999","2025-11-27T05:30:17.6280000+05:30","23428","CARD","Mobile","GB","GB","0","328","3","38260","false","false","0.6123","0"
"V2TXN-003939","CUST-V2-0284","2025-11-27T06:44:58.6520000+05:30","2795","UPI","Desktop","IN","IN","0","798","15","2209","false","false","1.2653","0"
"V2TXN-003940","CUST-V2-0001","2025-11-27T06:51:27.7420000+05:30","2293","BANK_TRANSFER","Desktop","IN","IN","0","319","4","2332","false","false","0.9833","0"
"V2TXN-003941","CUST-V2-0024","2025-11-27T08:17:51.7390000+05:30","7508","CARD","Desktop","IN","IN","3","299","3","3906","false","false","1.9222","1"
"V2TXN-003942","CUST-V2-0923","2025-11-27T09:50:13.2400000+05:30","5219","CARD","Desktop","IN","IN","1","1081","19","2235","false","false","2.3351","0"
"V2TXN-003943","CUST-V2-0585","2025-11-27T10:03:08.8250000+05:30","1601","CARD","Mobile","IN","IN","0","1440","20","946","false","false","1.6924","0"
"V2TXN-003944","CUST-V2-0395","2025-11-27T10:13:54.6830000+05:30","185","CARD","Mobile","IN","IN","0","1223","17","268","false","false","0.6903","0"
"V2TXN-003945","CUST-V2-0924","2025-11-27T10:31:03.0580000+05:30","1118","NETBANKING","Desktop","US","US","0","1083","23","1484","false","false","0.7534","0"
"V2TXN-003946","CUST-V2-0314","2025-11-27T11:04:39.8360000+05:30","642","CARD","Desktop","IN","IN","0","288","5","969","false","false","0.6625","0"
"V2TXN-003947","CUST-V2-0565","2025-11-27T13:01:16.8380000+05:30","792","UPI","Mobile","IN","IN","0","198","4","982","false","false","0.8065","0"
"V2TXN-003948","CUST-V2-0850","2025-11-27T13:32:29.8620000+05:30","628","CARD","Desktop","DE","IN","2","1055","17","2246","false","true","0.2796","0"
"V2TXN-003949","CUST-V2-0153","2025-11-27T14:15:36.4220000+05:30","1502","CARD","Mobile","IN","IN","0","1152","32","2561","false","false","0.5865","0"
"V2TXN-003950","CUST-V2-0661","2025-11-27T15:17:06.9390000+05:30","692","NETBANKING","Mobile","GB","GB","0","1109","28","679","false","false","1.0191","0"
"V2TXN-003951","CUST-V2-0674","2025-11-27T17:58:55.7330000+05:30","2065","CARD","Mobile","IN","IN","0","1436","26","5322","false","false","0.3880","0"
"V2TXN-003952","CUST-V2-0831","2025-11-27T18:00:41.6400000+05:30","610","UPI","Mobile","IN","IN","0","309","7","494","false","false","1.2348","0"
"V2TXN-003953","CUST-V2-0953","2025-11-27T20:04:30.7680000+05:30","1054","CARD","Mobile","IN","IN","0","186","6","1188","false","false","0.8872","0"
"V2TXN-003954","CUST-V2-0017","2025-11-27T20:30:01.3140000+05:30","978","UPI","Mobile","IN","IN","0","182","9","1060","false","false","0.9226","0"
"V2TXN-003955","CUST-V2-0176","2025-11-27T21:31:53.5720000+05:30","1562","CARD","Mobile","IN","IN","1","742","9","848","false","false","1.8420","1"
"V2TXN-003956","CUST-V2-0083","2025-11-27T23:37:27.8930000+05:30","1446","WALLET","Mobile","IN","IN","1","1061","12","1047","false","false","1.3811","0"
"V2TXN-003957","CUST-V2-0072","2025-11-27T23:48:56.2210000+05:30","2643","CARD","Desktop","IN","GB","2","1527","44","3713","false","true","0.7118","1"
"V2TXN-003958","CUST-V2-0255","2025-11-28T01:16:57.1600000+05:30","4855","UPI","Desktop","IN","IN","0","1457","36","1886","false","false","2.5742","1"
"V2TXN-003959","CUST-V2-0832","2025-11-28T01:17:41.8270000+05:30","1089","CARD","Mobile","IN","IN","0","1142","16","913","false","false","1.1928","0"
"V2TXN-003960","CUST-V2-0548","2025-11-28T01:29:40.8140000+05:30","792","CARD","Mobile","US","US","0","533","11","688","false","false","1.1512","0"
"V2TXN-003961","CUST-V2-0636","2025-11-28T02:30:42.5780000+05:30","2639","CARD","Desktop","SA","SA","0","1148","14","2041","false","false","1.2930","0"
"V2TXN-003962","CUST-V2-0411","2025-11-28T03:42:45.4390000+05:30","1329","UPI","Desktop","SG","SG","0","666","8","900","false","false","1.4767","0"
"V2TXN-003963","CUST-V2-0351","2025-11-28T04:12:00.2100000+05:30","3390","UPI","Mobile","IN","IN","1","445","8","4411","false","false","0.7685","0"
"V2TXN-003964","CUST-V2-0733","2025-11-28T04:41:26.8140000+05:30","244","UPI","Mobile","IN","IN","1","520","7","427","false","false","0.5714","0"
"V2TXN-003965","CUST-V2-0997","2025-11-28T05:10:28.1550000+05:30","9218","UPI","Mobile","SG","SG","0","709","14","11282","false","false","0.8171","0"
"V2TXN-003966","CUST-V2-0438","2025-11-28T07:27:37.1400000+05:30","2123","CARD","Mobile","IN","IN","0","240","10","1757","false","false","1.2083","0"
"V2TXN-003967","CUST-V2-0334","2025-11-28T07:46:38.4510000+05:30","994","WALLET","Mobile","IN","IN","0","728","18","1278","false","false","0.7778","0"
"V2TXN-003968","CUST-V2-0133","2025-11-28T08:51:24.2160000+05:30","366","NETBANKING","Mobile","US","US","0","561","11","422","false","false","0.8673","0"
"V2TXN-003969","CUST-V2-0766","2025-11-28T10:29:26.3040000+05:30","3107","WALLET","Mobile","IN","IN","0","1617","40","2197","false","false","1.4142","0"
"V2TXN-003970","CUST-V2-0458","2025-11-28T11:32:17.2250000+05:30","2430","UPI","Desktop","IN","IN","1","743","19","2052","false","false","1.1842","0"
"V2TXN-003971","CUST-V2-0833","2025-11-28T11:56:26.5150000+05:30","2545","CARD","Mobile","US","US","1","858","25","2533","false","false","1.0047","0"
"V2TXN-003972","CUST-V2-0808","2025-11-28T12:02:17.5410000+05:30","3395","UPI","Mobile","IN","IN","0","171","5","2383","false","false","1.4247","0"
"V2TXN-003973","CUST-V2-0531","2025-11-28T12:54:57.0640000+05:30","192","CARD","Mobile","DE","DE","0","1333","29","356","false","false","0.5393","0"
"V2TXN-003974","CUST-V2-0052","2025-11-28T16:02:11.1130000+05:30","2469","NETBANKING","Mobile","SA","SA","0","1374","20","2001","false","false","1.2339","0"
"V2TXN-003975","CUST-V2-0195","2025-11-28T16:13:16.5200000+05:30","5817","UPI","Mobile","IN","IN","0","1308","32","3749","false","false","1.5516","0"
"V2TXN-003976","CUST-V2-0280","2025-11-28T17:11:00.3390000+05:30","1994","CARD","Desktop","AU","AU","0","1480","19","1517","false","false","1.3144","0"
"V2TXN-003977","CUST-V2-0145","2025-11-28T17:27:35.3980000+05:30","1167","CARD","Desktop","IN","IN","1","514","5","926","false","false","1.2603","0"
"V2TXN-003978","CUST-V2-0222","2025-11-28T18:44:43.6490000+05:30","492","CARD","Mobile","SA","SA","0","973","16","434","false","false","1.1336","0"
"V2TXN-003979","CUST-V2-0567","2025-11-28T18:47:12.7930000+05:30","10110","CARD","Tablet","IN","AE","3","745","21","7374","false","true","1.3710","1"
"V2TXN-003980","CUST-V2-0910","2025-11-28T20:50:15.6450000+05:30","3519","NETBANKING","Desktop","SA","SA","0","1667","34","2093","false","false","1.6813","0"
"V2TXN-003981","CUST-V2-0139","2025-11-28T22:54:10.5950000+05:30","2242","UPI","Mobile","IN","IN","0","967","11","1303","false","false","1.7206","0"
"V2TXN-003982","CUST-V2-0576","2025-11-28T23:16:26.7160000+05:30","1320","WALLET","Mobile","IN","IN","0","1327","30","1437","false","false","0.9186","0"
"V2TXN-003983","CUST-V2-0383","2025-11-29T00:24:47.3230000+05:30","837","UPI","Mobile","IN","IN","0","151","6","1005","false","false","0.8328","0"
"V2TXN-003984","CUST-V2-0231","2025-11-29T00:36:52.1980000+05:30","4699","UPI","Mobile","IN","IN","0","1221","24","5365","false","false","0.8759","0"
"V2TXN-003985","CUST-V2-0286","2025-11-29T03:07:10.8650000+05:30","3102","UPI","Desktop","IN","IN","1","1727","37","1957","false","false","1.5851","0"
"V2TXN-003986","CUST-V2-0111","2025-11-29T03:47:26.8930000+05:30","619","CARD","Desktop","IN","IN","1","1408","27","879","false","false","0.7042","0"
"V2TXN-003987","CUST-V2-0464","2025-11-29T06:07:34.2020000+05:30","3507","WALLET","Tablet","US","US","0","965","21","2349","false","false","1.4930","0"
"V2TXN-003988","CUST-V2-0145","2025-11-29T07:51:18.5060000+05:30","1735","WALLET","Desktop","IN","IN","0","515","6","966","false","false","1.7961","1"
"V2TXN-003989","CUST-V2-0139","2025-11-29T08:16:26.8740000+05:30","3278","UPI","Mobile","IN","IN","0","967","12","1381","false","false","2.3736","0"
"V2TXN-003990","CUST-V2-0500","2025-11-29T09:06:16.1650000+05:30","1925","CARD","Mobile","CA","CA","0","757","27","2391","false","false","0.8051","0"
"V2TXN-003991","CUST-V2-0136","2025-11-29T10:04:18.5480000+05:30","1119","UPI","Mobile","GB","GB","0","1160","17","2492","false","false","0.4490","0"
"V2TXN-003992","CUST-V2-0294","2025-11-29T10:26:35.0510000+05:30","5084","WALLET","Desktop","GB","IN","1","699","14","1997","false","true","2.5458","1"
"V2TXN-003993","CUST-V2-0065","2025-11-29T11:44:41.6850000+05:30","4132","CARD","Desktop","US","US","0","759","16","3279","false","false","1.2601","0"
"V2TXN-003994","CUST-V2-0261","2025-11-29T11:48:09.1260000+05:30","2978","UPI","Mobile","IN","IN","0","1424","40","3982","false","false","0.7479","0"
"V2TXN-003995","CUST-V2-0221","2025-11-29T12:02:01.9370000+05:30","5539","CARD","Desktop","IN","IN","0","908","19","5238","false","false","1.0575","0"
"V2TXN-003996","CUST-V2-0271","2025-11-29T12:51:34.0790000+05:30","553","UPI","Desktop","SA","SA","0","511","7","1446","false","false","0.3824","0"
"V2TXN-003997","CUST-V2-0752","2025-11-29T15:43:12.9460000+05:30","206","WALLET","Mobile","SA","SA","0","1185","22","273","false","false","0.7546","0"
"V2TXN-003998","CUST-V2-0405","2025-11-29T15:51:14.3330000+05:30","2323","WALLET","Mobile","IN","IN","0","1427","31","3913","false","false","0.5937","0"
"V2TXN-003999","CUST-V2-0145","2025-11-29T16:38:04.9720000+05:30","2328","WALLET","Mobile","GB","IN","0","515","7","1076","false","true","2.1636","1"
"V2TXN-004000","CUST-V2-0842","2025-11-29T16:42:03.5950000+05:30","1090","CARD","Mobile","SG","SG","5","288","5","2449","false","false","0.4451","1"
"V2TXN-004001","CUST-V2-0114","2025-11-29T17:39:09.8600000+05:30","15459","UPI","Mobile","AU","AU","1","831","21","11645","false","false","1.3275","0"
"V2TXN-004002","CUST-V2-0812","2025-11-29T18:31:33.7170000+05:30","1174","BANK_TRANSFER","Mobile","IN","IN","0","1476","35","1086","false","false","1.0810","0"
"V2TXN-004003","CUST-V2-0600","2025-11-29T19:49:08.2530000+05:30","1241","UPI","Mobile","IN","IN","1","511","14","1739","false","false","0.7136","0"
"V2TXN-004004","CUST-V2-0989","2025-11-29T20:01:11.3080000+05:30","2670","WALLET","Mobile","GB","GB","2","293","5","2058","false","false","1.2974","0"
"V2TXN-004005","CUST-V2-0339","2025-11-29T21:09:12.0690000+05:30","8020","UPI","Mobile","SG","SG","1","863","17","5134","false","false","1.5621","0"
"V2TXN-004006","CUST-V2-0334","2025-11-29T21:57:58.9140000+05:30","1208","WALLET","Mobile","IN","IN","0","730","19","1263","false","false","0.9565","0"
"V2TXN-004007","CUST-V2-0445","2025-11-29T22:08:01.1160000+05:30","1737","WALLET","Mobile","IN","IN","0","195","6","1686","false","false","1.0302","0"
"V2TXN-004008","CUST-V2-0271","2025-11-29T22:52:36.5470000+05:30","1253","UPI","Desktop","SA","SA","0","511","8","1334","false","false","0.9393","0"
"V2TXN-004009","CUST-V2-0145","2025-11-29T23:37:04.7770000+05:30","875","CARD","Desktop","IN","IN","0","515","8","1232","false","false","0.7102","0"
"V2TXN-004010","CUST-V2-0979","2025-11-30T01:13:14.0360000+05:30","1018","BANK_TRANSFER","Mobile","AE","AE","0","1202","23","1252","false","false","0.8131","0"
"V2TXN-004011","CUST-V2-0042","2025-11-30T02:48:05.1040000+05:30","3075","UPI","Desktop","US","US","0","1217","24","3941","false","false","0.7803","0"
"V2TXN-004012","CUST-V2-0920","2025-11-30T03:42:45.3810000+05:30","5425","UPI","Mobile","IN","IN","0","1342","37","3984","false","false","1.3617","0"
"V2TXN-004013","CUST-V2-0028","2025-11-30T04:39:36.7120000+05:30","581","UPI","Mobile","IN","IN","0","598","6","680","false","false","0.8544","0"
"V2TXN-004014","CUST-V2-0828","2025-11-30T05:15:04.5950000+05:30","3441","WALLET","Desktop","IN","IN","0","1296","39","2285","false","false","1.5059","0"
"V2TXN-004015","CUST-V2-0199","2025-11-30T05:31:39.1390000+05:30","7392","CARD","Mobile","IN","IN","0","848","12","5705","false","false","1.2957","0"
"V2TXN-004016","CUST-V2-0761","2025-11-30T05:40:33.0750000+05:30","508","UPI","Mobile","IN","IN","0","1198","22","437","false","false","1.1625","0"
"V2TXN-004017","CUST-V2-0098","2025-11-30T05:43:14.8760000+05:30","837","CARD","Mobile","IN","IN","0","359","14","712","false","false","1.1756","0"
"V2TXN-004018","CUST-V2-0638","2025-11-30T05:59:46.7820000+05:30","419","CARD","Mobile","IN","IN","5","500","11","1213","false","false","0.3454","1"
"V2TXN-004019","CUST-V2-0087","2025-11-30T06:56:41.6710000+05:30","3240","CARD","Desktop","AU","AU","1","279","9","2749","false","false","1.1786","0"
"V2TXN-004020","CUST-V2-0101","2025-11-30T11:47:19.8020000+05:30","747","UPI","Desktop","IN","IN","0","569","15","922","false","false","0.8102","0"
"V2TXN-004021","CUST-V2-0239","2025-11-30T12:59:12.6630000+05:30","4799","NETBANKING","Mobile","IN","IN","0","286","5","4966","false","false","0.9664","0"
"V2TXN-004022","CUST-V2-0079","2025-11-30T13:54:51.6860000+05:30","5362","CARD","Mobile","US","US","1","1602","36","4335","false","false","1.2369","0"
"V2TXN-004023","CUST-V2-0004","2025-11-30T15:09:00.8530000+05:30","294","CARD","Mobile","IN","IN","2","305","6","4822","false","false","0.0610","0"
"V2TXN-004024","CUST-V2-0383","2025-11-30T15:19:45.4340000+05:30","483","UPI","Mobile","IN","IN","0","153","7","981","false","false","0.4924","0"
"V2TXN-004025","CUST-V2-0417","2025-11-30T18:18:15.1380000+05:30","1706","UPI","Mobile","IN","IN","0","1102","27","1695","false","false","1.0065","0"
"V2TXN-004026","CUST-V2-0563","2025-11-30T19:30:57.7720000+05:30","495","UPI","Mobile","US","US","0","659","12","935","false","false","0.5294","0"
"V2TXN-004027","CUST-V2-0009","2025-11-30T19:44:23.4700000+05:30","3855","UPI","Mobile","IN","IN","0","333","7","2935","false","false","1.3135","0"
"V2TXN-004028","CUST-V2-0712","2025-11-30T20:25:21.9580000+05:30","2671","CARD","Mobile","IN","CA","2","1159","24","1438","false","true","1.8574","1"
"V2TXN-004029","CUST-V2-0482","2025-11-30T21:59:52.4360000+05:30","2060","CARD","Desktop","GB","IN","4","1106","14","864","false","true","2.3843","1"
"V2TXN-004030","CUST-V2-0616","2025-11-30T22:25:06.5120000+05:30","4355","UPI","Desktop","IN","IN","0","636","19","3387","false","false","1.2858","0"
"V2TXN-004031","CUST-V2-0916","2025-11-30T23:05:56.0510000+05:30","1291","CARD","Desktop","IN","IN","0","1590","47","2000","false","false","0.6455","0"
"V2TXN-004032","CUST-V2-0505","2025-12-01T00:53:41.4840000+05:30","876","CARD","Mobile","IN","IN","0","1455","20","985","false","false","0.8893","0"
"V2TXN-004033","CUST-V2-0423","2025-12-01T02:59:50.0940000+05:30","729","UPI","Mobile","AU","AU","0","1312","33","1182","false","false","0.6168","0"
"V2TXN-004034","CUST-V2-0122","2025-12-01T04:03:43.4250000+05:30","227","CARD","Mobile","AE","IN","3","1142","31","490","false","true","0.4633","0"
"V2TXN-004035","CUST-V2-0560","2025-12-01T04:06:46.3330000+05:30","1734","CARD","Mobile","AE","AE","0","774","21","1046","false","false","1.6577","0"
"V2TXN-004036","CUST-V2-0128","2025-12-01T04:40:35.2630000+05:30","1020","CARD","Mobile","IN","IN","0","615","8","1073","false","false","0.9506","0"
"V2TXN-004037","CUST-V2-0167","2025-12-01T05:55:01.8190000+05:30","1300","BANK_TRANSFER","Mobile","IN","IN","0","671","11","779","false","false","1.6688","0"
"V2TXN-004038","CUST-V2-0691","2025-12-01T06:35:59.6920000+05:30","2518","UPI","Mobile","IN","IN","0","1422","20","1730","false","false","1.4555","0"
"V2TXN-004039","CUST-V2-0173","2025-12-01T10:51:29.4160000+05:30","3232","UPI","Desktop","IN","IN","0","1452","41","5300","false","false","0.6098","0"
"V2TXN-004040","CUST-V2-0470","2025-12-01T11:56:43.7810000+05:30","695","WALLET","Tablet","IN","IN","1","1004","19","1024","false","false","0.6787","0"
"V2TXN-004041","CUST-V2-0585","2025-12-01T12:06:38.7100000+05:30","1553","CARD","Mobile","IN","IN","1","1444","21","977","false","false","1.5896","0"
"V2TXN-004042","CUST-V2-0182","2025-12-01T12:44:37.4580000+05:30","1951","UPI","Tablet","DE","DE","0","912","17","1067","false","false","1.8285","0"
"V2TXN-004043","CUST-V2-0636","2025-12-01T13:08:03.5120000+05:30","1142","CARD","Desktop","SA","SA","0","1151","15","2081","false","false","0.5488","0"
"V2TXN-004044","CUST-V2-0500","2025-12-01T13:10:38.8340000+05:30","2423","UPI","Mobile","CA","CA","0","759","28","2374","false","false","1.0206","0"
"V2TXN-004045","CUST-V2-0307","2025-12-01T13:54:33.3580000+05:30","780","CARD","Mobile","IN","IN","0","1261","23","746","false","false","1.0456","0"
"V2TXN-004046","CUST-V2-0339","2025-12-01T14:05:29.4020000+05:30","3824","UPI","Mobile","SG","SG","0","865","18","5294","false","false","0.7223","0"
"V2TXN-004047","CUST-V2-0721","2025-12-01T14:50:33.2940000+05:30","989","WALLET","Mobile","IN","IN","1","1451","27","1063","false","false","0.9304","0"
"V2TXN-004048","CUST-V2-0379","2025-12-01T15:58:54.9280000+05:30","657","CARD","Desktop","IN","IN","1","711","19","628","false","false","1.0462","1"
"V2TXN-004049","CUST-V2-0546","2025-12-01T16:26:22.8850000+05:30","5370","CARD","Mobile","US","IN","1","563","8","2331","false","true","2.3037","1"
"V2TXN-004050","CUST-V2-0003","2025-12-01T16:40:52.4120000+05:30","1188","UPI","Mobile","IN","IN","0","983","26","1260","false","false","0.9429","0"
"V2TXN-004051","CUST-V2-0588","2025-12-01T18:07:54.5580000+05:30","1238","CARD","Mobile","IN","IN","0","922","22","907","false","false","1.3649","0"
"V2TXN-004052","CUST-V2-0266","2025-12-01T18:52:50.5610000+05:30","977","UPI","Desktop","IN","IN","0","841","24","967","false","false","1.0103","1"
"V2TXN-004053","CUST-V2-0819","2025-12-01T18:54:32.4280000+05:30","1749","UPI","Mobile","AE","IN","2","264","5","1412","false","true","1.2387","1"
"V2TXN-004054","CUST-V2-0586","2025-12-01T20:02:33.7720000+05:30","711","NETBANKING","Mobile","IN","IN","0","424","8","1110","false","false","0.6405","0"
"V2TXN-004055","CUST-V2-0574","2025-12-01T20:23:26.3620000+05:30","4942","UPI","Mobile","IN","IN","0","312","9","4338","false","false","1.1392","0"
"V2TXN-004056","CUST-V2-0199","2025-12-01T20:34:03.4310000+05:30","13542","CARD","Desktop","SG","IN","1","850","13","5835","false","true","2.3208","1"
"V2TXN-004057","CUST-V2-0650","2025-12-01T20:52:34.1010000+05:30","760","CARD","Mobile","IN","IN","0","350","7","1650","false","false","0.4606","0"
"V2TXN-004058","CUST-V2-0699","2025-12-01T21:26:29.5240000+05:30","1754","CARD","Mobile","IN","IN","0","1028","27","2258","false","false","0.7768","0"
"V2TXN-004059","CUST-V2-0538","2025-12-01T22:31:57.3520000+05:30","5945","CARD","Desktop","IN","IN","2","1060","27","4209","false","false","1.4124","1"
"V2TXN-004060","CUST-V2-0321","2025-12-01T23:59:48.3450000+05:30","4387","UPI","Mobile","IN","IN","0","1223","17","2231","false","false","1.9664","0"
"V2TXN-004061","CUST-V2-0832","2025-12-02T00:29:03.4110000+05:30","1205","WALLET","Tablet","US","IN","0","1146","17","923","false","true","1.3055","0"
"V2TXN-004062","CUST-V2-0315","2025-12-02T00:54:40.5010000+05:30","1231","CARD","Desktop","SA","SA","0","236","6","1946","false","false","0.6326","0"
"V2TXN-004063","CUST-V2-0636","2025-12-02T02:39:40.4120000+05:30","2955","CARD","Desktop","SA","SA","0","1152","16","2022","false","false","1.4614","0"
"V2TXN-004064","CUST-V2-0724","2025-12-02T05:45:43.2820000+05:30","19055","CARD","Desktop","IN","IN","0","334","7","7122","false","false","2.6755","1"
"V2TXN-004065","CUST-V2-0685","2025-12-02T07:10:52.0710000+05:30","2681","CARD","Desktop","IN","IN","1","547","9","2576","false","false","1.0408","0"
"V2TXN-004066","CUST-V2-0859","2025-12-02T13:38:17.5320000+05:30","2507","UPI","Desktop","CA","CA","0","1567","21","1925","false","false","1.3023","0"
"V2TXN-004067","CUST-V2-0864","2025-12-02T14:09:53.9620000+05:30","1194","UPI","Mobile","IN","IN","1","1283","21","1574","false","false","0.7586","0"
"V2TXN-004068","CUST-V2-0133","2025-12-02T14:56:56.4870000+05:30","745","NETBANKING","Mobile","US","US","0","565","12","417","false","false","1.7866","0"
"V2TXN-004069","CUST-V2-0791","2025-12-02T18:24:19.8870000+05:30","5301","UPI","Mobile","IN","IN","0","598","18","2376","false","false","2.2311","0"
"V2TXN-004070","CUST-V2-0003","2025-12-02T18:40:03.4780000+05:30","1166","UPI","Mobile","IN","IN","0","984","27","1257","false","false","0.9276","0"
"V2TXN-004071","CUST-V2-0531","2025-12-02T19:31:41.1220000+05:30","427","CARD","Mobile","DE","DE","1","1337","30","350","false","false","1.22","0"
"V2TXN-004072","CUST-V2-0979","2025-12-02T20:33:58.5750000+05:30","2373","BANK_TRANSFER","Mobile","AE","AE","1","1205","24","1242","false","false","1.9106","0"
"V2TXN-004073","CUST-V2-0190","2025-12-02T21:26:48.3010000+05:30","2807","WALLET","Desktop","IN","IN","0","308","4","3138","false","false","0.8945","0"
"V2TXN-004074","CUST-V2-0795","2025-12-02T21:56:36.9900000+05:30","1251","NETBANKING","Mobile","US","US","0","1426","38","1362","false","false","0.9185","1"
"V2TXN-004075","CUST-V2-0724","2025-12-02T22:38:01.4290000+05:30","8461","UPI","Mobile","IN","IN","0","335","8","8614","false","false","0.9822","0"
"V2TXN-004076","CUST-V2-0415","2025-12-02T22:44:30.7580000+05:30","4410","UPI","Tablet","IN","IN","0","460","7","2162","false","false","2.0398","0"
"V2TXN-004077","CUST-V2-0849","2025-12-02T23:42:07.6730000+05:30","1609","UPI","Desktop","IN","IN","0","1467","20","994","false","false","1.6187","0"
"V2TXN-004078","CUST-V2-0542","2025-12-03T00:36:28.9200000+05:30","821","CARD","Mobile","IN","IN","0","1165","31","759","false","false","1.0817","0"
"V2TXN-004079","CUST-V2-0586","2025-12-03T03:34:08.6080000+05:30","1227","NETBANKING","Mobile","IN","IN","0","426","9","1066","false","false","1.1510","0"
"V2TXN-004080","CUST-V2-0478","2025-12-03T06:04:47.5500000+05:30","5081","UPI","Mobile","IN","IN","0","379","12","2945","false","false","1.7253","0"
"V2TXN-004081","CUST-V2-0364","2025-12-03T06:33:37.3600000+05:30","5610","WALLET","Mobile","US","CA","0","1421","33","3444","false","true","1.6289","1"
"V2TXN-004082","CUST-V2-0802","2025-12-03T07:06:59.7130000+05:30","4830","CARD","Mobile","IN","IN","1","768","19","3580","false","false","1.3492","0"
"V2TXN-004083","CUST-V2-0989","2025-12-03T09:09:59.2160000+05:30","2141","UPI","Mobile","GB","GB","1","297","6","2160","false","false","0.9912","0"
"V2TXN-004084","CUST-V2-0572","2025-12-03T10:15:33.7410000+05:30","9537","CARD","Mobile","US","US","1","307","6","15214","false","false","0.6269","0"
"V2TXN-004085","CUST-V2-0528","2025-12-03T10:16:40.4330000+05:30","1751","UPI","Desktop","DE","DE","0","242","7","2252","false","false","0.7775","0"
"V2TXN-004086","CUST-V2-0758","2025-12-03T10:40:48.8930000+05:30","1769","CARD","Desktop","IN","IN","0","1263","19","1973","false","false","0.8966","0"
"V2TXN-004087","CUST-V2-0753","2025-12-03T11:59:23.1030000+05:30","470","UPI","Mobile","IN","IN","0","821","20","792","false","false","0.5934","0"
"V2TXN-004088","CUST-V2-0203","2025-12-03T14:05:10.1130000+05:30","2918","NETBANKING","Desktop","DE","DE","0","792","16","1914","false","false","1.5246","0"
"V2TXN-004089","CUST-V2-0791","2025-12-03T15:10:13.0850000+05:30","3382","UPI","Mobile","IN","IN","0","599","19","2530","false","false","1.3368","0"
"V2TXN-004090","CUST-V2-0188","2025-12-03T15:41:57.0580000+05:30","548","UPI","Mobile","SA","SA","0","1199","33","1201","false","false","0.4563","0"
"V2TXN-004091","CUST-V2-0851","2025-12-03T17:16:56.4220000+05:30","984","CARD","Mobile","US","US","0","1349","17","1316","false","false","0.7477","0"
"V2TXN-004092","CUST-V2-0211","2025-12-03T18:23:22.9360000+05:30","2090","CARD","Mobile","IN","IN","0","317","4","2528","false","false","0.8267","0"
"V2TXN-004093","CUST-V2-0348","2025-12-03T19:20:10.8050000+05:30","844","UPI","Mobile","US","US","0","918","17","834","false","false","1.0120","0"
"V2TXN-004094","CUST-V2-0422","2025-12-03T20:14:49.5990000+05:30","1675","WALLET","Mobile","AU","AU","0","1069","30","1145","false","false","1.4629","0"
"V2TXN-004095","CUST-V2-0530","2025-12-03T20:52:51.9130000+05:30","4027","CARD","Tablet","IN","IN","0","817","23","2464","false","false","1.6343","1"
"V2TXN-004096","CUST-V2-0354","2025-12-03T22:49:54.0300000+05:30","2722","NETBANKING","Desktop","US","US","0","243","4","1341","false","false","2.0298","0"
"V2TXN-004097","CUST-V2-0658","2025-12-03T22:50:16.4500000+05:30","1203","BANK_TRANSFER","Mobile","IN","IN","0","289","7","1538","false","false","0.7822","0"
"V2TXN-004098","CUST-V2-0346","2025-12-04T00:00:36.9710000+05:30","1783","UPI","Mobile","IN","IN","1","1260","29","2440","false","false","0.7307","0"
"V2TXN-004099","CUST-V2-0339","2025-12-04T00:47:06.6930000+05:30","4299","UPI","Mobile","SG","SG","0","867","19","5217","false","false","0.8240","0"
"V2TXN-004100","CUST-V2-0119","2025-12-04T02:35:21.7080000+05:30","2562","CARD","Mobile","IN","IN","1","330","5","2281","false","false","1.1232","0"
"V2TXN-004101","CUST-V2-0492","2025-12-04T04:44:00.9520000+05:30","2107","UPI","Mobile","IN","IN","0","819","21","2130","false","false","0.9892","0"
"V2TXN-004102","CUST-V2-0101","2025-12-04T10:15:36.6930000+05:30","789","UPI","Desktop","IN","IN","0","573","16","911","false","false","0.8661","0"
"V2TXN-004103","CUST-V2-0986","2025-12-04T10:32:59.5510000+05:30","6578","UPI","Desktop","US","US","0","1411","33","4305","false","false","1.5280","0"
"V2TXN-004104","CUST-V2-0576","2025-12-04T12:49:07.9530000+05:30","1311","WALLET","Mobile","IN","IN","0","1332","31","1433","false","false","0.9149","0"
"V2TXN-004105","CUST-V2-0221","2025-12-04T12:59:03.2420000+05:30","3064","CARD","Desktop","IN","IN","0","913","20","5253","false","false","0.5833","0"
"V2TXN-004106","CUST-V2-0928","2025-12-04T15:00:44.2580000+05:30","1988","NETBANKING","Mobile","DE","DE","0","1548","21","2563","false","false","0.7757","0"
"V2TXN-004107","CUST-V2-0576","2025-12-04T16:21:52.4110000+05:30","1368","CARD","Mobile","IN","IN","0","1333","32","1429","false","false","0.9573","0"
"V2TXN-004108","CUST-V2-0260","2025-12-04T16:47:16.6470000+05:30","5092","UPI","Mobile","AE","AE","0","978","23","6416","false","false","0.7936","0"
"V2TXN-004109","CUST-V2-0284","2025-12-04T17:05:28.7060000+05:30","1393","UPI","Desktop","IN","IN","0","806","16","2246","false","false","0.6202","0"
"V2TXN-004110","CUST-V2-0126","2025-12-04T17:12:37.9700000+05:30","752","WALLET","Desktop","SG","SG","0","1421","16","478","false","false","1.5732","0"
"V2TXN-004111","CUST-V2-0091","2025-12-04T19:13:12.7150000+05:30","7629","WALLET","Mobile","IN","IN","0","887","14","6951","false","false","1.0975","1"
"V2TXN-004112","CUST-V2-0873","2025-12-04T19:29:18.8770000+05:30","260","UPI","Mobile","IN","IN","0","292","8","320","false","false","0.8125","0"
"V2TXN-004113","CUST-V2-0262","2025-12-04T19:57:45.0640000+05:30","1575","CARD","Desktop","US","US","1","1012","24","2091","false","false","0.7532","0"
"V2TXN-004114","CUST-V2-0592","2025-12-04T22:03:44.7340000+05:30","2496","WALLET","Mobile","GB","GB","0","304","7","2286","false","false","1.0919","0"
"V2TXN-004115","CUST-V2-0490","2025-12-05T02:39:34.3580000+05:30","4964","CARD","Mobile","SG","IN","3","382","7","3898","false","true","1.2735","1"
"V2TXN-004116","CUST-V2-0748","2025-12-05T03:19:44.1480000+05:30","1199","NETBANKING","Mobile","SG","SG","0","1099","29","1001","false","false","1.1978","0"
"V2TXN-004117","CUST-V2-0234","2025-12-05T03:20:03.0480000+05:30","1295","UPI","Mobile","SG","SG","0","1402","20","1954","false","false","0.6627","0"
"V2TXN-004118","CUST-V2-0173","2025-12-05T03:24:46.4090000+05:30","5804","CARD","Mobile","IN","IN","1","1456","42","5251","false","false","1.1053","0"
"V2TXN-004119","CUST-V2-0381","2025-12-05T03:48:45.3400000+05:30","2265","UPI","Desktop","SG","SG","0","1172","18","3368","false","false","0.6725","0"
"V2TXN-004120","CUST-V2-0720","2025-12-05T04:43:22.8770000+05:30","2845","UPI","Mobile","AU","AU","0","1081","32","3029","false","false","0.9393","0"
"V2TXN-004121","CUST-V2-0729","2025-12-05T06:27:06.1820000+05:30","417","UPI","Mobile","US","US","0","632","17","253","false","false","1.6482","0"
"V2TXN-004122","CUST-V2-0677","2025-12-05T09:10:12.9320000+05:30","1532","CARD","Desktop","US","IN","4","318","7","1246","false","true","1.2295","1"
"V2TXN-004123","CUST-V2-0358","2025-12-05T09:31:38.0240000+05:30","755","CARD","Mobile","IN","IN","0","1590","37","766","false","false","0.9856","0"
"V2TXN-004124","CUST-V2-0024","2025-12-05T11:10:21.4620000+05:30","2574","CARD","Mobile","IN","IN","1","307","4","4806","false","false","0.5356","0"
"V2TXN-004125","CUST-V2-0622","2025-12-05T11:37:33.6660000+05:30","1195","CARD","Mobile","US","US","0","318","10","962","false","false","1.2422","0"
"V2TXN-004126","CUST-V2-0842","2025-12-05T11:50:25.8620000+05:30","2963","CARD","Mobile","SG","SG","0","293","6","2223","false","false","1.3329","0"
"V2TXN-004127","CUST-V2-0797","2025-12-05T12:21:06.8120000+05:30","511","NETBANKING","Tablet","SG","SG","3","227","6","814","false","false","0.6278","0"
"V2TXN-004128","CUST-V2-0218","2025-12-05T13:02:15.5030000+05:30","1467","UPI","Mobile","IN","IN","0","1668","48","1784","false","false","0.8223","0"
"V2TXN-004129","CUST-V2-0818","2025-12-05T13:21:12.5320000+05:30","614","CARD","Tablet","GB","GB","2","1133","24","4896","false","false","0.1254","0"
"V2TXN-004130","CUST-V2-0956","2025-12-05T13:49:24.9090000+05:30","7144","CARD","Desktop","AU","AU","0","142","6","3592","false","false","1.9889","0"
"V2TXN-004131","CUST-V2-0463","2025-12-05T14:14:09.6090000+05:30","6013","CARD","Mobile","IN","IN","0","792","12","4798","false","false","1.2532","0"
"V2TXN-004132","CUST-V2-0749","2025-12-05T16:10:17.6860000+05:30","1711","CARD","Desktop","IN","IN","1","993","15","1371","false","false","1.2480","1"
"V2TXN-004133","CUST-V2-0931","2025-12-05T16:30:35.9350000+05:30","4063","CARD","Mobile","IN","IN","1","620","14","3961","false","false","1.0258","0"
"V2TXN-004134","CUST-V2-0117","2025-12-05T16:41:40.3700000+05:30","744","NETBANKING","Mobile","IN","IN","0","1468","20","1026","false","false","0.7251","0"
"V2TXN-004135","CUST-V2-0676","2025-12-05T17:33:59.3040000+05:30","3628","CARD","Tablet","IN","IN","4","553","12","2256","false","false","1.6082","1"
"V2TXN-004136","CUST-V2-0736","2025-12-05T18:26:40.5140000+05:30","158","UPI","Desktop","SG","SG","0","1053","25","312","false","false","0.5064","0"
"V2TXN-004137","CUST-V2-0488","2025-12-05T18:28:18.2040000+05:30","1660","UPI","Desktop","AE","IN","0","127","6","969","false","true","1.7131","0"
"V2TXN-004138","CUST-V2-0765","2025-12-05T19:36:27.2270000+05:30","5411","CARD","Tablet","IN","IN","0","1170","21","5355","false","false","1.0105","1"
"V2TXN-004139","CUST-V2-0294","2025-12-05T21:00:27.0750000+05:30","2511","WALLET","Desktop","IN","IN","0","706","15","2203","false","false","1.1398","0"
"V2TXN-004140","CUST-V2-0343","2025-12-05T21:58:16.2030000+05:30","979","UPI","Desktop","IN","IN","0","855","12","1362","false","false","0.7188","0"
"V2TXN-004141","CUST-V2-0141","2025-12-05T22:19:54.0520000+05:30","1554","UPI","Mobile","IN","IN","0","861","15","882","false","false","1.7619","0"
"V2TXN-004142","CUST-V2-0602","2025-12-05T22:46:07.2960000+05:30","1110","UPI","Mobile","IN","IN","0","672","13","2454","false","false","0.4523","0"
"V2TXN-004143","CUST-V2-0713","2025-12-05T23:03:12.8700000+05:30","2039","CARD","Mobile","IN","IN","0","805","16","1925","false","false","1.0592","0"
"V2TXN-004144","CUST-V2-0678","2025-12-05T23:13:27.4540000+05:30","998","CARD","Mobile","IN","IN","0","1190","23","1365","false","false","0.7311","0"
"V2TXN-004145","CUST-V2-0188","2025-12-05T23:29:14.6030000+05:30","1634","UPI","Mobile","IN","SA","1","1201","34","1181","false","true","1.3836","0"
"V2TXN-004146","CUST-V2-0332","2025-12-06T00:17:58.3330000+05:30","4139","UPI","Mobile","IN","IN","0","1332","17","3249","false","false","1.2739","0"
"V2TXN-004147","CUST-V2-0651","2025-12-06T00:23:55.8550000+05:30","4155","UPI","Mobile","AU","IN","0","895","14","2534","false","true","1.6397","1"
"V2TXN-004148","CUST-V2-0092","2025-12-06T00:45:08.6890000+05:30","4566","WALLET","Desktop","US","IN","0","397","8","3898","false","true","1.1714","1"
"V2TXN-004149","CUST-V2-0926","2025-12-06T01:42:34.6580000+05:30","958","CARD","Desktop","AE","IN","1","1429","14","1181","false","true","0.8112","0"
"V2TXN-004150","CUST-V2-0040","2025-12-06T01:50:24.5400000+05:30","5731","CARD","Desktop","IN","IN","1","723","12","3251","false","false","1.7628","1"
"V2TXN-004151","CUST-V2-0586","2025-12-06T02:16:22.5080000+05:30","623","NETBANKING","Mobile","IN","IN","1","429","10","1082","false","false","0.5758","0"
"V2TXN-004152","CUST-V2-0586","2025-12-06T02:19:13.4870000+05:30","1597","NETBANKING","Mobile","IN","IN","0","429","11","1040","false","false","1.5356","0"
"V2TXN-004153","CUST-V2-0803","2025-12-06T03:06:22.9500000+05:30","3726","UPI","Mobile","IN","IN","0","1265","19","3669","false","false","1.0155","0"
"V2TXN-004154","CUST-V2-0377","2025-12-06T04:26:44.8440000+05:30","6285","UPI","Desktop","AE","AE","0","229","7","5626","false","false","1.1171","0"
"V2TXN-004155","CUST-V2-0378","2025-12-06T05:01:23.3910000+05:30","5579","UPI","Mobile","US","US","0","311","3","5951","false","false","0.9375","0"
"V2TXN-004156","CUST-V2-0593","2025-12-06T05:33:23.1740000+05:30","3662","UPI","Mobile","IN","IN","0","697","8","3857","false","false","0.9494","0"
"V2TXN-004157","CUST-V2-0100","2025-12-06T06:25:39.1890000+05:30","3133","UPI","Mobile","US","IN","0","600","17","1604","false","true","1.9532","1"
"V2TXN-004158","CUST-V2-0669","2025-12-06T08:33:42.8890000+05:30","1669","CARD","Desktop","IN","IN","0","697","22","817","false","false","2.0428","0"
"V2TXN-004159","CUST-V2-0487","2025-12-06T08:59:16.0600000+05:30","2323","NETBANKING","Mobile","IN","IN","1","1154","27","2459","false","false","0.9447","0"
"V2TXN-004160","CUST-V2-0381","2025-12-06T13:39:14.1790000+05:30","5120","CARD","Desktop","SG","SG","0","1173","19","3310","false","false","1.5468","0"
"V2TXN-004161","CUST-V2-0202","2025-12-06T13:54:10.3350000+05:30","2323","UPI","Tablet","DE","DE","0","181","4","1936","false","false","1.1999","0"
"V2TXN-004162","CUST-V2-0336","2025-12-06T14:40:21.9660000+05:30","670","UPI","Desktop","IN","IN","0","440","6","992","false","false","0.6754","0"
"V2TXN-004163","CUST-V2-0159","2025-12-06T15:03:18.4240000+05:30","1691","CARD","Mobile","CA","CA","0","1663","34","1822","false","false","0.9281","0"
"V2TXN-004164","CUST-V2-0291","2025-12-06T15:19:39.0400000+05:30","1703","UPI","Mobile","IN","IN","0","747","22","2051","false","false","0.8303","0"
"V2TXN-004165","CUST-V2-0931","2025-12-06T16:10:47.2890000+05:30","5302","CARD","Mobile","IN","IN","0","621","15","3968","false","false","1.3362","0"
"V2TXN-004166","CUST-V2-0977","2025-12-06T16:51:40.2040000+05:30","1200","CARD","Mobile","IN","IN","4","1059","25","1815","false","false","0.6612","1"
"V2TXN-004167","CUST-V2-0076","2025-12-06T17:18:47.9140000+05:30","259","WALLET","Mobile","IN","IN","4","338","10","809","false","false","0.3201","0"
"V2TXN-004168","CUST-V2-0430","2025-12-06T18:20:59.1990000+05:30","1820","NETBANKING","Mobile","US","US","0","359","10","3020","false","false","0.6026","0"
"V2TXN-004169","CUST-V2-0780","2025-12-06T18:31:05.3100000+05:30","1665","WALLET","Desktop","AE","AE","0","480","10","1667","false","false","0.9988","0"
"V2TXN-004170","CUST-V2-0702","2025-12-06T18:56:53.8030000+05:30","693","UPI","Mobile","US","US","0","569","13","1443","false","false","0.4802","0"
"V2TXN-004171","CUST-V2-0148","2025-12-06T19:22:59.6520000+05:30","504","CARD","Desktop","IN","IN","0","657","22","825","false","false","0.6109","1"
"V2TXN-004172","CUST-V2-0032","2025-12-06T19:45:48.5210000+05:30","885","CARD","Mobile","IN","IN","0","1306","34","1477","false","false","0.5992","0"
"V2TXN-004173","CUST-V2-0271","2025-12-06T20:15:52.1910000+05:30","1149","UPI","Mobile","SA","SA","0","518","9","1325","false","false","0.8672","0"
"V2TXN-004174","CUST-V2-0684","2025-12-06T20:18:18.1800000+05:30","3125","CARD","Mobile","IN","IN","0","537","7","4256","false","false","0.7343","0"
"V2TXN-004175","CUST-V2-0467","2025-12-06T20:59:53.2340000+05:30","898","WALLET","Desktop","AU","IN","0","1081","16","1096","false","true","0.8193","0"
"V2TXN-004176","CUST-V2-0563","2025-12-06T22:09:17.7470000+05:30","967","UPI","Mobile","US","US","0","666","13","901","false","false","1.0733","0"
"V2TXN-004177","CUST-V2-0092","2025-12-06T22:12:44.0270000+05:30","4869","WALLET","Desktop","IN","IN","0","397","9","3972","false","false","1.2258","0"
"V2TXN-004178","CUST-V2-0113","2025-12-06T22:54:53.5670000+05:30","1030","BANK_TRANSFER","Mobile","IN","IN","0","811","11","1833","false","false","0.5619","0"
"V2TXN-004179","CUST-V2-0977","2025-12-06T22:57:34.0870000+05:30","1161","CARD","Mobile","IN","IN","0","1059","26","1791","false","false","0.6482","0"
"V2TXN-004180","CUST-V2-0374","2025-12-06T23:01:07.4300000+05:30","8035","NETBANKING","Mobile","US","US","0","1033","28","6190","false","false","1.2981","0"
"V2TXN-004181","CUST-V2-0586","2025-12-07T00:33:03.6650000+05:30","746","UPI","Mobile","IN","IN","1","429","12","1087","false","false","0.6863","0"
"V2TXN-004182","CUST-V2-0007","2025-12-07T00:36:18.5920000+05:30","5128","UPI","Mobile","IN","IN","1","1482","23","4011","false","false","1.2785","0"
"V2TXN-004183","CUST-V2-0264","2025-12-07T00:57:11.4050000+05:30","2024","CARD","Tablet","IN","IN","0","372","5","1951","false","false","1.0374","1"
"V2TXN-004184","CUST-V2-0085","2025-12-07T00:58:31.3520000+05:30","6478","CARD","Desktop","SG","SG","0","699","16","4072","false","false","1.5909","1"
"V2TXN-004185","CUST-V2-0877","2025-12-07T02:16:25.5230000+05:30","666","CARD","Mobile","SG","SG","1","575","17","1212","false","false","0.5495","0"
"V2TXN-004186","CUST-V2-0877","2025-12-07T04:35:05.1290000+05:30","842","CARD","Mobile","SG","SG","0","575","18","1182","false","false","0.7124","0"
"V2TXN-004187","CUST-V2-0692","2025-12-07T04:48:55.9180000+05:30","1730","UPI","Mobile","IN","IN","1","243","6","1221","false","false","1.4169","0"
"V2TXN-004188","CUST-V2-0301","2025-12-07T05:06:46.3100000+05:30","4312","UPI","Desktop","US","US","1","1217","33","3617","false","false","1.1921","0"
"V2TXN-004189","CUST-V2-0848","2025-12-07T05:21:17.1970000+05:30","461","UPI","Desktop","IN","IN","0","343","9","621","false","false","0.7424","0"
"V2TXN-004190","CUST-V2-0374","2025-12-07T07:59:17.2000000+05:30","6052","UPI","Mobile","US","US","1","1033","29","6254","false","false","0.9677","0"
"V2TXN-004191","CUST-V2-0003","2025-12-07T08:21:29.7890000+05:30","1905","NETBANKING","Mobile","IN","IN","1","988","28","1254","false","false","1.5191","1"
"V2TXN-004192","CUST-V2-0599","2025-12-07T09:09:12.6570000+05:30","2295","BANK_TRANSFER","Desktop","IN","IN","0","1767","32","1545","false","false","1.4854","0"
"V2TXN-004193","CUST-V2-0456","2025-12-07T09:31:07.7930000+05:30","1336","CARD","Tablet","AU","AU","1","851","11","1153","false","false","1.1587","1"
"V2TXN-004194","CUST-V2-0181","2025-12-07T09:58:33.8590000+05:30","2392","CARD","Desktop","IN","IN","0","1035","26","3048","false","false","0.7848","0"
"V2TXN-004195","CUST-V2-0689","2025-12-07T12:26:54.3300000+05:30","1371","UPI","Mobile","IN","IN","1","237","7","1256","false","false","1.0916","0"
"V2TXN-004196","CUST-V2-0323","2025-12-07T14:00:20.1880000+05:30","3941","CARD","Mobile","IN","IN","0","1461","31","2522","false","false","1.5626","0"
"V2TXN-004197","CUST-V2-0598","2025-12-07T14:15:32.3440000+05:30","2222","CARD","Mobile","IN","IN","0","684","12","1484","false","false","1.4973","0"
"V2TXN-004198","CUST-V2-0208","2025-12-07T14:50:27.9160000+05:30","3640","BANK_TRANSFER","Desktop","IN","IN","0","1263","27","1851","false","false","1.9665","1"
"V2TXN-004199","CUST-V2-0749","2025-12-07T14:52:31.2150000+05:30","2140","CARD","Mobile","IN","IN","0","995","16","1393","false","false","1.5363","0"
"V2TXN-004200","CUST-V2-0505","2025-12-07T16:52:33.6040000+05:30","1194","CARD","Mobile","IN","IN","3","1462","21","980","false","false","1.2184","0"
"V2TXN-004201","CUST-V2-0332","2025-12-07T18:24:48.3260000+05:30","2928","UPI","Mobile","IN","IN","1","1334","18","3299","false","false","0.8875","0"
"V2TXN-004202","CUST-V2-0216","2025-12-07T18:36:12.8320000+05:30","7157","UPI","Mobile","IN","IN","0","99","4","3939","false","false","1.8170","0"
"V2TXN-004203","CUST-V2-0713","2025-12-07T20:30:38.3070000+05:30","2287","NETBANKING","Mobile","IN","IN","0","806","17","1932","false","false","1.1837","0"
"V2TXN-004204","CUST-V2-0393","2025-12-07T21:11:42.9960000+05:30","3985","CARD","Mobile","IN","IN","0","1367","30","1670","false","false","2.3862","0"
"V2TXN-004205","CUST-V2-0561","2025-12-07T23:04:31.4790000+05:30","1826","BANK_TRANSFER","Mobile","IN","IN","1","352","3","2909","false","false","0.6277","1"
"V2TXN-004206","CUST-V2-0190","2025-12-07T23:19:46.2710000+05:30","1693","WALLET","Mobile","IN","IN","0","313","5","3072","false","false","0.5511","0"
"V2TXN-004207","CUST-V2-0167","2025-12-07T23:34:12.1980000+05:30","837","NETBANKING","Mobile","IN","IN","1","678","12","823","false","false","1.0170","0"
"V2TXN-004208","CUST-V2-0938","2025-12-07T23:34:35.5630000+05:30","3602","UPI","Mobile","SG","SG","0","945","18","6174","false","false","0.5834","0"
"V2TXN-004209","CUST-V2-0921","2025-12-07T23:37:23.9070000+05:30","1758","UPI","Desktop","IN","IN","0","1456","18","1464","false","false","1.2008","0"
"V2TXN-004210","CUST-V2-0667","2025-12-07T23:44:23.3190000+05:30","35372","CARD","Mobile","AU","AU","0","332","3","94406","false","false","0.3747","0"
"V2TXN-004211","CUST-V2-0531","2025-12-08T00:16:09.4950000+05:30","162","CARD","Mobile","DE","DE","0","1342","31","353","false","false","0.4589","0"
"V2TXN-004212","CUST-V2-0241","2025-12-08T01:03:59.5100000+05:30","2826","UPI","Desktop","IN","IN","0","1602","37","4172","false","false","0.6774","0"
"V2TXN-004213","CUST-V2-0332","2025-12-08T01:45:54.8720000+05:30","3786","UPI","Mobile","IN","IN","0","1334","19","3279","false","false","1.1546","0"
"V2TXN-004214","CUST-V2-0145","2025-12-08T02:28:09.8030000+05:30","1225","CARD","Desktop","IN","IN","0","523","9","1193","false","false","1.0268","0"
"V2TXN-004215","CUST-V2-0556","2025-12-08T02:52:46.4740000+05:30","4710","UPI","Mobile","IN","IN","1","529","11","3685","false","false","1.2782","0"
"V2TXN-004216","CUST-V2-0656","2025-12-08T03:04:47.5770000+05:30","2717","CARD","Tablet","IN","IN","0","1356","32","1890","false","false","1.4376","0"
"V2TXN-004217","CUST-V2-0877","2025-12-08T04:49:17.0110000+05:30","811","CARD","Mobile","SG","SG","0","576","19","1164","false","false","0.6967","0"
"V2TXN-004218","CUST-V2-0401","2025-12-08T05:23:22.6190000+05:30","2346","UPI","Mobile","IN","IN","0","750","17","1683","false","false","1.3939","0"
"V2TXN-004219","CUST-V2-0040","2025-12-08T05:30:35.0070000+05:30","4107","NETBANKING","Mobile","IN","IN","1","725","13","3442","false","false","1.1932","0"
"V2TXN-004220","CUST-V2-0574","2025-12-08T06:17:57.2270000+05:30","8618","CARD","Mobile","IN","IN","0","318","10","4398","false","false","1.9595","0"
"V2TXN-004221","CUST-V2-0753","2025-12-08T06:27:06.5390000+05:30","514","UPI","Mobile","IN","IN","0","826","21","777","false","false","0.6615","0"
"V2TXN-004222","CUST-V2-0832","2025-12-08T08:07:57.7250000+05:30","1151","WALLET","Mobile","IN","IN","1","1152","18","939","false","false","1.2258","0"
"V2TXN-004223","CUST-V2-0215","2025-12-08T09:24:49.7900000+05:30","969","CARD","Mobile","DE","DE","1","339","5","1247","false","false","0.7771","0"
"V2TXN-004224","CUST-V2-0145","2025-12-08T09:26:19.9110000+05:30","1785","CARD","Desktop","IN","IN","0","524","10","1196","false","false","1.4925","0"
"V2TXN-004225","CUST-V2-0063","2025-12-08T11:00:17.2710000+05:30","2404","UPI","Mobile","IN","IN","0","469","11","2505","false","false","0.9597","0"
"V2TXN-004226","CUST-V2-0489","2025-12-08T11:14:40.8960000+05:30","805","CARD","Desktop","GB","GB","0","1099","21","634","false","false","1.2697","0"
"V2TXN-004227","CUST-V2-0379","2025-12-08T12:04:26.8650000+05:30","569","UPI","Tablet","IN","IN","0","718","20","629","false","false","0.9046","0"
"V2TXN-004228","CUST-V2-0566","2025-12-08T12:32:06.3860000+05:30","1693","WALLET","Mobile","IN","IN","0","342","3","1328","false","false","1.2748","1"
"V2TXN-004229","CUST-V2-0576","2025-12-08T13:50:39.7180000+05:30","1134","CARD","Mobile","IN","IN","0","1336","33","1427","false","false","0.7947","0"
"V2TXN-004230","CUST-V2-0997","2025-12-08T13:56:03.9350000+05:30","9425","UPI","Mobile","SG","SG","0","719","15","11145","false","false","0.8457","0"
"V2TXN-004231","CUST-V2-0118","2025-12-08T15:07:07.3780000+05:30","1204","CARD","Mobile","SG","SG","0","331","6","1459","false","false","0.8252","0"
"V2TXN-004232","CUST-V2-0039","2025-12-08T15:40:26.5800000+05:30","1862","UPI","Tablet","IN","IN","0","430","13","1962","false","false","0.9490","0"
"V2TXN-004233","CUST-V2-0677","2025-12-08T15:47:07.8240000+05:30","2301","CARD","Desktop","US","IN","3","321","8","1282","false","true","1.7949","1"
"V2TXN-004234","CUST-V2-0505","2025-12-08T17:03:55.9950000+05:30","1472","UPI","Mobile","IN","IN","0","1463","22","989","false","false","1.4884","0"
"V2TXN-004235","CUST-V2-0520","2025-12-08T17:56:42.2220000+05:30","2006","CARD","Mobile","IN","IN","0","1204","22","1739","false","false","1.1535","0"
"V2TXN-004236","CUST-V2-0711","2025-12-08T19:01:37.7050000+05:30","522","NETBANKING","Mobile","AU","AU","3","541","8","640","false","false","0.8156","0"
"V2TXN-004237","CUST-V2-0581","2025-12-08T20:31:40.5860000+05:30","3410","NETBANKING","Mobile","IN","IN","0","250","6","4737","false","false","0.7199","0"
"V2TXN-004238","CUST-V2-0289","2025-12-08T21:02:20.3760000+05:30","3394","NETBANKING","Mobile","IN","IN","0","291","9","3546","false","false","0.9571","0"
"V2TXN-004239","CUST-V2-0658","2025-12-08T21:02:33.0170000+05:30","1156","BANK_TRANSFER","Mobile","IN","IN","0","294","8","1496","false","false","0.7727","0"
"V2TXN-004240","CUST-V2-0456","2025-12-08T21:38:19.3930000+05:30","1793","CARD","Tablet","AU","AU","0","853","12","1168","false","false","1.5351","0"
"V2TXN-004241","CUST-V2-0427","2025-12-08T22:50:32.7580000+05:30","2461","UPI","Mobile","IN","IN","1","1200","14","2807","false","false","0.8767","0"
"V2TXN-004242","CUST-V2-0752","2025-12-08T22:54:11.4980000+05:30","289","WALLET","Mobile","SA","SA","1","1194","23","270","false","false","1.0704","0"
"V2TXN-004243","CUST-V2-0680","2025-12-08T23:13:38.2030000+05:30","1505","UPI","Mobile","AE","AE","0","320","7","1969","false","false","0.7643","0"
"V2TXN-004244","CUST-V2-0139","2025-12-09T00:50:41.5030000+05:30","2429","UPI","Mobile","IN","IN","0","977","13","1527","false","false","1.5907","0"
"V2TXN-004245","CUST-V2-0411","2025-12-09T01:13:22.0100000+05:30","1820","CARD","Desktop","SG","SG","0","677","9","947","false","false","1.9219","0"
"V2TXN-004246","CUST-V2-0762","2025-12-09T03:13:48.0220000+05:30","327","NETBANKING","Mobile","AU","AU","0","371","8","384","false","false","0.8516","0"
"V2TXN-004247","CUST-V2-0171","2025-12-09T04:56:48.9950000+05:30","1128","CARD","Desktop","IN","IN","0","1636","24","838","false","false","1.3461","0"
"V2TXN-004248","CUST-V2-0039","2025-12-09T05:15:56.8110000+05:30","4948","UPI","Tablet","IN","IN","0","430","14","1955","false","false","2.5309","0"
"V2TXN-004249","CUST-V2-0828","2025-12-09T07:18:49.4770000+05:30","1517","WALLET","Desktop","IN","IN","0","1305","40","2314","false","false","0.6556","0"
"V2TXN-004250","CUST-V2-0467","2025-12-09T07:30:39.1760000+05:30","1168","CARD","Mobile","IN","IN","0","1083","17","1084","false","false","1.0775","0"
"V2TXN-004251","CUST-V2-0657","2025-12-09T07:41:58.3800000+05:30","2144","BANK_TRANSFER","Mobile","IN","IN","0","220","4","1346","false","false","1.5929","0"
"V2TXN-004252","CUST-V2-0692","2025-12-09T11:03:59.2990000+05:30","1399","BANK_TRANSFER","Mobile","IN","IN","0","245","7","1293","false","false","1.0820","0"
"V2TXN-004253","CUST-V2-0320","2025-12-09T11:38:52.6580000+05:30","1754","UPI","Desktop","IN","IN","0","316","1","2233","false","false","0.7855","0"
"V2TXN-004254","CUST-V2-0540","2025-12-09T11:42:27.3150000+05:30","860","CARD","Mobile","US","IN","0","1121","20","705","false","true","1.2199","0"
"V2TXN-004255","CUST-V2-0246","2025-12-09T11:55:32.1580000+05:30","971","UPI","Mobile","AU","AU","0","715","13","1051","false","false","0.9239","1"
"V2TXN-004256","CUST-V2-0616","2025-12-09T13:49:46.5120000+05:30","3521","WALLET","Desktop","IN","IN","0","645","20","3435","false","false","1.0250","0"
"V2TXN-004257","CUST-V2-0924","2025-12-09T14:09:49.9860000+05:30","4470","NETBANKING","Desktop","US","US","0","1095","24","1469","false","false","3.0429","0"
"V2TXN-004258","CUST-V2-0480","2025-12-09T14:58:52.9710000+05:30","953","CARD","Mobile","IN","IN","3","662","16","1741","false","false","0.5474","0"
"V2TXN-004259","CUST-V2-0601","2025-12-09T15:00:48.2700000+05:30","8878","CARD","Desktop","SA","SA","0","1354","31","4940","false","false","1.7972","0"
"V2TXN-004260","CUST-V2-0574","2025-12-09T15:33:21.1060000+05:30","8083","UPI","Mobile","IN","IN","0","320","11","4782","false","false","1.6903","0"
"V2TXN-004261","CUST-V2-0543","2025-12-09T19:08:46.6320000+05:30","2362","CARD","Mobile","IN","IN","0","1556","40","1930","false","false","1.2238","0"
"V2TXN-004262","CUST-V2-0447","2025-12-09T19:53:15.7840000+05:30","1510","UPI","Mobile","SA","SA","0","425","10","1699","false","false","0.8888","0"
"V2TXN-004263","CUST-V2-0491","2025-12-09T19:59:27.9070000+05:30","603","CARD","Mobile","IN","IN","1","334","3","892","false","false","0.6760","0"
"V2TXN-004264","CUST-V2-0588","2025-12-09T20:52:39.7520000+05:30","954","WALLET","Mobile","IN","IN","2","930","23","921","false","false","1.0358","0"
"V2TXN-004265","CUST-V2-0505","2025-12-09T20:58:21.0520000+05:30","1041","CARD","Mobile","IN","IN","0","1464","23","1010","false","false","1.0307","0"
"V2TXN-004266","CUST-V2-0446","2025-12-09T21:31:48.5580000+05:30","1226","UPI","Mobile","IN","IN","0","1106","25","2106","false","false","0.5821","0"
"V2TXN-004267","CUST-V2-0374","2025-12-09T23:09:50.9580000+05:30","5676","NETBANKING","Mobile","US","US","0","1036","30","6247","false","false","0.9086","0"
"V2TXN-004268","CUST-V2-0275","2025-12-10T01:26:19.3080000+05:30","4556","UPI","Mobile","IN","IN","0","990","30","2154","false","false","2.1151","0"
"V2TXN-004269","CUST-V2-0936","2025-12-10T01:29:53.0640000+05:30","731","UPI","Desktop","IN","IN","1","1064","19","545","false","false","1.3413","0"
"V2TXN-004270","CUST-V2-0404","2025-12-10T01:43:29.2640000+05:30","2879","UPI","Desktop","GB","GB","0","971","25","4077","false","false","0.7062","0"
"V2TXN-004271","CUST-V2-0443","2025-12-10T02:02:37.0660000+05:30","1350","UPI","Mobile","IN","IN","0","1326","36","1865","false","false","0.7239","0"
"V2TXN-004272","CUST-V2-0739","2025-12-10T02:03:01.4370000+05:30","1746","UPI","Mobile","IN","IN","1","332","2","1412","false","false","1.2365","0"
"V2TXN-004273","CUST-V2-0711","2025-12-10T02:57:30.6820000+05:30","375","NETBANKING","Mobile","AU","AU","1","543","9","627","false","false","0.5981","0"
"V2TXN-004274","CUST-V2-0530","2025-12-10T03:11:40.3640000+05:30","2235","WALLET","Mobile","IN","IN","0","824","24","2529","false","false","0.8837","0"
"V2TXN-004275","CUST-V2-0392","2025-12-10T03:58:05.1200000+05:30","2817","UPI","Desktop","IN","IN","0","1080","22","2549","false","false","1.1051","0"
"V2TXN-004276","CUST-V2-0348","2025-12-10T03:59:58.0810000+05:30","1152","UPI","Mobile","US","US","0","924","18","834","false","false","1.3813","0"
"V2TXN-004277","CUST-V2-0692","2025-12-10T04:09:18.4110000+05:30","1398","UPI","Mobile","IN","IN","0","246","8","1307","false","false","1.0696","0"
"V2TXN-004278","CUST-V2-0155","2025-12-10T05:40:09.4870000+05:30","2962","UPI","Desktop","CA","CA","1","458","13","2411","false","false","1.2285","0"
"V2TXN-004279","CUST-V2-0726","2025-12-10T06:11:44.8080000+05:30","977","WALLET","Mobile","GB","GB","0","433","6","882","false","false","1.1077","0"
"V2TXN-004280","CUST-V2-0279","2025-12-10T06:46:00.3980000+05:30","698","NETBANKING","Mobile","IN","IN","1","303","4","708","false","false","0.9859","0"
"V2TXN-004281","CUST-V2-0358","2025-12-10T07:21:20.7170000+05:30","688","CARD","Mobile","IN","IN","0","1595","38","766","false","false","0.8982","0"
"V2TXN-004282","CUST-V2-0122","2025-12-10T08:18:18.5730000+05:30","852","UPI","Mobile","IN","IN","0","1151","32","482","false","false","1.7676","0"
"V2TXN-004283","CUST-V2-0322","2025-12-10T09:05:41.2060000+05:30","2177","UPI","Mobile","IN","IN","0","166","4","2781","false","false","0.7828","0"
"V2TXN-004284","CUST-V2-0764","2025-12-10T09:49:02.5030000+05:30","1603","CARD","Mobile","US","US","0","1298","18","2234","false","false","0.7175","0"
"V2TXN-004285","CUST-V2-0973","2025-12-10T11:11:02.2170000+05:30","1538","UPI","Mobile","IN","IN","0","893","23","1956","false","false","0.7863","0"
"V2TXN-004286","CUST-V2-0606","2025-12-10T13:41:10.4560000+05:30","4593","CARD","Mobile","IN","IN","0","541","10","3814","false","false","1.2042","0"
"V2TXN-004287","CUST-V2-0173","2025-12-10T13:46:55.2300000+05:30","7013","UPI","Desktop","IN","IN","0","1461","43","5264","false","false","1.3323","0"
"V2TXN-004288","CUST-V2-0570","2025-12-10T14:25:45.0380000+05:30","5547","UPI","Desktop","IN","IN","0","706","22","5319","false","false","1.0429","0"
"V2TXN-004289","CUST-V2-0371","2025-12-10T14:55:11.8170000+05:30","2092","NETBANKING","Desktop","DE","DE","1","1285","34","1300","false","false","1.6092","0"
"V2TXN-004290","CUST-V2-0452","2025-12-10T15:41:47.5570000+05:30","5039","CARD","Desktop","GB","IN","1","946","30","1489","false","true","3.3842","1"
"V2TXN-004291","CUST-V2-0063","2025-12-10T18:19:53.7870000+05:30","3058","UPI","Mobile","IN","IN","0","471","12","2497","false","false","1.2247","0"
"V2TXN-004292","CUST-V2-0351","2025-12-10T20:40:34.3530000+05:30","4239","UPI","Mobile","IN","IN","0","458","9","4298","false","false","0.9863","0"
"V2TXN-004293","CUST-V2-0575","2025-12-10T21:05:13.9310000+05:30","2338","UPI","Desktop","IN","IN","0","876","28","2850","false","false","0.8204","0"
"V2TXN-004294","CUST-V2-0602","2025-12-10T21:56:57.2350000+05:30","1558","CARD","Desktop","IN","IN","0","677","14","2358","false","false","0.6607","0"
"V2TXN-004295","CUST-V2-0384","2025-12-10T23:16:34.3160000+05:30","563","NETBANKING","Mobile","IN","IN","0","398","11","803","false","false","0.7011","0"
"V2TXN-004296","CUST-V2-0592","2025-12-11T01:27:21.5170000+05:30","2588","WALLET","Mobile","GB","GB","0","310","8","2313","false","false","1.1189","0"
"V2TXN-004297","CUST-V2-0975","2025-12-11T02:28:02.0360000+05:30","3084","CARD","Mobile","IN","IN","0","1081","30","4541","false","false","0.6791","0"
"V2TXN-004298","CUST-V2-0692","2025-12-11T02:35:29.9250000+05:30","1235","UPI","Mobile","IN","IN","0","247","9","1317","false","false","0.9377","0"
"V2TXN-004299","CUST-V2-0528","2025-12-11T04:05:24.8450000+05:30","539","CARD","Desktop","DE","DE","6","250","8","2189","false","false","0.2462","1"
"V2TXN-004300","CUST-V2-0321","2025-12-11T04:29:18.8570000+05:30","2253","UPI","Mobile","IN","IN","0","1232","18","2351","false","false","0.9583","0"
"V2TXN-004301","CUST-V2-0585","2025-12-11T05:41:01.3390000+05:30","3010","CARD","Mobile","IN","IN","0","1454","22","1003","false","false","3.0010","0"
"V2TXN-004302","CUST-V2-0489","2025-12-11T05:41:30.6660000+05:30","574","CARD","Desktop","GB","GB","0","1102","22","642","false","false","0.8941","0"
"V2TXN-004303","CUST-V2-0447","2025-12-11T06:05:32.3490000+05:30","1477","CARD","Mobile","SA","SA","0","427","11","1681","false","false","0.8786","0"
"V2TXN-004304","CUST-V2-0588","2025-12-11T06:05:41.1580000+05:30","539","UPI","Mobile","IN","IN","0","931","24","922","false","false","0.5846","0"
"V2TXN-004305","CUST-V2-0300","2025-12-11T06:58:30.7760000+05:30","217","NETBANKING","Mobile","IN","IN","1","1257","20","415","false","false","0.5229","0"
"V2TXN-004306","CUST-V2-0332","2025-12-11T07:01:47.9980000+05:30","2751","UPI","Mobile","IN","IN","0","1337","20","3305","false","false","0.8324","0"
"V2TXN-004307","CUST-V2-0275","2025-12-11T07:24:12.9430000+05:30","2005","UPI","Mobile","IN","IN","1","992","31","2232","false","false","0.8983","0"
"V2TXN-004308","CUST-V2-0934","2025-12-11T07:36:14.9580000+05:30","2444","UPI","Mobile","IN","IN","0","790","11","1876","false","false","1.3028","1"
"V2TXN-004309","CUST-V2-0790","2025-12-11T07:57:30.8910000+05:30","2649","CARD","Mobile","AE","AE","0","1418","39","1452","false","false","1.8244","0"
"V2TXN-004310","CUST-V2-0116","2025-12-11T13:00:51.2890000+05:30","1946","WALLET","Desktop","IN","IN","0","1366","34","1503","false","false","1.2947","0"
"V2TXN-004311","CUST-V2-0151","2025-12-11T13:00:51.5800000+05:30","3916","UPI","Desktop","SA","SA","0","1020","15","1874","false","false","2.0896","0"
"V2TXN-004312","CUST-V2-0977","2025-12-11T13:45:24.3090000+05:30","2835","CARD","Desktop","IN","IN","0","1064","27","1768","false","false","1.6035","0"
"V2TXN-004313","CUST-V2-0221","2025-12-11T14:28:55.0900000+05:30","4667","CARD","Desktop","IN","IN","0","920","21","5149","false","false","0.9064","0"
"V2TXN-004314","CUST-V2-0929","2025-12-11T14:53:00.6340000+05:30","5963","UPI","Mobile","IN","IN","0","423","10","6808","false","false","0.8759","0"
"V2TXN-004315","CUST-V2-0472","2025-12-11T15:08:44.9460000+05:30","452","NETBANKING","Mobile","GB","GB","0","388","6","685","false","false","0.6599","0"
"V2TXN-004316","CUST-V2-0771","2025-12-11T16:22:39.2480000+05:30","1050","BANK_TRANSFER","Desktop","IN","IN","1","658","8","2010","false","false","0.5224","0"
"V2TXN-004317","CUST-V2-0953","2025-12-11T19:29:25.1860000+05:30","1523","CARD","Mobile","IN","IN","0","200","7","1169","false","false","1.3028","0"
"V2TXN-004318","CUST-V2-0853","2025-12-11T20:47:02.0390000+05:30","1817","CARD","Mobile","SG","SG","0","342","3","2555","false","false","0.7112","0"
"V2TXN-004319","CUST-V2-0365","2025-12-11T20:57:57.4070000+05:30","1102","NETBANKING","Mobile","IN","IN","0","679","18","1813","false","false","0.6078","0"
"V2TXN-004320","CUST-V2-0203","2025-12-11T21:56:02.6800000+05:30","1674","NETBANKING","Desktop","DE","DE","0","801","17","1973","false","false","0.8485","0"
"V2TXN-004321","CUST-V2-0374","2025-12-11T22:42:06.6640000+05:30","11120","NETBANKING","Mobile","US","US","1","1038","31","6229","false","false","1.7852","0"
"V2TXN-004322","CUST-V2-0071","2025-12-11T23:36:38.1190000+05:30","2230","UPI","Mobile","IN","IN","0","1520","24","1288","false","false","1.7314","0"
"V2TXN-004323","CUST-V2-0025","2025-12-12T01:53:46.7530000+05:30","3142","UPI","Desktop","IN","IN","0","128","3","3197","false","false","0.9828","0"
"V2TXN-004324","CUST-V2-0155","2025-12-12T03:35:35.6090000+05:30","2175","UPI","Mobile","CA","CA","0","460","14","2451","false","false","0.8874","0"
"V2TXN-004325","CUST-V2-0301","2025-12-12T04:07:45.5780000+05:30","5878","UPI","Desktop","US","US","0","1222","34","3637","false","false","1.6162","0"
"V2TXN-004326","CUST-V2-0310","2025-12-12T05:04:36.4320000+05:30","2715","CARD","Desktop","IN","IN","0","303","4","2647","false","false","1.0257","0"
"V2TXN-004327","CUST-V2-0956","2025-12-12T05:46:17.9460000+05:30","4009","CARD","Desktop","AU","AU","0","149","7","4100","false","false","0.9778","0"
"V2TXN-004328","CUST-V2-0099","2025-12-12T06:01:18.7390000+05:30","2350","WALLET","Mobile","SG","SG","0","919","30","2474","false","false","0.9499","0"
"V2TXN-004329","CUST-V2-0128","2025-12-12T06:36:37.6830000+05:30","1894","CARD","Mobile","IN","IN","0","626","9","1067","false","false","1.7751","0"
"V2TXN-004330","CUST-V2-0030","2025-12-12T06:53:55.0500000+05:30","2686","UPI","Mobile","IN","IN","3","348","5","2118","false","false","1.2682","0"
"V2TXN-004331","CUST-V2-0830","2025-12-12T07:15:10.7310000+05:30","5455","CARD","Mobile","SG","IN","2","1459","38","3574","false","true","1.5263","1"
"V2TXN-004332","CUST-V2-0167","2025-12-12T07:54:17.3390000+05:30","692","UPI","Mobile","IN","IN","0","682","13","824","false","false","0.8398","0"
"V2TXN-004333","CUST-V2-0485","2025-12-12T08:21:13.9960000+05:30","1477","CARD","Mobile","IN","IN","3","855","18","1204","false","false","1.2267","1"
"V2TXN-004334","CUST-V2-0301","2025-12-12T08:23:54.8560000+05:30","6277","UPI","Desktop","US","US","0","1222","35","3701","false","false","1.6960","0"
"V2TXN-004335","CUST-V2-0740","2025-12-12T08:37:16.1530000+05:30","1203","NETBANKING","Mobile","AE","AE","0","325","5","1319","false","false","0.9121","0"
"V2TXN-004336","CUST-V2-0726","2025-12-12T08:51:11.9220000+05:30","560","UPI","Mobile","GB","GB","1","436","7","896","false","false","0.625","1"
"V2TXN-004337","CUST-V2-0937","2025-12-12T09:18:52.9750000+05:30","1290","NETBANKING","Mobile","AE","AE","0","1180","22","1397","false","false","0.9234","0"
"V2TXN-004338","CUST-V2-0582","2025-12-12T09:33:52.6820000+05:30","1827","CARD","Desktop","IN","IN","0","1327","19","1269","false","false","1.4397","0"
"V2TXN-004339","CUST-V2-0308","2025-12-12T09:59:55.7260000+05:30","2807","UPI","Desktop","US","US","0","328","4","2567","false","false","1.0935","0"
"V2TXN-004340","CUST-V2-0876","2025-12-12T10:54:59.1110000+05:30","12524","NETBANKING","Mobile","CA","CA","0","124","3","5924","false","false","2.1141","0"
"V2TXN-004341","CUST-V2-0090","2025-12-12T11:02:51.2160000+05:30","4289","WALLET","Desktop","IN","IN","0","57","1","3363","false","false","1.2753","0"
"V2TXN-004342","CUST-V2-0183","2025-12-12T11:43:15.7460000+05:30","2938","BANK_TRANSFER","Mobile","IN","IN","0","864","12","2748","false","false","1.0691","0"
"V2TXN-004343","CUST-V2-0601","2025-12-12T12:16:57.8620000+05:30","5036","WALLET","Mobile","SA","SA","0","1357","32","5063","false","false","0.9947","0"
"V2TXN-004344","CUST-V2-0792","2025-12-12T13:11:21.2920000+05:30","1728","NETBANKING","Mobile","IN","IN","0","844","27","1287","false","false","1.3427","0"
"V2TXN-004345","CUST-V2-0408","2025-12-12T13:30:12.8240000+05:30","9985","WALLET","Desktop","IN","IN","0","1501","37","3397","false","false","2.9394","0"
"V2TXN-004346","CUST-V2-0236","2025-12-12T13:52:02.8890000+05:30","1785","CARD","Mobile","SA","SA","0","949","28","1464","false","false","1.2193","0"
"V2TXN-004347","CUST-V2-0682","2025-12-12T14:11:23.1330000+05:30","1119","CARD","Desktop","IN","IN","0","1710","35","1279","false","false","0.8749","0"
"V2TXN-004348","CUST-V2-0873","2025-12-12T16:15:40.2680000+05:30","420","UPI","Mobile","IN","IN","0","300","9","313","false","false","1.3419","0"
"V2TXN-004349","CUST-V2-0760","2025-12-12T16:21:49.7850000+05:30","403","UPI","Desktop","SG","SG","0","331","4","900","false","false","0.4478","0"
"V2TXN-004350","CUST-V2-0874","2025-12-12T16:39:15.8920000+05:30","998","BANK_TRANSFER","Mobile","IN","IN","0","698","17","1732","false","false","0.5762","0"
"V2TXN-004351","CUST-V2-0360","2025-12-12T17:39:25.7720000+05:30","2172","NETBANKING","Mobile","IN","IN","0","355","6","2141","false","false","1.0145","0"
"V2TXN-004352","CUST-V2-0625","2025-12-12T18:21:04.4920000+05:30","13595","UPI","Tablet","SG","SG","0","417","9","10814","false","false","1.2572","0"
"V2TXN-004353","CUST-V2-0294","2025-12-12T18:40:11.4440000+05:30","5278","CARD","Tablet","IN","IN","3","713","16","2222","false","false","2.3753","1"
"V2TXN-004354","CUST-V2-0508","2025-12-12T23:03:53.6180000+05:30","4877","CARD","Mobile","IN","GB","3","358","12","2813","false","true","1.7337","0"
"V2TXN-004355","CUST-V2-0451","2025-12-12T23:11:09.2050000+05:30","1995","CARD","Mobile","IN","IN","0","1293","15","2087","false","false","0.9559","0"
"V2TXN-004356","CUST-V2-0422","2025-12-12T23:43:07.0120000+05:30","1525","WALLET","Mobile","AU","AU","0","1078","31","1162","false","false","1.3124","0"
"V2TXN-004357","CUST-V2-0151","2025-12-12T23:49:54.8100000+05:30","2663","UPI","Desktop","SA","SA","0","1021","16","2002","false","false","1.3302","0"
"V2TXN-004358","CUST-V2-0063","2025-12-13T00:13:18.8270000+05:30","1449","WALLET","Mobile","IN","IN","1","474","13","2540","false","false","0.5705","1"
"V2TXN-004359","CUST-V2-0560","2025-12-13T00:45:23.6700000+05:30","1223","CARD","Mobile","AE","AE","0","786","22","1078","false","false","1.1345","0"
"V2TXN-004360","CUST-V2-0721","2025-12-13T01:46:05.3220000+05:30","893","WALLET","Mobile","IN","IN","0","1463","28","1060","false","false","0.8425","0"
"V2TXN-004361","CUST-V2-0904","2025-12-13T02:42:44.2060000+05:30","865","UPI","Mobile","IN","IN","0","1496","22","903","false","false","0.9579","0"
"V2TXN-004362","CUST-V2-0242","2025-12-13T03:01:19.1800000+05:30","5203","WALLET","Mobile","DE","SG","0","1405","36","3383","false","true","1.5380","1"
"V2TXN-004363","CUST-V2-0135","2025-12-13T04:18:46.3690000+05:30","1428","UPI","Mobile","GB","GB","1","724","21","1341","false","false","1.0649","0"
"V2TXN-004364","CUST-V2-0078","2025-12-13T05:06:13.7650000+05:30","1211","BANK_TRANSFER","Desktop","IN","IN","0","356","8","2662","false","false","0.4549","0"
"V2TXN-004365","CUST-V2-0203","2025-12-13T05:31:05.8040000+05:30","2029","NETBANKING","Desktop","DE","DE","4","802","18","1956","false","false","1.0373","0"
"V2TXN-004366","CUST-V2-0113","2025-12-13T06:03:22.2710000+05:30","1780","BANK_TRANSFER","Mobile","IN","IN","0","818","12","1766","false","false","1.0079","0"
"V2TXN-004367","CUST-V2-0472","2025-12-13T07:21:29.3690000+05:30","394","NETBANKING","Mobile","GB","GB","0","390","7","651","false","false","0.6052","0"
"V2TXN-004368","CUST-V2-0656","2025-12-13T07:30:34.9570000+05:30","2017","CARD","Tablet","IN","IN","1","1361","33","1915","false","false","1.0533","0"
"V2TXN-004369","CUST-V2-0025","2025-12-13T07:36:35.4620000+05:30","2534","UPI","Mobile","IN","IN","0","129","4","3183","false","false","0.7961","0"
"V2TXN-004370","CUST-V2-0778","2025-12-13T08:13:32.8780000+05:30","845","UPI","Desktop","GB","GB","0","785","18","957","false","false","0.8830","0"
"V2TXN-004371","CUST-V2-0058","2025-12-13T08:21:21.7730000+05:30","6634","CARD","Desktop","SG","IN","4","219","6","3904","false","true","1.6993","1"
"V2TXN-004372","CUST-V2-0377","2025-12-13T09:07:24.0860000+05:30","13082","CARD","Desktop","AE","AE","0","236","8","5709","false","false","2.2915","0"
"V2TXN-004373","CUST-V2-0059","2025-12-13T09:19:49.6240000+05:30","1459","WALLET","Mobile","IN","IN","0","1151","25","1858","false","false","0.7853","0"
"V2TXN-004374","CUST-V2-0327","2025-12-13T09:21:56.5000000+05:30","363","UPI","Mobile","IN","IN","0","625","17","526","false","false","0.6901","0"
"V2TXN-004375","CUST-V2-0550","2025-12-13T09:39:47.8470000+05:30","1546","CARD","Desktop","IN","IN","1","458","8","1133","false","false","1.3645","0"
"V2TXN-004376","CUST-V2-0660","2025-12-13T10:28:07.6050000+05:30","2176","CARD","Tablet","US","US","0","907","23","1800","false","false","1.2089","0"
"V2TXN-004377","CUST-V2-0858","2025-12-13T10:32:29.1770000+05:30","1705","CARD","Desktop","CA","CA","3","404","13","1841","false","false","0.9261","0"
"V2TXN-004378","CUST-V2-0834","2025-12-13T11:38:49.8420000+05:30","1338","NETBANKING","Desktop","US","US","0","736","16","1566","false","false","0.8544","0"
"V2TXN-004379","CUST-V2-0803","2025-12-13T12:26:18.3690000+05:30","5176","UPI","Mobile","IN","IN","1","1272","20","3672","false","false","1.4096","0"
"V2TXN-004380","CUST-V2-0937","2025-12-13T13:41:11.3090000+05:30","1595","NETBANKING","Mobile","AE","AE","0","1181","23","1392","false","false","1.1458","0"
"V2TXN-004381","CUST-V2-0623","2025-12-13T13:46:49.5840000+05:30","2015","CARD","Desktop","US","US","0","1197","24","2079","false","false","0.9692","0"
"V2TXN-004382","CUST-V2-0692","2025-12-13T13:54:37.7130000+05:30","1208","UPI","Mobile","IN","IN","2","249","10","1309","false","false","0.9228","0"
"V2TXN-004383","CUST-V2-0155","2025-12-13T14:19:49.9860000+05:30","2615","UPI","Desktop","CA","CA","0","461","15","2432","false","false","1.0752","0"
"V2TXN-004384","CUST-V2-0606","2025-12-13T14:33:26.9540000+05:30","3430","CARD","Mobile","IN","IN","0","544","11","3885","false","false","0.8829","0"
"V2TXN-004385","CUST-V2-0514","2025-12-13T16:46:27.4290000+05:30","616","UPI","Mobile","IN","IN","0","1540","38","705","false","false","0.8738","0"
"V2TXN-004386","CUST-V2-0046","2025-12-13T17:30:40.8690000+05:30","1437","NETBANKING","Mobile","GB","GB","0","536","11","1256","false","false","1.1441","0"
"V2TXN-004387","CUST-V2-0017","2025-12-13T17:55:17.4630000+05:30","1758","UPI","Mobile","IN","IN","1","198","10","1052","false","false","1.6711","0"
"V2TXN-004388","CUST-V2-0860","2025-12-13T18:30:28.1390000+05:30","1796","CARD","Mobile","IN","IN","0","446","10","3862","false","false","0.4650","0"
"V2TXN-004389","CUST-V2-0662","2025-12-13T18:41:08.3320000+05:30","5684","CARD","Mobile","IN","GB","2","1245","28","2271","false","true","2.5029","1"
"V2TXN-004390","CUST-V2-0366","2025-12-13T18:52:49.4620000+05:30","2192","WALLET","Mobile","IN","IN","0","1521","21","2282","false","false","0.9606","1"
"V2TXN-004391","CUST-V2-0786","2025-12-13T19:14:17.0200000+05:30","1282","UPI","Desktop","IN","IN","0","1012","13","805","false","false","1.5925","0"
"V2TXN-004392","CUST-V2-0650","2025-12-13T21:03:26.7300000+05:30","1201","CARD","Mobile","IN","IN","0","362","8","1539","false","false","0.7804","0"
"V2TXN-004393","CUST-V2-0754","2025-12-13T21:07:27.3470000+05:30","725","UPI","Mobile","IN","IN","1","1622","38","610","false","false","1.1885","0"
"V2TXN-004394","CUST-V2-0698","2025-12-13T21:11:48.9810000+05:30","782","UPI","Mobile","IN","IN","0","588","14","885","false","false","0.8836","0"
"V2TXN-004395","CUST-V2-0530","2025-12-13T21:28:29.2750000+05:30","2001","WALLET","Mobile","IN","IN","1","827","25","2517","false","false","0.7950","0"
"V2TXN-004396","CUST-V2-0663","2025-12-14T00:20:44.2670000+05:30","2195","BANK_TRANSFER","Desktop","IN","IN","1","1358","31","1795","false","false","1.2228","0"
"V2TXN-004397","CUST-V2-0355","2025-12-14T00:34:05.5520000+05:30","2128","CARD","Mobile","SA","SA","1","339","2","1169","false","false","1.8204","0"
"V2TXN-004398","CUST-V2-0567","2025-12-14T01:47:48.2910000+05:30","7565","CARD","Mobile","AE","AE","0","760","22","7498","false","false","1.0089","0"
"V2TXN-004399","CUST-V2-0616","2025-12-14T01:56:50.4190000+05:30","2901","UPI","Desktop","IN","IN","1","649","21","3439","false","false","0.8436","0"
"V2TXN-004400","CUST-V2-0256","2025-12-14T02:46:47.9190000+05:30","1610","UPI","Desktop","IN","IN","0","1324","37","866","false","false","1.8591","0"
"V2TXN-004401","CUST-V2-0373","2025-12-14T03:55:28.0950000+05:30","2745","CARD","Mobile","IN","IN","0","924","17","3213","false","false","0.8543","0"
"V2TXN-004402","CUST-V2-0222","2025-12-14T04:18:34.2890000+05:30","593","CARD","Mobile","SA","SA","0","989","17","438","false","false","1.3539","0"
"V2TXN-004403","CUST-V2-0358","2025-12-14T04:40:09.0120000+05:30","714","CARD","Desktop","IN","IN","0","1599","39","764","false","false","0.9346","0"
"V2TXN-004404","CUST-V2-0116","2025-12-14T05:01:51.4770000+05:30","861","WALLET","Mobile","IN","IN","0","1369","35","1516","false","false","0.5679","0"
"V2TXN-004405","CUST-V2-0677","2025-12-14T06:45:16.1580000+05:30","1882","CARD","Desktop","IN","IN","4","327","9","1395","false","false","1.3491","1"
"V2TXN-004406","CUST-V2-0005","2025-12-14T06:57:24.0870000+05:30","956","UPI","Desktop","IN","IN","0","907","13","1070","false","false","0.8935","0"
"V2TXN-004407","CUST-V2-0990","2025-12-14T07:42:58.2610000+05:30","3581","WALLET","Desktop","DE","DE","0","444","8","4471","false","false","0.8009","0"
"V2TXN-004408","CUST-V2-0815","2025-12-14T07:43:10.7950000+05:30","8855","CARD","Desktop","IN","SA","0","1023","21","4236","false","true","2.0904","1"
"V2TXN-004409","CUST-V2-0396","2025-12-14T08:07:35.7610000+05:30","777","CARD","Mobile","IN","IN","0","1014","30","1205","false","false","0.6448","0"
"V2TXN-004410","CUST-V2-0488","2025-12-14T08:16:34.0280000+05:30","1508","UPI","Desktop","IN","IN","0","135","7","1067","false","false","1.4133","0"
"V2TXN-004411","CUST-V2-0374","2025-12-14T08:59:59.0450000+05:30","5217","NETBANKING","Mobile","US","US","1","1040","32","6382","false","false","0.8175","0"
"V2TXN-004412","CUST-V2-0467","2025-12-14T11:10:10.4170000+05:30","1488","CARD","Mobile","IN","IN","1","1089","18","1089","false","false","1.3664","0"
"V2TXN-004413","CUST-V2-0518","2025-12-14T11:33:53.4760000+05:30","733","NETBANKING","Mobile","IN","IN","0","1272","32","1076","false","false","0.6812","0"
"V2TXN-004414","CUST-V2-0019","2025-12-14T13:15:37.8870000+05:30","191","CARD","Mobile","IN","IN","0","485","13","482","false","false","0.3963","0"
"V2TXN-004415","CUST-V2-0181","2025-12-14T13:29:47.2400000+05:30","2923","CARD","Desktop","IN","IN","2","1042","27","3024","false","false","0.9666","0"
"V2TXN-004416","CUST-V2-0480","2025-12-14T14:43:06.9600000+05:30","1784","NETBANKING","Mobile","IN","IN","0","667","17","1695","false","false","1.0525","0"
"V2TXN-004417","CUST-V2-0617","2025-12-14T18:13:57.0770000+05:30","2191","UPI","Mobile","IN","IN","0","1728","38","1192","false","false","1.8381","0"
"V2TXN-004418","CUST-V2-0571","2025-12-14T19:31:09.0590000+05:30","5010","CARD","Tablet","IN","IN","0","1463","18","2635","false","false","1.9013","0"
"V2TXN-004419","CUST-V2-0660","2025-12-14T19:35:00.9580000+05:30","2510","CARD","Tablet","US","US","1","908","24","1816","false","false","1.3822","0"
"V2TXN-004420","CUST-V2-0649","2025-12-14T19:50:58.1810000+05:30","15372","UPI","Mobile","IN","IN","0","308","6","16764","false","false","0.9170","0"
"V2TXN-004421","CUST-V2-0365","2025-12-14T20:10:10.7920000+05:30","1374","NETBANKING","Mobile","IN","IN","0","682","19","1775","false","false","0.7741","0"
"V2TXN-004422","CUST-V2-0020","2025-12-14T22:15:37.1770000+05:30","535","CARD","Mobile","SA","SA","0","983","27","660","false","false","0.8106","0"
"V2TXN-004423","CUST-V2-0926","2025-12-15T01:24:25.2930000+05:30","963","UPI","Mobile","IN","IN","0","1438","15","1166","false","false","0.8259","0"
"V2TXN-004424","CUST-V2-0198","2025-12-15T02:10:26.2950000+05:30","3159","UPI","Desktop","GB","GB","0","437","8","3230","false","false","0.9780","0"
"V2TXN-004425","CUST-V2-0753","2025-12-15T03:00:15.3050000+05:30","630","UPI","Mobile","IN","IN","0","833","22","765","false","false","0.8235","0"
"V2TXN-004426","CUST-V2-0964","2025-12-15T05:24:19.1450000+05:30","2870","WALLET","Mobile","IN","IN","0","502","16","1514","false","false","1.8956","0"
"V2TXN-004427","CUST-V2-0858","2025-12-15T05:51:33.7320000+05:30","2982","CARD","Tablet","CA","CA","0","406","14","1831","false","false","1.6286","0"
"V2TXN-004428","CUST-V2-0939","2025-12-15T06:23:53.4870000+05:30","1413","WALLET","Desktop","CA","CA","0","504","11","1017","false","false","1.3894","0"
"V2TXN-004429","CUST-V2-0636","2025-12-15T06:35:16.7370000+05:30","1676","UPI","Desktop","SA","SA","0","1165","17","2077","false","false","0.8069","0"
"V2TXN-004430","CUST-V2-0652","2025-12-15T07:09:55.9140000+05:30","198","UPI","Mobile","IN","IN","1","347","6","190","false","false","1.0421","0"
"V2TXN-004431","CUST-V2-0581","2025-12-15T07:52:25.3040000+05:30","9733","UPI","Mobile","IN","IN","0","256","7","4547","false","false","2.1405","0"
"V2TXN-004432","CUST-V2-0090","2025-12-15T09:58:45.0110000+05:30","2975","CARD","Mobile","IN","IN","0","60","2","3826","false","false","0.7776","0"
"V2TXN-004433","CUST-V2-0667","2025-12-15T10:23:15.3150000+05:30","100396","CARD","Desktop","AU","AU","0","340","4","79648","false","false","1.2605","0"
"V2TXN-004434","CUST-V2-0376","2025-12-15T12:35:46.5030000+05:30","944","UPI","Mobile","IN","IN","0","630","10","603","false","false","1.5655","0"
"V2TXN-004435","CUST-V2-0963","2025-12-15T13:23:57.5560000+05:30","516","UPI","Mobile","IN","IN","0","1304","21","443","false","false","1.1648","0"
"V2TXN-004436","CUST-V2-0322","2025-12-15T13:44:53.3360000+05:30","2369","CARD","Mobile","IN","IN","0","171","5","2660","false","false","0.8906","1"
"V2TXN-004437","CUST-V2-0202","2025-12-15T13:47:34.6700000+05:30","2521","CARD","Tablet","DE","DE","1","190","5","2013","false","false","1.2524","0"
"V2TXN-004438","CUST-V2-0887","2025-12-15T14:26:26.6970000+05:30","2500","BANK_TRANSFER","Desktop","IN","IN","1","1258","28","2819","false","false","0.8868","0"
"V2TXN-004439","CUST-V2-0460","2025-12-15T15:24:04.7070000+05:30","1774","CARD","Mobile","SA","SA","0","1329","21","1302","false","false","1.3625","0"
"V2TXN-004440","CUST-V2-0354","2025-12-15T15:31:48.2930000+05:30","971","UPI","Desktop","US","US","2","255","5","1617","false","false","0.6005","0"
"V2TXN-004441","CUST-V2-0073","2025-12-15T16:49:08.5990000+05:30","1829","UPI","Desktop","CA","CA","0","949","15","1279","false","false","1.4300","0"
"V2TXN-004442","CUST-V2-0265","2025-12-15T18:40:05.2440000+05:30","1766","NETBANKING","Mobile","IN","IN","0","1497","43","2624","false","false","0.6730","0"
"V2TXN-004443","CUST-V2-0924","2025-12-15T18:50:46.8170000+05:30","1686","NETBANKING","Mobile","US","US","0","1101","25","1589","false","false","1.0610","0"
"V2TXN-004444","CUST-V2-0384","2025-12-15T19:35:26.8440000+05:30","894","CARD","Mobile","IN","IN","0","403","12","783","false","false","1.1418","1"
"V2TXN-004445","CUST-V2-0220","2025-12-15T19:42:43.1360000+05:30","1332","CARD","Mobile","IN","IN","0","1125","15","1487","false","false","0.8958","0"
"V2TXN-004446","CUST-V2-0365","2025-12-15T20:15:13.7900000+05:30","904","NETBANKING","Mobile","IN","IN","1","683","20","1755","false","false","0.5151","0"
"V2TXN-004447","CUST-V2-0593","2025-12-15T21:17:59.7700000+05:30","4424","UPI","Desktop","IN","IN","0","706","9","3835","false","false","1.1536","0"
"V2TXN-004448","CUST-V2-0475","2025-12-15T21:52:41.7710000+05:30","1634","UPI","Mobile","IN","IN","0","1577","47","1759","false","false","0.9289","0"
"V2TXN-004449","CUST-V2-0063","2025-12-15T22:11:36.3160000+05:30","2402","UPI","Mobile","IN","IN","0","476","14","2462","false","false","0.9756","0"
"V2TXN-004450","CUST-V2-0272","2025-12-15T22:24:50.5620000+05:30","2222","CARD","Desktop","DE","DE","0","1427","41","1866","false","false","1.1908","0"
"V2TXN-004451","CUST-V2-0060","2025-12-15T23:03:49.3060000+05:30","1134","WALLET","Tablet","IN","IN","0","332","7","1452","false","false","0.7810","0"
"V2TXN-004452","CUST-V2-0667","2025-12-15T23:25:44.5040000+05:30","70327","NETBANKING","Mobile","AU","AU","4","340","5","83797","false","false","0.8393","0"
"V2TXN-004453","CUST-V2-0779","2025-12-15T23:31:43.3480000+05:30","467","CARD","Desktop","IN","IN","0","1050","14","704","false","false","0.6634","1"
"V2TXN-004454","CUST-V2-0757","2025-12-15T23:54:41.8210000+05:30","928","CARD","Mobile","IN","IN","0","342","9","1105","false","false","0.8398","0"
"V2TXN-004455","CUST-V2-0825","2025-12-16T02:48:32.7390000+05:30","1292","UPI","Desktop","IN","IN","1","1439","19","1523","false","false","0.8483","0"
"V2TXN-004456","CUST-V2-0303","2025-12-16T02:53:40.4020000+05:30","1978","CARD","Desktop","IN","IN","0","1166","18","1480","false","false","1.3365","1"
"V2TXN-004457","CUST-V2-0606","2025-12-16T02:59:25.6360000+05:30","2487","CARD","Mobile","IN","IN","1","547","12","3847","false","false","0.6465","0"
"V2TXN-004458","CUST-V2-0622","2025-12-16T03:08:36.1460000+05:30","568","CARD","Mobile","US","US","1","329","11","983","false","false","0.5778","0"
"V2TXN-004459","CUST-V2-0525","2025-12-16T03:16:40.1250000+05:30","6480","WALLET","Mobile","IN","IN","0","1274","20","4479","false","false","1.4468","0"
"V2TXN-004460","CUST-V2-0294","2025-12-16T03:32:29.6980000+05:30","1927","WALLET","Desktop","IN","IN","0","716","17","2402","false","false","0.8022","0"
"V2TXN-004461","CUST-V2-0912","2025-12-16T05:00:45.4890000+05:30","3919","CARD","Mobile","IN","IN","0","703","10","2923","false","false","1.3407","0"
"V2TXN-004462","CUST-V2-0575","2025-12-16T06:38:41.8260000+05:30","2687","UPI","Desktop","IN","IN","0","881","29","2832","false","false","0.9488","0"
"V2TXN-004463","CUST-V2-0623","2025-12-16T09:32:23.3270000+05:30","1660","CARD","Mobile","US","US","1","1200","25","2077","false","false","0.7992","0"
"V2TXN-004464","CUST-V2-0435","2025-12-16T10:25:06.6950000+05:30","2009","NETBANKING","Mobile","IN","IN","1","593","19","1698","false","false","1.1832","0"
"V2TXN-004465","CUST-V2-0929","2025-12-16T11:24:02.5870000+05:30","1114","CARD","Mobile","SG","IN","4","428","11","6731","false","true","0.1655","1"
"V2TXN-004466","CUST-V2-0792","2025-12-16T11:45:58.7720000+05:30","831","WALLET","Mobile","IN","IN","0","848","28","1302","false","false","0.6382","0"
"V2TXN-004467","CUST-V2-0909","2025-12-16T13:00:44.8240000+05:30","1631","CARD","Mobile","IN","IN","0","732","11","3152","false","false","0.5174","0"
"V2TXN-004468","CUST-V2-0587","2025-12-16T13:09:20.4080000+05:30","841","UPI","Desktop","DE","DE","0","535","12","820","false","false","1.0256","0"
"V2TXN-004469","CUST-V2-0182","2025-12-16T13:59:54.5500000+05:30","1037","NETBANKING","Mobile","DE","DE","0","927","18","1116","false","false","0.9292","0"
"V2TXN-004470","CUST-V2-0952","2025-12-16T15:03:02.8940000+05:30","3901","WALLET","Desktop","IN","IN","1","788","20","2782","false","false","1.4022","0"
"V2TXN-004471","CUST-V2-0100","2025-12-16T16:00:10.0300000+05:30","1249","UPI","Mobile","IN","IN","1","610","18","1689","false","false","0.7395","0"
"V2TXN-004472","CUST-V2-0996","2025-12-16T18:33:36.5610000+05:30","1425","CARD","Mobile","IN","IN","0","1181","29","1892","false","false","0.7532","0"
"V2TXN-004473","CUST-V2-0761","2025-12-16T18:40:40.3850000+05:30","325","CARD","Mobile","IN","IN","0","1214","23","440","false","false","0.7386","0"
"V2TXN-004474","CUST-V2-0187","2025-12-16T19:24:29.6030000+05:30","1720","UPI","Desktop","GB","GB","1","1447","34","1321","false","false","1.3020","1"
"V2TXN-004475","CUST-V2-0530","2025-12-16T20:15:41.6180000+05:30","5216","CARD","Mobile","IN","IN","3","830","26","2498","false","false","2.0881","0"
"V2TXN-004476","CUST-V2-0145","2025-12-16T21:54:02.6450000+05:30","1574","CARD","Desktop","IN","IN","0","532","11","1249","false","false","1.2602","0"
"V2TXN-004477","CUST-V2-0420","2025-12-16T22:11:49.6710000+05:30","1857","CARD","Desktop","AE","AE","0","251","8","4577","false","false","0.4057","0"
"V2TXN-004478","CUST-V2-0852","2025-12-16T22:27:44.3010000+05:30","907","UPI","Mobile","US","US","0","1401","37","726","false","false","1.2493","0"
"V2TXN-004479","CUST-V2-0658","2025-12-17T01:20:27.1720000+05:30","2942","BANK_TRANSFER","Mobile","IN","IN","0","302","9","1458","false","false","2.0178","0"
"V2TXN-004480","CUST-V2-0039","2025-12-17T02:19:21.3790000+05:30","1541","UPI","Tablet","IN","IN","0","438","15","2154","false","false","0.7154","0"
"V2TXN-004481","CUST-V2-0178","2025-12-17T02:33:16.4630000+05:30","7114","CARD","Desktop","US","SG","0","343","3","2896","false","true","2.4565","1"
"V2TXN-004482","CUST-V2-0782","2025-12-17T04:03:45.2670000+05:30","2554","WALLET","Mobile","SA","SA","0","878","13","2129","false","false","1.1996","0"
"V2TXN-004483","CUST-V2-0660","2025-12-17T04:33:56.5990000+05:30","2379","CARD","Desktop","US","US","4","911","25","1844","false","false","1.2901","1"
"V2TXN-004484","CUST-V2-0860","2025-12-17T04:37:56.0510000+05:30","4004","WALLET","Mobile","IN","IN","0","449","11","3674","false","false","1.0898","0"
"V2TXN-004485","CUST-V2-0130","2025-12-17T05:00:58.9050000+05:30","1686","UPI","Mobile","SG","SG","0","749","12","1544","false","false","1.0920","1"
"V2TXN-004486","CUST-V2-0059","2025-12-17T06:37:26.4930000+05:30","1670","WALLET","Mobile","IN","IN","0","1155","26","1843","false","false","0.9061","0"
"V2TXN-004487","CUST-V2-0821","2025-12-17T08:02:21.9000000+05:30","16865","CARD","Tablet","IN","IN","1","340","8","16538","false","false","1.0198","1"
"V2TXN-004488","CUST-V2-0808","2025-12-17T08:28:01.5870000+05:30","2280","CARD","Mobile","IN","IN","0","190","6","2552","false","false","0.8934","0"
"V2TXN-004489","CUST-V2-0733","2025-12-17T08:35:20.1920000+05:30","751","UPI","Mobile","IN","IN","1","540","8","404","false","false","1.8589","0"
"V2TXN-004490","CUST-V2-0967","2025-12-17T10:19:10.7790000+05:30","3974","CARD","Mobile","GB","GB","0","1009","21","4611","false","false","0.8619","0"
"V2TXN-004491","CUST-V2-0757","2025-12-17T10:41:13.7920000+05:30","1004","CARD","Mobile","IN","IN","1","343","10","1088","false","false","0.9228","0"
"V2TXN-004492","CUST-V2-0031","2025-12-17T12:10:04.4550000+05:30","1183","BANK_TRANSFER","Desktop","IN","IN","2","1480","34","1133","false","false","1.0441","0"
"V2TXN-004493","CUST-V2-0956","2025-12-17T13:18:50.5050000+05:30","2531","BANK_TRANSFER","Desktop","AU","AU","0","154","8","4088","false","false","0.6191","0"
"V2TXN-004494","CUST-V2-0456","2025-12-17T13:39:25.2740000+05:30","1653","UPI","Tablet","AU","AU","0","861","13","1216","false","false","1.3594","0"
"V2TXN-004495","CUST-V2-0303","2025-12-17T15:12:49.2140000+05:30","1059","WALLET","Mobile","IN","IN","1","1168","19","1506","false","false","0.7032","0"
"V2TXN-004496","CUST-V2-0098","2025-12-17T15:17:03.2890000+05:30","1488","NETBANKING","Mobile","IN","IN","0","376","15","721","false","false","2.0638","0"
"V2TXN-004497","CUST-V2-0581","2025-12-17T16:02:12.5840000+05:30","3305","NETBANKING","Mobile","IN","IN","0","259","8","5195","false","false","0.6362","0"
"V2TXN-004498","CUST-V2-0029","2025-12-17T16:07:45.6480000+05:30","2091","CARD","Mobile","IN","IN","0","367","5","2339","false","false","0.8940","0"
"V2TXN-004499","CUST-V2-0595","2025-12-17T17:00:59.5520000+05:30","2306","UPI","Tablet","IN","IN","1","195","7","2178","false","false","1.0588","0"
"V2TXN-004500","CUST-V2-0741","2025-12-17T18:01:18.9010000+05:30","1668","NETBANKING","Mobile","IN","IN","1","628","16","2677","false","false","0.6231","0"
"V2TXN-004501","CUST-V2-0607","2025-12-17T18:10:09.9070000+05:30","974","UPI","Mobile","IN","IN","0","1149","32","844","false","false","1.1540","0"
"V2TXN-004502","CUST-V2-0764","2025-12-17T18:31:36.7240000+05:30","3488","CARD","Mobile","US","US","0","1305","19","2201","false","false","1.5847","0"
"V2TXN-004503","CUST-V2-0593","2025-12-17T21:01:24.2710000+05:30","3804","UPI","Mobile","IN","IN","0","708","10","3894","false","false","0.9769","0"
"V2TXN-004504","CUST-V2-0543","2025-12-17T21:17:47.9380000+05:30","2493","CARD","Mobile","IN","IN","3","1564","41","1941","false","false","1.2844","0"
"V2TXN-004505","CUST-V2-0514","2025-12-17T22:56:40.8430000+05:30","1013","UPI","Mobile","IN","IN","0","1544","39","703","false","false","1.4410","0"
"V2TXN-004506","CUST-V2-0760","2025-12-17T23:02:53.1410000+05:30","862","UPI","Mobile","SG","SG","0","336","5","800","false","false","1.0775","0"
"V2TXN-004507","CUST-V2-0858","2025-12-17T23:10:34.2260000+05:30","2103","CARD","Desktop","CA","CA","1","409","15","1908","false","false","1.1022","0"
"V2TXN-004508","CUST-V2-0511","2025-12-17T23:14:14.8800000+05:30","4531","UPI","Desktop","IN","IN","0","771","22","7487","false","false","0.6052","0"
"V2TXN-004509","CUST-V2-0783","2025-12-17T23:54:57.3200000+05:30","4304","UPI","Mobile","US","US","0","547","15","2485","false","false","1.7320","0"
"V2TXN-004510","CUST-V2-0668","2025-12-18T00:51:08.6380000+05:30","1255","UPI","Mobile","IN","IN","0","119","1","1088","false","false","1.1535","0"
"V2TXN-004511","CUST-V2-0303","2025-12-18T01:23:38.7430000+05:30","1792","WALLET","Mobile","IN","IN","1","1168","20","1484","false","false","1.2075","0"
"V2TXN-004512","CUST-V2-0094","2025-12-18T01:36:24.1180000+05:30","1382","UPI","Mobile","US","US","0","377","6","926","false","false","1.4924","0"
"V2TXN-004513","CUST-V2-0303","2025-12-18T03:26:17.4820000+05:30","1813","WALLET","Mobile","IN","IN","0","1168","21","1498","false","false","1.2103","0"
"V2TXN-004514","CUST-V2-0693","2025-12-18T06:20:17.1570000+05:30","2060","UPI","Desktop","IN","IN","1","944","19","1548","false","false","1.3307","0"
"V2TXN-004515","CUST-V2-0692","2025-12-18T06:25:29.4750000+05:30","3186","CARD","Mobile","IN","IN","0","254","11","1299","false","false","2.4527","0"
"V2TXN-004516","CUST-V2-0059","2025-12-18T06:34:30.9640000+05:30","8985","CARD","Desktop","IN","IN","0","1156","27","1836","false","false","4.8938","1"
"V2TXN-004517","CUST-V2-0805","2025-12-18T07:31:11.9780000+05:30","2297","CARD","Desktop","IN","IN","1","809","17","3621","false","false","0.6344","0"
"V2TXN-004518","CUST-V2-0963","2025-12-18T08:19:23.1740000+05:30","664","UPI","Mobile","IN","IN","1","1307","22","447","false","false","1.4855","0"
"V2TXN-004519","CUST-V2-0469","2025-12-18T08:34:28.0800000+05:30","2204","CARD","Mobile","US","US","0","1711","27","2142","false","false","1.0289","0"
"V2TXN-004520","CUST-V2-0753","2025-12-18T09:16:06.1100000+05:30","737","UPI","Mobile","IN","IN","1","836","23","759","false","false","0.9710","0"
"V2TXN-004521","CUST-V2-0878","2025-12-18T09:37:00.0490000+05:30","4764","CARD","Mobile","US","US","1","1607","34","3373","false","false","1.4124","0"
"V2TXN-004522","CUST-V2-0633","2025-12-18T10:01:33.6610000+05:30","1685","CARD","Tablet","IN","IN","3","1100","14","3156","false","false","0.5339","0"
"V2TXN-004523","CUST-V2-0940","2025-12-18T10:13:49.0180000+05:30","1373","CARD","Mobile","IN","IN","0","1419","39","817","false","false","1.6805","0"
"V2TXN-004524","CUST-V2-0264","2025-12-18T10:16:10.1280000+05:30","3053","CARD","Mobile","IN","IN","1","384","6","1963","false","false","1.5553","0"
"V2TXN-004525","CUST-V2-0324","2025-12-18T11:42:14.2190000+05:30","5886","WALLET","Mobile","IN","IN","0","500","9","2180","false","false","2.7","0"
"V2TXN-004526","CUST-V2-0592","2025-12-18T13:20:07.5410000+05:30","3627","WALLET","Mobile","GB","GB","1","317","9","2343","false","false","1.5480","0"
"V2TXN-004527","CUST-V2-0102","2025-12-18T13:48:42.1820000+05:30","854","CARD","Mobile","IN","SG","1","824","24","741","false","true","1.1525","1"
"V2TXN-004528","CUST-V2-0113","2025-12-18T17:08:16.4000000+05:30","1656","CARD","Tablet","IN","IN","0","823","13","1767","false","false","0.9372","0"
"V2TXN-004529","CUST-V2-0571","2025-12-18T17:19:59.6820000+05:30","2021","BANK_TRANSFER","Desktop","IN","IN","0","1467","19","2760","false","false","0.7322","1"
"V2TXN-004530","CUST-V2-0496","2025-12-18T17:46:38.1770000+05:30","930","UPI","Desktop","US","US","0","782","10","1455","false","false","0.6392","0"
"V2TXN-004531","CUST-V2-0102","2025-12-18T18:05:46.9670000+05:30","699","UPI","Mobile","SG","SG","1","824","25","745","false","false","0.9383","0"
"V2TXN-004532","CUST-V2-0428","2025-12-18T19:15:57.2670000+05:30","1723","UPI","Mobile","IN","IN","0","803","23","1082","false","false","1.5924","0"
"V2TXN-004533","CUST-V2-0823","2025-12-18T19:29:59.2550000+05:30","1409","CARD","Mobile","GB","GB","0","158","5","1587","false","false","0.8878","0"
"V2TXN-004534","CUST-V2-0623","2025-12-18T19:54:30.4790000+05:30","1932","CARD","Mobile","US","US","1","1202","26","2061","false","false","0.9374","0"
"V2TXN-004535","CUST-V2-0901","2025-12-18T19:56:58.7200000+05:30","1028","UPI","Mobile","IN","IN","0","1056","23","1029","false","false","0.9990","0"
"V2TXN-004536","CUST-V2-0657","2025-12-18T20:05:33.1150000+05:30","1804","WALLET","Desktop","IN","IN","0","229","5","1505","false","false","1.1987","1"
"V2TXN-004537","CUST-V2-0615","2025-12-18T20:07:22.6820000+05:30","1590","UPI","Mobile","SG","SG","0","609","6","1006","false","false","1.5805","0"
"V2TXN-004538","CUST-V2-0467","2025-12-18T20:41:10.8730000+05:30","409","CARD","Mobile","IN","IN","0","1093","19","1110","false","false","0.3685","0"
"V2TXN-004539","CUST-V2-0580","2025-12-18T21:02:11.8440000+05:30","12686","UPI","Desktop","IN","IN","0","350","3","14530","false","false","0.8731","0"
"V2TXN-004540","CUST-V2-0221","2025-12-18T22:15:54.9350000+05:30","4020","CARD","Desktop","IN","IN","1","927","22","5127","false","false","0.7841","0"
"V2TXN-004541","CUST-V2-0438","2025-12-18T22:38:10.8120000+05:30","3491","CARD","Desktop","AU","IN","0","261","11","1790","false","true","1.9503","1"
"V2TXN-004542","CUST-V2-0535","2025-12-18T22:53:05.7730000+05:30","3404","UPI","Desktop","IN","IN","0","1298","36","2800","false","false","1.2157","0"
"V2TXN-004543","CUST-V2-0663","2025-12-18T23:45:18.4590000+05:30","2511","CARD","Desktop","IN","IN","0","1363","32","1807","false","false","1.3896","0"
"V2TXN-004544","CUST-V2-0460","2025-12-19T00:11:20.4790000+05:30","1681","UPI","Mobile","SA","SA","0","1332","22","1324","false","false","1.2696","0"
"V2TXN-004545","CUST-V2-0090","2025-12-19T00:17:09.2280000+05:30","2310","CARD","Mobile","IN","IN","1","64","3","3542","false","false","0.6522","0"
"V2TXN-004546","CUST-V2-0428","2025-12-19T01:45:28.1220000+05:30","2471","UPI","Mobile","IN","IN","0","803","24","1108","false","false","2.2301","0"
"V2TXN-004547","CUST-V2-0663","2025-12-19T02:32:41.0650000+05:30","1319","CARD","Desktop","IN","IN","4","1363","33","1829","false","false","0.7212","1"
"V2TXN-004548","CUST-V2-0606","2025-12-19T03:27:27.8530000+05:30","4728","CARD","Desktop","IN","IN","0","550","13","3742","false","false","1.2635","0"
"V2TXN-004549","CUST-V2-0773","2025-12-19T07:39:33.6050000+05:30","838","UPI","Desktop","IN","IN","0","655","14","827","false","false","1.0133","0"
"V2TXN-004550","CUST-V2-0892","2025-12-19T08:10:08.2390000+05:30","2128","CARD","Desktop","GB","GB","0","955","28","2899","false","false","0.7340","0"
"V2TXN-004551","CUST-V2-0530","2025-12-19T08:55:57.0670000+05:30","5502","CARD","Desktop","IN","IN","1","833","27","2598","false","false","2.1178","1"
"V2TXN-004552","CUST-V2-0256","2025-12-19T09:55:38.3550000+05:30","1246","UPI","Desktop","IN","IN","0","1330","38","886","false","false","1.4063","0"
"V2TXN-004553","CUST-V2-0668","2025-12-19T11:08:24.9330000+05:30","1432","UPI","Mobile","IN","IN","1","120","2","1172","false","false","1.2218","0"
"V2TXN-004554","CUST-V2-0421","2025-12-19T12:20:31.1530000+05:30","11793","CARD","Desktop","IN","IN","1","877","16","7022","false","false","1.6794","0"
"V2TXN-004555","CUST-V2-0048","2025-12-19T12:39:44.5530000+05:30","9705","UPI","Mobile","IN","IN","0","595","13","4697","false","false","2.0662","0"
"V2TXN-004556","CUST-V2-0003","2025-12-19T12:46:46.2260000+05:30","1580","UPI","Mobile","IN","IN","0","1001","29","1276","false","false","1.2382","0"
"V2TXN-004557","CUST-V2-0322","2025-12-19T13:19:29.4620000+05:30","2995","UPI","Mobile","IN","IN","1","175","6","2612","false","false","1.1466","0"
"V2TXN-004558","CUST-V2-0102","2025-12-19T14:47:03.3750000+05:30","2609","CARD","Tablet","SG","SG","4","825","26","743","false","false","3.5114","0"
"V2TXN-004559","CUST-V2-0880","2025-12-19T15:46:36.3200000+05:30","842","WALLET","Mobile","IN","IN","1","1167","20","947","false","false","0.8891","0"
"V2TXN-004560","CUST-V2-0299","2025-12-19T16:18:22.5100000+05:30","1061","UPI","Mobile","IN","IN","0","235","4","1543","false","false","0.6876","0"
"V2TXN-004561","CUST-V2-0277","2025-12-19T16:34:10.4590000+05:30","5989","NETBANKING","Desktop","CA","CA","0","269","8","5375","false","false","1.1142","0"
"V2TXN-004562","CUST-V2-0065","2025-12-19T16:42:36.9550000+05:30","5263","WALLET","Desktop","US","US","0","779","17","3329","false","false","1.5810","0"
"V2TXN-004563","CUST-V2-0304","2025-12-19T18:44:16.5460000+05:30","5437","UPI","Desktop","CA","CA","1","1267","24","2759","false","false","1.9706","0"
"V2TXN-004564","CUST-V2-0733","2025-12-19T19:17:08.7610000+05:30","265","UPI","Mobile","IN","IN","0","542","9","442","false","false","0.5995","0"
"V2TXN-004565","CUST-V2-0838","2025-12-19T20:49:30.3960000+05:30","1159","CARD","Desktop","IN","IN","0","1182","15","1717","false","false","0.6750","0"
"V2TXN-004566","CUST-V2-0912","2025-12-19T21:14:03.7710000+05:30","2544","CARD","Mobile","IN","IN","0","706","11","3014","false","false","0.8441","0"
"V2TXN-004567","CUST-V2-0167","2025-12-19T21:44:11.1410000+05:30","1376","CARD","Mobile","IN","IN","6","690","14","814","false","false","1.6904","1"
"V2TXN-004568","CUST-V2-0850","2025-12-19T22:05:12.5650000+05:30","2953","CARD","Desktop","IN","IN","0","1077","18","2156","false","false","1.3697","0"
"V2TXN-004569","CUST-V2-0884","2025-12-19T22:28:54.2610000+05:30","1285","CARD","Mobile","IN","IN","0","1305","27","1379","false","false","0.9318","0"
"V2TXN-004570","CUST-V2-0753","2025-12-19T22:34:19.5070000+05:30","558","UPI","Mobile","IN","IN","0","837","24","758","false","false","0.7361","0"
"V2TXN-004571","CUST-V2-0216","2025-12-20T01:56:25.3820000+05:30","4518","UPI","Mobile","IN","IN","0","112","5","4582","false","false","0.9860","0"
"V2TXN-004572","CUST-V2-0120","2025-12-20T03:08:20.4330000+05:30","4878","CARD","Mobile","US","IN","1","902","13","3136","false","true","1.5555","1"
"V2TXN-004573","CUST-V2-0102","2025-12-20T04:11:22.9670000+05:30","578","UPI","Mobile","SG","SG","0","826","27","813","false","false","0.7109","1"
"V2TXN-004574","CUST-V2-0919","2025-12-20T05:09:47.5190000+05:30","2848","CARD","Mobile","US","US","0","1375","16","2389","false","false","1.1921","0"
"V2TXN-004575","CUST-V2-0542","2025-12-20T06:39:58.3200000+05:30","1152","CARD","Mobile","IN","IN","3","1183","32","761","false","false","1.5138","1"
"V2TXN-004576","CUST-V2-0416","2025-12-20T07:32:48.7560000+05:30","13295","CARD","Mobile","US","US","0","731","10","9687","false","false","1.3725","0"
"V2TXN-004577","CUST-V2-0019","2025-12-20T08:00:33.8100000+05:30","634","CARD","Mobile","IN","IN","1","491","14","461","false","false","1.3753","0"
"V2TXN-004578","CUST-V2-0221","2025-12-20T09:31:24.6790000+05:30","6469","WALLET","Desktop","IN","IN","0","929","23","5079","false","false","1.2737","0"
"V2TXN-004579","CUST-V2-0593","2025-12-20T12:30:12.2020000+05:30","2666","UPI","Mobile","IN","IN","1","711","11","3886","false","false","0.6861","0"
"V2TXN-004580","CUST-V2-0269","2025-12-20T12:39:20.9900000+05:30","3146","NETBANKING","Mobile","SA","GB","2","555","12","3176","false","true","0.9906","1"
"V2TXN-004581","CUST-V2-0511","2025-12-20T13:26:40.0910000+05:30","7026","UPI","Desktop","IN","IN","0","773","23","7359","false","false","0.9547","1"
"V2TXN-004582","CUST-V2-0606","2025-12-20T13:47:35.9220000+05:30","3700","CARD","Mobile","IN","IN","0","551","14","3813","false","false","0.9704","0"
"V2TXN-004583","CUST-V2-0266","2025-12-20T17:14:21.4140000+05:30","1007","NETBANKING","Desktop","IN","IN","0","860","25","968","false","false","1.0403","0"
"V2TXN-004584","CUST-V2-0478","2025-12-20T17:29:53.4720000+05:30","3793","UPI","Mobile","IN","IN","0","396","13","3110","false","false","1.2196","0"
"V2TXN-004585","CUST-V2-0576","2025-12-20T20:37:29.6510000+05:30","1259","UPI","Mobile","IN","IN","0","1349","34","1419","false","false","0.8872","0"
"V2TXN-004586","CUST-V2-0416","2025-12-20T22:09:10.1520000+05:30","9587","CARD","Mobile","US","US","0","732","11","10015","false","false","0.9573","0"
"V2TXN-004587","CUST-V2-0194","2025-12-20T23:02:28.1120000+05:30","780","CARD","Mobile","IN","IN","0","1535","39","2163","false","false","0.3606","0"
"V2TXN-004588","CUST-V2-0133","2025-12-20T23:14:08.7510000+05:30","749","NETBANKING","Mobile","US","US","1","584","13","442","false","false","1.6946","0"
"V2TXN-004589","CUST-V2-0140","2025-12-20T23:39:41.5940000+05:30","2641","CARD","Mobile","SA","IN","1","683","17","2169","false","true","1.2176","1"
"V2TXN-004590","CUST-V2-0475","2025-12-21T00:49:17.4650000+05:30","4038","CARD","Desktop","IN","IN","0","1582","48","1756","false","false","2.2995","0"
"V2TXN-004591","CUST-V2-0354","2025-12-21T01:10:02.5040000+05:30","1357","UPI","Desktop","US","US","0","260","6","1509","false","false","0.8993","0"
"V2TXN-004592","CUST-V2-0050","2025-12-21T01:54:18.2440000+05:30","596","NETBANKING","Mobile","SG","SG","0","665","7","890","false","false","0.6697","0"
"V2TXN-004593","CUST-V2-0355","2025-12-21T02:01:32.2180000+05:30","860","CARD","Mobile","SA","SA","0","346","3","1488","false","false","0.5780","0"
"V2TXN-004594","CUST-V2-0004","2025-12-21T02:59:37.4620000+05:30","3598","UPI","Mobile","IN","IN","0","326","7","4175","false","false","0.8618","0"
"V2TXN-004595","CUST-V2-0207","2025-12-21T03:20:13.8930000+05:30","1440","CARD","Desktop","US","US","0","861","16","2166","false","false","0.6648","0"
"V2TXN-004596","CUST-V2-0815","2025-12-21T03:45:16.1350000+05:30","4236","CARD","Desktop","SA","SA","0","1030","22","4446","false","false","0.9528","0"
"V2TXN-004597","CUST-V2-0815","2025-12-21T04:00:20.5710000+05:30","5520","UPI","Desktop","SA","SA","0","1030","23","4437","false","false","1.2441","0"
"V2TXN-004598","CUST-V2-0872","2025-12-21T04:03:29.2430000+05:30","925","UPI","Desktop","GB","GB","0","553","15","1978","false","false","0.4676","0"
"V2TXN-004599","CUST-V2-0872","2025-12-21T04:35:51.4180000+05:30","2432","UPI","Desktop","GB","GB","0","553","16","1912","false","false","1.2720","0"
"V2TXN-004600","CUST-V2-0404","2025-12-21T04:39:37.7330000+05:30","2763","UPI","Desktop","GB","GB","0","982","26","4031","false","false","0.6854","0"
"V2TXN-004601","CUST-V2-0972","2025-12-21T04:44:02.8520000+05:30","14483","CARD","Desktop","AU","IN","1","332","4","4006","false","true","3.6153","1"
"V2TXN-004602","CUST-V2-0864","2025-12-21T06:02:23.6480000+05:30","2850","UPI","Mobile","IN","IN","1","1301","22","1557","false","false","1.8304","1"
"V2TXN-004603","CUST-V2-0297","2025-12-21T06:38:28.5550000+05:30","3019","UPI","Desktop","IN","IN","1","390","8","2046","false","false","1.4756","0"
"V2TXN-004604","CUST-V2-0892","2025-12-21T07:16:27.7200000+05:30","4006","CARD","Desktop","GB","GB","0","957","29","2872","false","false","1.3948","0"
"V2TXN-004605","CUST-V2-0869","2025-12-21T08:00:44.7080000+05:30","1681","UPI","Tablet","IN","IN","0","1188","34","1236","false","false","1.3600","0"
"V2TXN-004606","CUST-V2-0720","2025-12-21T08:52:52.4480000+05:30","5631","CARD","Tablet","SA","AU","4","1098","33","3024","false","true","1.8621","1"
"V2TXN-004607","CUST-V2-0838","2025-12-21T09:35:22.1730000+05:30","1948","CARD","Desktop","IN","IN","0","1184","16","1682","false","false","1.1581","0"
"V2TXN-004608","CUST-V2-0518","2025-12-21T10:24:49.8940000+05:30","1607","NETBANKING","Tablet","IN","IN","0","1279","33","1066","false","false","1.5075","0"
"V2TXN-004609","CUST-V2-0426","2025-12-21T11:15:11.5340000+05:30","13040","WALLET","Desktop","CA","IN","2","382","8","3472","false","true","3.7558","0"
"V2TXN-004610","CUST-V2-0416","2025-12-21T12:03:24.8410000+05:30","16637","WALLET","Desktop","US","US","0","733","12","9979","false","false","1.6672","0"
"V2TXN-004611","CUST-V2-0303","2025-12-21T13:29:59.3390000+05:30","1903","CARD","Desktop","IN","IN","4","1171","22","1513","false","false","1.2578","1"
"V2TXN-004612","CUST-V2-0558","2025-12-21T14:37:15.3590000+05:30","4917","CARD","Mobile","IN","IN","0","1440","40","2491","false","false","1.9739","0"
"V2TXN-004613","CUST-V2-0201","2025-12-21T14:43:34.0750000+05:30","398","NETBANKING","Desktop","IN","IN","0","1092","31","356","false","false","1.1180","0"
"V2TXN-004614","CUST-V2-0289","2025-12-21T14:48:24.1930000+05:30","717","CARD","Mobile","IN","IN","2","304","10","3531","false","false","0.2031","1"
"V2TXN-004615","CUST-V2-0365","2025-12-21T15:20:01.7950000+05:30","3642","NETBANKING","Mobile","IN","IN","4","689","21","1715","false","false","2.1236","0"
"V2TXN-004616","CUST-V2-0677","2025-12-21T15:51:57.6770000+05:30","1311","CARD","Tablet","US","IN","6","334","10","1444","false","true","0.9079","1"
"V2TXN-004617","CUST-V2-0447","2025-12-21T17:08:01.0020000+05:30","2472","UPI","Mobile","SA","SA","0","437","12","1664","false","false","1.4856","0"
"V2TXN-004618","CUST-V2-0722","2025-12-21T17:19:31.8290000+05:30","7410","WALLET","Mobile","US","US","0","324","6","3020","false","false","2.4536","0"
"V2TXN-004619","CUST-V2-0470","2025-12-21T19:04:06.8700000+05:30","723","BANK_TRANSFER","Tablet","IN","IN","0","1024","20","1007","false","false","0.7180","0"
"V2TXN-004620","CUST-V2-0075","2025-12-21T19:26:35.6970000+05:30","1669","UPI","Tablet","US","US","1","1283","23","3316","false","false","0.5033","0"
"V2TXN-004621","CUST-V2-0865","2025-12-21T19:27:51.7520000+05:30","2688","UPI","Mobile","IN","IN","1","688","9","1885","false","false","1.4260","0"
"V2TXN-004622","CUST-V2-0667","2025-12-21T20:11:32.7290000+05:30","36770","WALLET","Mobile","AU","AU","0","346","6","81552","false","false","0.4509","0"
"V2TXN-004623","CUST-V2-0416","2025-12-21T20:23:11.2660000+05:30","6234","CARD","Mobile","US","US","0","733","13","10491","false","false","0.5942","0"
"V2TXN-004624","CUST-V2-0925","2025-12-21T21:09:58.0740000+05:30","2413","UPI","Desktop","IN","IN","0","1412","24","2313","false","false","1.0432","0"
"V2TXN-004625","CUST-V2-0923","2025-12-21T21:21:12.2100000+05:30","1143","CARD","Desktop","IN","IN","0","1106","20","2384","false","false","0.4794","0"
"V2TXN-004626","CUST-V2-0143","2025-12-22T00:13:28.0580000+05:30","1031","CARD","Tablet","IN","IN","0","1243","34","1154","false","false","0.8934","0"
"V2TXN-004627","CUST-V2-0374","2025-12-22T00:39:48.3500000+05:30","6023","UPI","Mobile","US","US","0","1048","33","6346","false","false","0.9491","0"
"V2TXN-004628","CUST-V2-0428","2025-12-22T00:43:28.6780000+05:30","1274","UPI","Mobile","IN","IN","0","806","25","1163","false","false","1.0954","0"
"V2TXN-004629","CUST-V2-0447","2025-12-22T01:44:40.0950000+05:30","2266","WALLET","Mobile","SA","SA","0","437","13","1726","false","false","1.3129","0"
"V2TXN-004630","CUST-V2-0285","2025-12-22T02:15:40.4770000+05:30","1728","CARD","Mobile","IN","IN","0","268","6","962","false","false","1.7963","0"
"V2TXN-004631","CUST-V2-0231","2025-12-22T02:26:06.2970000+05:30","8147","UPI","Mobile","IN","IN","0","1244","25","5338","false","false","1.5262","0"
"V2TXN-004632","CUST-V2-0019","2025-12-22T02:34:03.5920000+05:30","379","CARD","Mobile","IN","IN","0","493","15","472","false","false","0.8030","0"
"V2TXN-004633","CUST-V2-0698","2025-12-22T03:31:02.3730000+05:30","1161","UPI","Mobile","IN","IN","1","597","15","878","false","false","1.3223","0"
"V2TXN-004634","CUST-V2-0339","2025-12-22T03:36:38.8810000+05:30","12978","UPI","Mobile","SG","SG","0","885","20","5171","false","false","2.5098","0"
"V2TXN-004635","CUST-V2-0227","2025-12-22T03:38:57.5760000+05:30","3744","CARD","Mobile","IN","IN","0","894","25","2212","false","false","1.6926","0"
"V2TXN-004636","CUST-V2-0078","2025-12-22T03:57:36.3270000+05:30","5313","BANK_TRANSFER","Desktop","IN","IN","0","365","9","2500","false","false","2.1252","0"
"V2TXN-004637","CUST-V2-0756","2025-12-22T04:25:26.1510000+05:30","1847","UPI","Desktop","IN","SG","0","683","12","1841","false","true","1.0033","0"
"V2TXN-004638","CUST-V2-0015","2025-12-22T04:37:30.5630000+05:30","5016","UPI","Desktop","IN","IN","0","1238","24","4463","false","false","1.1239","0"
"V2TXN-004639","CUST-V2-0421","2025-12-22T05:15:31.0110000+05:30","9884","WALLET","Mobile","IN","IN","0","880","17","7303","false","false","1.3534","0"
"V2TXN-004640","CUST-V2-0450","2025-12-22T05:36:52.8300000+05:30","2826","UPI","Mobile","SG","SG","0","1167","31","2689","false","false","1.0509","0"
"V2TXN-004641","CUST-V2-0212","2025-12-22T05:46:38.4480000+05:30","1503","CARD","Desktop","IN","IN","0","1047","23","1211","false","false","1.2411","0"
"V2TXN-004642","CUST-V2-0243","2025-12-22T06:52:57.0270000+05:30","923","CARD","Mobile","GB","GB","1","1260","22","686","false","false","1.3455","0"
"V2TXN-004643","CUST-V2-0614","2025-12-22T07:02:15.5830000+05:30","327","NETBANKING","Desktop","US","US","0","155","3","752","false","false","0.4348","0"
"V2TXN-004644","CUST-V2-0707","2025-12-22T07:34:47.0100000+05:30","2713","CARD","Desktop","GB","GB","1","468","17","2623","false","false","1.0343","0"
"V2TXN-004645","CUST-V2-0571","2025-12-22T08:15:13.5740000+05:30","1704","CARD","Tablet","IN","IN","0","1471","20","2723","false","false","0.6258","0"
"V2TXN-004646","CUST-V2-0660","2025-12-22T08:54:04.7380000+05:30","1695","UPI","Tablet","US","US","0","916","26","1864","false","false","0.9093","0"
"V2TXN-004647","CUST-V2-0693","2025-12-22T09:00:58.3420000+05:30","1326","UPI","Desktop","IN","IN","0","948","20","1574","false","false","0.8424","0"
"V2TXN-004648","CUST-V2-0538","2025-12-22T09:51:00.3410000+05:30","5136","NETBANKING","Mobile","IN","IN","2","1080","28","4271","false","false","1.2025","0"
"V2TXN-004649","CUST-V2-0305","2025-12-22T10:12:27.4930000+05:30","5703","WALLET","Desktop","IN","IN","0","586","8","4193","false","false","1.3601","0"
"V2TXN-004650","CUST-V2-0986","2025-12-22T10:24:01.3550000+05:30","4091","UPI","Mobile","US","US","0","1429","34","4372","false","false","0.9357","0"
"V2TXN-004651","CUST-V2-0332","2025-12-22T10:31:47.2370000+05:30","4189","UPI","Mobile","GB","IN","2","1348","21","3278","false","true","1.2779","1"
"V2TXN-004652","CUST-V2-0384","2025-12-22T11:26:12.7130000+05:30","590","NETBANKING","Mobile","IN","IN","0","410","13","792","false","false","0.7449","0"
"V2TXN-004653","CUST-V2-0336","2025-12-22T11:37:21.3930000+05:30","831","UPI","Desktop","IN","IN","0","456","7","946","false","false","0.8784","0"
"V2TXN-004654","CUST-V2-0035","2025-12-22T11:38:30.2980000+05:30","2620","WALLET","Mobile","IN","IN","0","1465","26","1900","false","false","1.3789","0"
"V2TXN-004655","CUST-V2-0020","2025-12-22T13:08:01.2680000+05:30","1042","CARD","Mobile","SA","SA","0","991","28","656","false","false","1.5884","0"
"V2TXN-004656","CUST-V2-0520","2025-12-22T14:31:05.1020000+05:30","3751","UPI","Desktop","IN","IN","0","1218","23","1750","false","false","2.1434","0"
"V2TXN-004657","CUST-V2-0763","2025-12-22T14:35:33.0990000+05:30","874","UPI","Desktop","AE","AE","0","1479","32","941","false","false","0.9288","0"
"V2TXN-004658","CUST-V2-0865","2025-12-22T15:39:04.9400000+05:30","1508","UPI","Mobile","IN","IN","0","689","10","1965","false","false","0.7674","0"
"V2TXN-004659","CUST-V2-0989","2025-12-22T17:26:59.5920000+05:30","4552","CARD","Mobile","GB","GB","0","316","7","2157","false","false","2.1103","0"
"V2TXN-004660","CUST-V2-0378","2025-12-22T17:45:27.9970000+05:30","498","CARD","Mobile","US","US","3","327","4","5858","false","false","0.0850","1"
"V2TXN-004661","CUST-V2-0927","2025-12-22T19:54:51.7130000+05:30","600","CARD","Mobile","AE","AE","3","521","6","1081","false","false","0.5550","1"
"V2TXN-004662","CUST-V2-0971","2025-12-22T20:19:27.5180000+05:30","2062","CARD","Mobile","IN","IN","0","776","15","1476","false","false","1.3970","0"
"V2TXN-004663","CUST-V2-0032","2025-12-22T21:26:29.5120000+05:30","718","CARD","Mobile","IN","IN","0","1322","35","1460","false","false","0.4918","0"
"V2TXN-004664","CUST-V2-0757","2025-12-22T21:59:22.8070000+05:30","2138","CARD","Mobile","IN","IN","0","349","11","1080","false","false","1.9796","0"
"V2TXN-004665","CUST-V2-0776","2025-12-22T22:15:07.8160000+05:30","1022","CARD","Mobile","CA","CA","0","371","5","678","false","false","1.5074","0"
"V2TXN-004666","CUST-V2-0692","2025-12-23T00:04:22.1480000+05:30","1413","UPI","Desktop","IN","IN","0","259","12","1457","false","false","0.9698","0"
"V2TXN-004667","CUST-V2-0963","2025-12-23T02:07:20.9200000+05:30","582","UPI","Mobile","IN","IN","0","1312","23","456","false","false","1.2763","1"
"V2TXN-004668","CUST-V2-0288","2025-12-23T03:33:49.5940000+05:30","140","CARD","Mobile","IN","IN","6","740","20","5361","false","false","0.0261","1"
"V2TXN-004669","CUST-V2-0428","2025-12-23T04:03:38.2580000+05:30","1542","UPI","Mobile","IN","IN","0","807","26","1167","false","false","1.3213","0"
"V2TXN-004670","CUST-V2-0019","2025-12-23T04:16:09.5160000+05:30","1121","CARD","Mobile","IN","IN","1","494","16","467","false","false","2.4004","0"
"V2TXN-004671","CUST-V2-0050","2025-12-23T04:51:44.6950000+05:30","478","NETBANKING","Mobile","SG","SG","0","667","8","854","false","false","0.5597","0"
"V2TXN-004672","CUST-V2-0530","2025-12-23T05:17:14.0670000+05:30","6628","WALLET","Mobile","IN","IN","1","837","28","2702","false","false","2.4530","0"
"V2TXN-004673","CUST-V2-0576","2025-12-23T05:34:59.4860000+05:30","1671","CARD","Mobile","IN","IN","0","1351","35","1414","false","false","1.1818","0"
"V2TXN-004674","CUST-V2-0779","2025-12-23T07:21:20.7570000+05:30","562","CARD","Desktop","IN","IN","0","1057","15","688","false","false","0.8169","0"
"V2TXN-004675","CUST-V2-0476","2025-12-23T07:22:11.6660000+05:30","774","UPI","Mobile","IN","IN","0","1463","17","698","false","false","1.1089","0"
"V2TXN-004676","CUST-V2-0630","2025-12-23T07:41:08.2580000+05:30","16160","CARD","Desktop","CA","CA","1","356","1","15376","false","false","1.0510","1"
"V2TXN-004677","CUST-V2-0014","2025-12-23T08:49:55.9630000+05:30","12941","WALLET","Desktop","IN","IN","1","353","5","5094","false","false","2.5404","0"
"V2TXN-004678","CUST-V2-0544","2025-12-23T09:14:07.8860000+05:30","2480","UPI","Desktop","IN","IN","0","1394","38","1909","false","false","1.2991","0"
"V2TXN-004679","CUST-V2-0860","2025-12-23T10:12:34.4610000+05:30","4639","WALLET","Mobile","IN","IN","1","456","12","3702","false","false","1.2531","0"
"V2TXN-004680","CUST-V2-0783","2025-12-23T10:27:23.9780000+05:30","3083","UPI","Mobile","US","US","0","552","16","2598","false","false","1.1867","0"
"V2TXN-004681","CUST-V2-0175","2025-12-23T11:34:34.7340000+05:30","659","CARD","Tablet","US","US","2","1612","23","901","false","false","0.7314","1"
"V2TXN-004682","CUST-V2-0946","2025-12-23T12:43:29.9520000+05:30","7966","CARD","Mobile","CA","CA","0","561","9","5494","false","false","1.4499","0"
"V2TXN-004683","CUST-V2-0294","2025-12-23T14:42:47.3740000+05:30","1779","UPI","Desktop","IN","IN","1","724","18","2375","false","false","0.7491","0"
"V2TXN-004684","CUST-V2-0050","2025-12-23T14:43:40.0360000+05:30","892","UPI","Desktop","SG","SG","0","668","9","812","false","false","1.0985","0"
"V2TXN-004685","CUST-V2-0236","2025-12-23T14:54:38.6980000+05:30","2287","UPI","Mobile","SA","SA","1","960","29","1475","false","false","1.5505","0"
"V2TXN-004686","CUST-V2-0004","2025-12-23T16:41:54.3950000+05:30","6488","CARD","Desktop","CA","IN","4","328","8","4103","false","true","1.5813","1"
"V2TXN-004687","CUST-V2-0225","2025-12-23T18:04:04.0510000+05:30","907","UPI","Mobile","IN","IN","0","288","3","1070","false","false","0.8477","0"
"V2TXN-004688","CUST-V2-0803","2025-12-23T19:04:08.4640000+05:30","5866","UPI","Mobile","IN","IN","0","1283","21","3744","false","false","1.5668","0"
"V2TXN-004689","CUST-V2-0880","2025-12-23T19:04:17.2910000+05:30","1209","WALLET","Mobile","IN","IN","0","1171","21","942","false","false","1.2834","0"
"V2TXN-004690","CUST-V2-0235","2025-12-23T19:07:55.8000000+05:30","6674","CARD","Mobile","US","US","0","359","4","9316","false","false","0.7164","1"
"V2TXN-004691","CUST-V2-0616","2025-12-23T19:28:48.5230000+05:30","3399","UPI","Desktop","IN","IN","0","659","22","3415","false","false","0.9953","0"
"V2TXN-004692","CUST-V2-0760","2025-12-23T19:40:17.2040000+05:30","791","UPI","Mobile","SG","SG","0","342","6","811","false","false","0.9753","0"
"V2TXN-004693","CUST-V2-0181","2025-12-23T20:15:04.2880000+05:30","2714","CARD","Desktop","IN","IN","0","1052","28","3020","false","false","0.8987","0"
"V2TXN-004694","CUST-V2-0826","2025-12-23T21:47:28.2910000+05:30","1588","CARD","Mobile","GB","GB","0","1620","23","2907","false","false","0.5463","0"
"V2TXN-004695","CUST-V2-0019","2025-12-23T21:50:32.4940000+05:30","328","CARD","Mobile","IN","IN","0","494","17","505","false","false","0.6495","0"
"V2TXN-004696","CUST-V2-0628","2025-12-23T22:21:46.2880000+05:30","6691","NETBANKING","Mobile","IN","IN","1","1356","33","6544","false","false","1.0225","0"
"V2TXN-004697","CUST-V2-0780","2025-12-23T23:48:19.6620000+05:30","1784","WALLET","Mobile","AE","AE","0","498","11","1666","false","false","1.0708","0"
"V2TXN-004698","CUST-V2-0877","2025-12-24T01:31:13.8130000+05:30","1472","CARD","Mobile","SG","SG","0","592","20","1146","false","false","1.2845","0"
"V2TXN-004699","CUST-V2-0967","2025-12-24T01:43:15.0100000+05:30","5923","CARD","Mobile","GB","GB","0","1016","22","4582","false","false","1.2927","0"
"V2TXN-004700","CUST-V2-0919","2025-12-24T02:03:02.4150000+05:30","1545","BANK_TRANSFER","Mobile","US","US","0","1379","17","2416","false","false","0.6395","0"
"V2TXN-004701","CUST-V2-0005","2025-12-24T03:44:36.0140000+05:30","990","UPI","Desktop","IN","IN","0","917","14","1062","false","false","0.9322","0"
"V2TXN-004702","CUST-V2-0668","2025-12-24T03:45:22.6320000+05:30","2459","UPI","Mobile","IN","IN","0","125","3","1258","false","false","1.9547","0"
"V2TXN-004703","CUST-V2-0650","2025-12-24T03:45:23.7040000+05:30","1523","CARD","Mobile","IN","IN","0","372","9","1501","false","false","1.0147","0"
"V2TXN-004704","CUST-V2-0102","2025-12-24T03:53:52.6800000+05:30","1431","CARD","Tablet","IN","SG","4","830","28","804","false","true","1.7799","1"
"V2TXN-004705","CUST-V2-0436","2025-12-24T04:19:00.6340000+05:30","5420","CARD","Desktop","US","US","1","788","22","3607","false","false","1.5026","0"
"V2TXN-004706","CUST-V2-0428","2025-12-24T04:36:12.3410000+05:30","943","UPI","Mobile","IN","IN","0","808","27","1181","false","false","0.7985","0"
"V2TXN-004707","CUST-V2-0365","2025-12-24T04:58:07.2290000+05:30","954","CARD","Mobile","SG","IN","2","691","22","1802","false","true","0.5294","1"
"V2TXN-004708","CUST-V2-0048","2025-12-24T05:00:55.5360000+05:30","2897","UPI","Mobile","IN","IN","0","600","14","5055","false","false","0.5731","0"
"V2TXN-004709","CUST-V2-0404","2025-12-24T05:54:51.7470000+05:30","6459","UPI","Desktop","GB","GB","1","985","27","3984","false","false","1.6212","0"
"V2TXN-004710","CUST-V2-0887","2025-12-24T06:52:36.5000000+05:30","1754","UPI","Desktop","IN","IN","1","1267","29","2808","false","false","0.6246","0"
"V2TXN-004711","CUST-V2-0808","2025-12-24T07:55:34.3810000+05:30","3637","CARD","Mobile","IN","IN","0","197","7","2513","false","false","1.4473","0"
"V2TXN-004712","CUST-V2-0025","2025-12-24T08:17:15.2870000+05:30","2719","UPI","Mobile","IN","IN","0","140","5","3053","false","false","0.8906","0"
"V2TXN-004713","CUST-V2-0165","2025-12-24T08:22:51.9500000+05:30","587","WALLET","Mobile","IN","IN","0","1268","33","471","false","false","1.2463","0"
"V2TXN-004714","CUST-V2-0541","2025-12-24T09:15:13.9450000+05:30","4180","UPI","Desktop","IN","IN","0","337","6","5275","false","false","0.7924","0"
"V2TXN-004715","CUST-V2-0218","2025-12-24T09:39:37.7180000+05:30","2408","UPI","Mobile","IN","IN","0","1686","49","1778","false","false","1.3543","0"
"V2TXN-004716","CUST-V2-0863","2025-12-24T10:47:12.4040000+05:30","432","WALLET","Desktop","IN","IN","0","1214","27","353","false","false","1.2238","0"
"V2TXN-004717","CUST-V2-0365","2025-12-24T11:24:21.2680000+05:30","301","CARD","Mobile","IN","IN","3","692","23","1765","false","false","0.1705","1"
"V2TXN-004718","CUST-V2-0919","2025-12-24T11:39:15.5280000+05:30","3691","BANK_TRANSFER","Mobile","US","US","0","1379","18","2368","false","false","1.5587","0"
"V2TXN-004719","CUST-V2-0384","2025-12-24T11:41:52.4140000+05:30","1066","NETBANKING","Mobile","IN","IN","0","412","14","777","false","false","1.3719","0"
"V2TXN-004720","CUST-V2-0261","2025-12-24T11:49:32.2290000+05:30","3542","UPI","Mobile","IN","IN","0","1449","41","3957","false","false","0.8951","0"
"V2TXN-004721","CUST-V2-0668","2025-12-24T13:31:28.7220000+05:30","1214","UPI","Desktop","IN","IN","0","126","4","1559","false","false","0.7787","0"
"V2TXN-004722","CUST-V2-0757","2025-12-24T14:18:36.0850000+05:30","812","CARD","Mobile","IN","IN","0","351","12","1168","false","false","0.6952","0"
"V2TXN-004723","CUST-V2-0139","2025-12-24T15:44:12.1660000+05:30","1589","UPI","Mobile","IN","IN","0","993","14","1592","false","false","0.9981","0"
"V2TXN-004724","CUST-V2-0716","2025-12-24T16:05:20.6750000+05:30","1549","WALLET","Desktop","IN","IN","0","265","3","1462","false","false","1.0595","0"
"V2TXN-004725","CUST-V2-0370","2025-12-24T16:37:50.1230000+05:30","1421","UPI","Desktop","IN","IN","0","348","5","2583","false","false","0.5501","0"
"V2TXN-004726","CUST-V2-0930","2025-12-24T17:17:29.6790000+05:30","4947","CARD","Desktop","IN","IN","0","1269","16","3076","false","false","1.6083","0"
"V2TXN-004727","CUST-V2-0865","2025-12-24T17:31:28.8090000+05:30","3160","UPI","Mobile","IN","IN","0","691","11","1924","false","false","1.6424","0"
"V2TXN-004728","CUST-V2-0830","2025-12-24T17:35:58.6290000+05:30","7159","BANK_TRANSFER","Mobile","IN","IN","0","1472","39","3623","false","false","1.9760","0"
"V2TXN-004729","CUST-V2-0873","2025-12-24T17:40:40.0290000+05:30","227","UPI","Mobile","IN","IN","0","312","10","324","false","false","0.7006","0"
"V2TXN-004730","CUST-V2-0185","2025-12-24T18:20:38.7960000+05:30","496","UPI","Desktop","US","US","0","826","14","998","false","false","0.4970","0"
"V2TXN-004731","CUST-V2-0100","2025-12-24T18:24:59.7480000+05:30","1291","UPI","Mobile","IN","IN","0","618","19","1666","false","false","0.7749","0"
"V2TXN-004732","CUST-V2-0722","2025-12-24T19:19:33.8890000+05:30","2126","WALLET","Mobile","US","US","0","327","7","3647","false","false","0.5829","0"
"V2TXN-004733","CUST-V2-0297","2025-12-24T19:40:47.2350000+05:30","2838","WALLET","Desktop","IN","IN","0","393","9","2154","false","false","1.3175","0"
"V2TXN-004734","CUST-V2-0590","2025-12-24T20:39:57.8920000+05:30","161","CARD","Desktop","AE","IN","4","820","12","1261","false","true","0.1277","1"
"V2TXN-004735","CUST-V2-0666","2025-12-24T21:01:40.7810000+05:30","1665","CARD","Tablet","IN","IN","0","1454","30","1752","false","false","0.9503","1"
"V2TXN-004736","CUST-V2-0379","2025-12-24T22:00:39.6200000+05:30","560","CARD","Desktop","IN","IN","1","734","21","626","false","false","0.8946","0"
"V2TXN-004737","CUST-V2-0984","2025-12-24T22:01:29.0440000+05:30","557","UPI","Mobile","IN","IN","4","396","5","1586","false","false","0.3512","0"
"V2TXN-004738","CUST-V2-0967","2025-12-25T00:29:00.3930000+05:30","4579","CARD","Mobile","GB","GB","0","1017","23","4641","false","false","0.9866","0"
"V2TXN-004739","CUST-V2-0967","2025-12-25T02:18:45.3080000+05:30","3761","CARD","Mobile","GB","GB","0","1017","24","4638","false","false","0.8109","0"
"V2TXN-004740","CUST-V2-0487","2025-12-25T02:59:01.1130000+05:30","3327","NETBANKING","Mobile","IN","IN","4","1173","28","2454","false","false","1.3557","0"
"V2TXN-004741","CUST-V2-0920","2025-12-25T03:15:23.2260000+05:30","4913","UPI","Mobile","IN","IN","0","1367","38","4022","false","false","1.2215","1"
"V2TXN-004742","CUST-V2-0876","2025-12-25T05:42:18.0840000+05:30","5663","NETBANKING","Mobile","CA","CA","0","137","4","7574","false","false","0.7477","0"
"V2TXN-004743","CUST-V2-0760","2025-12-25T06:15:54.2570000+05:30","961","NETBANKING","Mobile","SG","SG","0","343","7","808","false","false","1.1894","0"
"V2TXN-004744","CUST-V2-0384","2025-12-25T07:21:41.1650000+05:30","580","NETBANKING","Mobile","IN","IN","0","412","15","797","false","false","0.7277","0"
"V2TXN-004745","CUST-V2-0892","2025-12-25T07:58:57.3230000+05:30","2383","CARD","Desktop","GB","GB","0","961","30","2910","false","false","0.8189","0"
"V2TXN-004746","CUST-V2-0259","2025-12-25T08:27:50.9220000+05:30","979","CARD","Mobile","IN","IN","0","1565","27","1383","false","false","0.7079","0"
"V2TXN-004747","CUST-V2-0311","2025-12-25T08:49:55.5010000+05:30","7048","BANK_TRANSFER","Mobile","IN","IN","1","1555","38","3780","false","false","1.8646","0"
"V2TXN-004748","CUST-V2-0877","2025-12-25T09:07:46.2620000+05:30","1627","CARD","Mobile","SG","SG","1","593","21","1162","false","false","1.4002","0"
"V2TXN-004749","CUST-V2-0613","2025-12-25T10:09:04.6100000+05:30","593","CARD","Mobile","IN","IN","0","1415","28","719","false","false","0.8248","0"
"V2TXN-004750","CUST-V2-0594","2025-12-25T10:29:48.5230000+05:30","1814","CARD","Desktop","GB","GB","0","411","11","1522","false","false","1.1919","0"
"V2TXN-004751","CUST-V2-0967","2025-12-25T11:36:45.1130000+05:30","5546","CARD","Mobile","GB","GB","0","1017","25","4603","false","false","1.2049","0"
"V2TXN-004752","CUST-V2-0535","2025-12-25T11:53:43.5970000+05:30","3212","UPI","Desktop","IN","IN","0","1305","37","2817","false","false","1.1402","0"
"V2TXN-004753","CUST-V2-0426","2025-12-25T12:09:26.3220000+05:30","6465","NETBANKING","Mobile","IN","IN","0","386","9","4535","false","false","1.4256","0"
"V2TXN-004754","CUST-V2-0864","2025-12-25T12:17:18.3400000+05:30","1013","UPI","Mobile","IN","IN","0","1306","23","1613","false","false","0.6280","0"
"V2TXN-004755","CUST-V2-0663","2025-12-25T13:02:05.0370000+05:30","1971","CARD","Mobile","IN","IN","0","1370","34","1814","false","false","1.0865","0"
"V2TXN-004756","CUST-V2-0940","2025-12-25T14:53:33.4330000+05:30","1443","CARD","Mobile","IN","IN","0","1426","40","831","false","false","1.7365","0"
"V2TXN-004757","CUST-V2-0207","2025-12-25T15:29:58.5520000+05:30","2479","WALLET","Desktop","IN","US","1","866","17","2123","false","true","1.1677","1"
"V2TXN-004758","CUST-V2-0711","2025-12-25T15:32:07.7540000+05:30","486","NETBANKING","Desktop","AU","AU","0","558","10","602","false","false","0.8073","0"
"V2TXN-004759","CUST-V2-0939","2025-12-25T17:43:34.0110000+05:30","531","WALLET","Desktop","CA","CA","1","515","12","1050","false","false","0.5057","0"
"V2TXN-004760","CUST-V2-0779","2025-12-25T17:46:48.4900000+05:30","1761","CARD","Desktop","IN","IN","0","1060","16","680","false","false","2.5897","0"
"V2TXN-004761","CUST-V2-0929","2025-12-25T18:57:03.1810000+05:30","4602","UPI","Mobile","IN","IN","0","438","12","6263","false","false","0.7348","0"
"V2TXN-004762","CUST-V2-0818","2025-12-25T19:45:54.5000000+05:30","3307","UPI","Tablet","GB","GB","0","1153","25","4725","false","false","0.6999","0"
"V2TXN-004763","CUST-V2-0753","2025-12-25T19:50:13.6120000+05:30","836","UPI","Mobile","IN","IN","0","843","25","750","false","false","1.1147","0"
"V2TXN-004764","CUST-V2-0565","2025-12-25T20:44:20.1700000+05:30","655","UPI","Mobile","IN","IN","0","227","5","944","false","false","0.6939","0"
"V2TXN-004765","CUST-V2-0567","2025-12-25T22:05:42.8090000+05:30","10236","CARD","Mobile","AE","AE","0","772","23","7501","false","false","1.3646","0"
"V2TXN-004766","CUST-V2-0140","2025-12-25T22:25:04.4000000+05:30","2017","CARD","Desktop","IN","IN","0","688","18","2195","false","false","0.9189","0"
"V2TXN-004767","CUST-V2-0585","2025-12-25T22:49:11.3080000+05:30","746","CARD","Mobile","IN","IN","0","1468","23","1090","false","false","0.6844","0"
"V2TXN-004768","CUST-V2-0313","2025-12-25T22:51:40.6460000+05:30","763","CARD","Mobile","GB","GB","0","443","8","992","false","false","0.7692","0"
"V2TXN-004769","CUST-V2-0234","2025-12-25T23:33:06.0990000+05:30","4577","UPI","Mobile","GB","SG","0","1423","21","1923","false","true","2.3801","1"
"V2TXN-004770","CUST-V2-0342","2025-12-25T23:41:58.0890000+05:30","4985","CARD","Desktop","IN","SA","2","1464","28","4093","false","true","1.2179","1"
"V2TXN-004771","CUST-V2-0811","2025-12-26T00:01:01.2790000+05:30","1948","WALLET","Mobile","GB","GB","0","342","5","2236","false","false","0.8712","0"
"V2TXN-004772","CUST-V2-0180","2025-12-26T01:15:17.6580000+05:30","1387","NETBANKING","Desktop","IN","IN","0","1016","17","1683","false","false","0.8241","0"
"V2TXN-004773","CUST-V2-0530","2025-12-26T03:47:41.9770000+05:30","3547","WALLET","Mobile","IN","IN","0","840","29","2837","false","false","1.2503","0"
"V2TXN-004774","CUST-V2-0924","2025-12-26T04:06:26.3390000+05:30","2006","NETBANKING","Desktop","US","US","0","1112","26","1593","false","false","1.2593","1"
"V2TXN-004775","CUST-V2-0303","2025-12-26T04:16:06.3860000+05:30","2407","CARD","Desktop","IN","IN","0","1176","23","1530","false","false","1.5732","1"
"V2TXN-004776","CUST-V2-0996","2025-12-26T05:49:54.6510000+05:30","881","CARD","Mobile","IN","IN","0","1190","30","1876","false","false","0.4696","0"
"V2TXN-004777","CUST-V2-0501","2025-12-26T06:15:39.0140000+05:30","894","UPI","Desktop","IN","IN","1","1043","29","1936","false","false","0.4618","0"
"V2TXN-004778","CUST-V2-0005","2025-12-26T06:16:59.5900000+05:30","815","UPI","Desktop","IN","IN","0","919","15","1057","false","false","0.7711","0"
"V2TXN-004779","CUST-V2-0048","2025-12-26T07:37:51.7160000+05:30","4571","UPI","Mobile","IN","IN","1","602","15","4911","false","false","0.9308","0"
"V2TXN-004780","CUST-V2-0039","2025-12-26T07:43:51.6190000+05:30","2128","CARD","Tablet","IN","IN","0","447","16","2116","false","false","1.0057","0"
"V2TXN-004781","CUST-V2-0663","2025-12-26T08:21:33.8240000+05:30","2229","NETBANKING","Mobile","IN","IN","1","1370","35","1818","false","false","1.2261","0"
"V2TXN-004782","CUST-V2-0492","2025-12-26T09:10:01.2190000+05:30","2512","CARD","Mobile","IN","IN","0","841","22","2129","false","false","1.1799","0"
"V2TXN-004783","CUST-V2-0007","2025-12-26T09:15:54.7180000+05:30","2795","UPI","Mobile","IN","IN","0","1501","24","4058","false","false","0.6888","0"
"V2TXN-004784","CUST-V2-0431","2025-12-26T09:44:50.9660000+05:30","2307","UPI","Tablet","GB","GB","0","1622","39","1789","false","false","1.2895","0"
"V2TXN-004785","CUST-V2-0297","2025-12-26T10:17:19.0450000+05:30","3148","UPI","Desktop","IN","IN","0","395","10","2223","false","false","1.4161","0"
"V2TXN-004786","CUST-V2-0221","2025-12-26T10:21:23.9850000+05:30","3901","CARD","Desktop","IN","IN","0","935","24","5137","false","false","0.7594","0"
"V2TXN-004787","CUST-V2-0722","2025-12-26T10:26:17.1240000+05:30","3116","WALLET","Mobile","US","US","0","329","8","3457","false","false","0.9014","0"
"V2TXN-004788","CUST-V2-0963","2025-12-26T10:38:13.5110000+05:30","896","UPI","Mobile","IN","IN","0","1315","24","461","false","false","1.9436","0"
"V2TXN-004789","CUST-V2-0602","2025-12-26T10:48:03.0060000+05:30","2327","WALLET","Desktop","SG","IN","1","693","15","2305","false","true","1.0095","0"
"V2TXN-004790","CUST-V2-0914","2025-12-26T11:07:34.8040000+05:30","6116","UPI","Desktop","IN","IN","0","589","9","3525","false","false","1.7350","0"
"V2TXN-004791","CUST-V2-0068","2025-12-26T12:16:55.0230000+05:30","1851","CARD","Mobile","IN","IN","0","1230","24","2580","false","false","0.7174","0"
"V2TXN-004792","CUST-V2-0152","2025-12-26T12:49:14.2520000+05:30","1199","CARD","Mobile","AU","AU","0","1560","21","1901","false","false","0.6307","0"
"V2TXN-004793","CUST-V2-0571","2025-12-26T13:01:27.4330000+05:30","1557","CARD","Tablet","IN","IN","0","1475","21","2675","false","false","0.5821","0"
"V2TXN-004794","CUST-V2-0352","2025-12-26T13:23:24.2660000+05:30","4628","CARD","Desktop","US","US","0","775","12","2979","false","false","1.5535","0"
"V2TXN-004795","CUST-V2-0940","2025-12-26T13:33:23.3620000+05:30","1197","CARD","Mobile","IN","IN","0","1427","41","846","false","false","1.4149","0"
"V2TXN-004796","CUST-V2-0219","2025-12-26T13:39:22.2160000+05:30","1207","UPI","Mobile","US","US","0","320","6","1886","false","false","0.6400","0"
"V2TXN-004797","CUST-V2-0356","2025-12-26T14:14:17.4900000+05:30","1796","UPI","Mobile","US","US","0","341","5","2063","false","false","0.8706","0"
"V2TXN-004798","CUST-V2-0462","2025-12-26T15:13:13.0050000+05:30","6261","NETBANKING","Desktop","US","US","0","748","19","7364","false","false","0.8502","0"
"V2TXN-004799","CUST-V2-0131","2025-12-26T15:27:45.7330000+05:30","805","CARD","Mobile","IN","IN","0","899","12","483","false","false","1.6667","0"
"V2TXN-004800","CUST-V2-0135","2025-12-26T15:51:25.1060000+05:30","1730","UPI","Mobile","GB","GB","4","738","22","1345","false","false","1.2862","0"
"V2TXN-004801","CUST-V2-0072","2025-12-26T17:37:47.9800000+05:30","7538","UPI","Mobile","GB","GB","0","1556","45","3689","false","false","2.0434","0"
"V2TXN-004802","CUST-V2-0865","2025-12-26T18:31:11.3650000+05:30","2331","UPI","Mobile","IN","IN","0","693","12","2027","false","false","1.1500","0"
"V2TXN-004803","CUST-V2-0636","2025-12-26T19:11:29.9130000+05:30","3804","CARD","Desktop","SA","SA","0","1177","18","2055","false","false","1.8511","0"
"V2TXN-004804","CUST-V2-0267","2025-12-26T19:21:03.2860000+05:30","1359","WALLET","Mobile","IN","IN","0","323","2","1962","false","false","0.6927","0"
"V2TXN-004805","CUST-V2-0783","2025-12-26T19:30:22.9980000+05:30","2209","UPI","Mobile","US","US","0","556","17","2627","false","false","0.8409","0"
"V2TXN-004806","CUST-V2-0088","2025-12-26T20:11:09.9360000+05:30","1176","CARD","Mobile","IN","IN","0","1312","29","1417","false","false","0.8299","0"
"V2TXN-004807","CUST-V2-0303","2025-12-26T20:20:38.8300000+05:30","1404","WALLET","Mobile","IN","IN","0","1177","24","1566","false","false","0.8966","0"
"V2TXN-004808","CUST-V2-0779","2025-12-26T20:32:31.2170000+05:30","1739","UPI","Desktop","US","IN","0","1061","17","744","false","true","2.3374","1"
"V2TXN-004809","CUST-V2-0275","2025-12-26T20:41:50.9090000+05:30","3634","UPI","Mobile","IN","IN","0","1007","32","2225","false","false","1.6333","0"
"V2TXN-004810","CUST-V2-0934","2025-12-26T22:47:55.0870000+05:30","1564","UPI","Mobile","IN","IN","0","805","12","1923","false","false","0.8133","0"
"V2TXN-004811","CUST-V2-0564","2025-12-26T22:54:08.9680000+05:30","3203","UPI","Mobile","IN","IN","0","766","16","1982","false","false","1.6160","0"
"V2TXN-004812","CUST-V2-0428","2025-12-26T23:18:14.7050000+05:30","1315","UPI","Mobile","IN","IN","0","811","28","1173","false","false","1.1211","0"
"V2TXN-004813","CUST-V2-0040","2025-12-26T23:41:55.0160000+05:30","3218","NETBANKING","Mobile","IN","IN","0","744","14","3489","false","false","0.9223","0"
"V2TXN-004814","CUST-V2-0955","2025-12-27T00:11:58.7880000+05:30","22098","WALLET","Mobile","SG","SG","1","1437","26","8089","false","false","2.7319","0"
"V2TXN-004815","CUST-V2-0783","2025-12-27T01:30:03.0190000+05:30","1661","UPI","Mobile","US","US","0","556","18","2604","false","false","0.6379","0"
"V2TXN-004816","CUST-V2-0303","2025-12-27T02:37:06.0760000+05:30","1494","WALLET","Mobile","IN","IN","1","1177","25","1560","false","false","0.9577","0"
"V2TXN-004817","CUST-V2-0260","2025-12-27T03:39:14.5280000+05:30","3951","UPI","Desktop","AE","AE","0","1000","24","6361","false","false","0.6211","0"
"V2TXN-004818","CUST-V2-0207","2025-12-27T03:47:52.4750000+05:30","2334","CARD","Desktop","US","US","1","867","18","2143","false","false","1.0891","0"
"V2TXN-004819","CUST-V2-0562","2025-12-27T04:13:08.9090000+05:30","990","NETBANKING","Tablet","IN","IN","0","1556","22","564","false","false","1.7553","0"
"V2TXN-004820","CUST-V2-0608","2025-12-27T06:03:48.2070000+05:30","2100","CARD","Tablet","IN","IN","0","964","18","2021","false","false","1.0391","0"
"V2TXN-004821","CUST-V2-0358","2025-12-27T07:03:15.9360000+05:30","1233","CARD","Mobile","IN","IN","0","1612","40","763","false","false","1.6160","0"
"V2TXN-004822","CUST-V2-0754","2025-12-27T07:21:37.9140000+05:30","841","UPI","Mobile","IN","IN","1","1635","39","613","false","false","1.3719","0"
"V2TXN-004823","CUST-V2-0939","2025-12-27T07:27:05.1880000+05:30","623","CARD","Desktop","CA","CA","0","517","13","1010","false","false","0.6168","0"
"V2TXN-004824","CUST-V2-0954","2025-12-27T07:37:01.0330000+05:30","1483","WALLET","Desktop","IN","IN","0","592","7","1455","false","false","1.0192","0"
"V2TXN-004825","CUST-V2-0433","2025-12-27T08:11:01.0610000+05:30","10922","CARD","Mobile","IN","IN","0","370","8","8316","false","false","1.3134","1"
"V2TXN-004826","CUST-V2-0919","2025-12-27T09:27:16.2370000+05:30","1650","BANK_TRANSFER","Mobile","US","US","0","1382","19","2437","false","false","0.6771","0"
"V2TXN-004827","CUST-V2-0059","2025-12-27T09:34:22.2480000+05:30","2194","NETBANKING","Mobile","IN","IN","0","1165","28","2091","false","false","1.0493","0"
"V2TXN-004828","CUST-V2-0050","2025-12-27T11:23:48.4000000+05:30","630","NETBANKING","Mobile","SG","SG","4","671","10","820","false","false","0.7683","0"
"V2TXN-004829","CUST-V2-0466","2025-12-27T12:23:06.2080000+05:30","8270","CARD","Mobile","IN","IN","1","1710","39","4163","false","false","1.9865","0"
"V2TXN-004830","CUST-V2-0463","2025-12-27T13:24:04.0660000+05:30","3443","CARD","Mobile","IN","IN","1","814","13","4892","false","false","0.7038","0"
"V2TXN-004831","CUST-V2-0865","2025-12-27T13:49:18.3270000+05:30","2249","WALLET","Mobile","IN","IN","0","694","13","2050","false","false","1.0971","0"
"V2TXN-004832","CUST-V2-0365","2025-12-27T14:08:46.7480000+05:30","1111","NETBANKING","Mobile","IN","IN","0","695","24","1704","false","false","0.6520","0"
"V2TXN-004833","CUST-V2-0304","2025-12-27T14:36:30.0930000+05:30","2947","UPI","Desktop","CA","CA","0","1275","25","2866","false","false","1.0283","0"
"V2TXN-004834","CUST-V2-0365","2025-12-27T14:49:14.1840000+05:30","2544","UPI","Mobile","IN","IN","0","695","25","1681","false","false","1.5134","0"
"V2TXN-004835","CUST-V2-0468","2025-12-27T15:04:42.6550000+05:30","1139","UPI","Mobile","IN","IN","0","1618","38","2331","false","false","0.4886","0"
"V2TXN-004836","CUST-V2-0020","2025-12-27T15:13:18.5380000+05:30","986","CARD","Mobile","SA","SA","0","996","29","669","false","false","1.4738","0"
"V2TXN-004837","CUST-V2-0404","2025-12-27T15:25:27.8430000+05:30","5773","UPI","Desktop","GB","GB","0","989","28","4072","false","false","1.4177","0"
"V2TXN-004838","CUST-V2-0862","2025-12-27T20:26:09.7530000+05:30","1294","NETBANKING","Mobile","CA","CA","0","981","15","2054","false","false","0.6300","0"
"V2TXN-004839","CUST-V2-0947","2025-12-27T23:18:07.9910000+05:30","972","UPI","Mobile","IN","IN","0","366","8","875","false","false","1.1109","0"
"V2TXN-004840","CUST-V2-0096","2025-12-27T23:39:12.2140000+05:30","4782","UPI","Desktop","IN","IN","0","1064","27","5304","false","false","0.9016","0"
"V2TXN-004841","CUST-V2-0134","2025-12-27T23:44:20.5240000+05:30","1486","CARD","Mobile","IN","IN","0","1005","25","1144","false","false","1.2990","0"
"V2TXN-004842","CUST-V2-0941","2025-12-28T00:09:36.9540000+05:30","5325","NETBANKING","Mobile","CA","CA","0","158","5","3635","false","false","1.4649","0"
"V2TXN-004843","CUST-V2-0649","2025-12-28T00:15:40.0000000+05:30","27730","UPI","Mobile","IN","IN","0","321","7","16566","false","false","1.6739","0"
"V2TXN-004844","CUST-V2-0289","2025-12-28T00:21:05.9190000+05:30","3458","WALLET","Mobile","IN","IN","1","311","11","3275","false","false","1.0559","0"
"V2TXN-004845","CUST-V2-0996","2025-12-28T01:06:17.2860000+05:30","1986","CARD","Mobile","IN","IN","0","1192","31","1844","false","false","1.0770","0"
"V2TXN-004846","CUST-V2-0895","2025-12-28T01:49:38.1580000+05:30","2524","NETBANKING","Mobile","IN","IN","0","1161","30","2843","false","false","0.8878","0"
"V2TXN-004847","CUST-V2-0892","2025-12-28T02:45:20.3740000+05:30","2624","CARD","Desktop","GB","GB","0","964","31","2893","false","false","0.9070","0"
"V2TXN-004848","CUST-V2-0003","2025-12-28T02:52:08.4640000+05:30","1583","UPI","Mobile","IN","IN","0","1009","30","1287","false","false","1.2300","0"
"V2TXN-004849","CUST-V2-0549","2025-12-28T03:23:31.6720000+05:30","2213","NETBANKING","Desktop","CA","CA","0","809","18","3343","false","false","0.6620","0"
"V2TXN-004850","CUST-V2-0703","2025-12-28T03:36:45.4890000+05:30","1757","WALLET","Mobile","US","US","0","1107","16","2459","false","false","0.7145","1"
"V2TXN-004851","CUST-V2-0834","2025-12-28T05:02:28.2900000+05:30","791","UPI","Mobile","US","US","0","750","17","1553","false","false","0.5093","0"
"V2TXN-004852","CUST-V2-0370","2025-12-28T05:48:43.2930000+05:30","2469","UPI","Mobile","IN","IN","0","352","6","2390","false","false","1.0331","0"
"V2TXN-004853","CUST-V2-0857","2025-12-28T06:13:12.0990000+05:30","2723","CARD","Desktop","IN","IN","0","1185","38","2841","false","false","0.9585","0"
"V2TXN-004854","CUST-V2-0242","2025-12-28T06:19:39.6240000+05:30","4261","WALLET","Mobile","SG","SG","0","1420","37","3432","false","false","1.2416","0"
"V2TXN-004855","CUST-V2-0207","2025-12-28T06:38:12.5290000+05:30","2320","CARD","Desktop","US","US","0","868","19","2153","false","false","1.0776","0"
"V2TXN-004856","CUST-V2-0636","2025-12-28T07:26:34.4770000+05:30","2590","CARD","Desktop","SA","SA","0","1178","19","2147","false","false","1.2063","0"
"V2TXN-004857","CUST-V2-0622","2025-12-28T07:59:39.2230000+05:30","1707","CARD","Mobile","US","US","0","341","12","948","false","false","1.8006","0"
"V2TXN-004858","CUST-V2-0144","2025-12-28T10:57:32.0950000+05:30","499","NETBANKING","Tablet","US","US","0","317","8","375","false","false","1.3307","0"
"V2TXN-004859","CUST-V2-0374","2025-12-28T11:08:48.2750000+05:30","5770","NETBANKING","Mobile","US","US","0","1055","34","6337","false","false","0.9105","0"
"V2TXN-004860","CUST-V2-0070","2025-12-28T11:21:59.9760000+05:30","7909","CARD","Mobile","GB","GB","0","1065","23","3202","false","false","2.4700","0"
"V2TXN-004861","CUST-V2-0598","2025-12-28T11:52:58.2390000+05:30","2710","CARD","Mobile","IN","IN","0","705","13","1541","false","false","1.7586","0"
"V2TXN-004862","CUST-V2-0428","2025-12-28T11:53:11.2440000+05:30","1663","UPI","Mobile","IN","IN","0","813","29","1177","false","false","1.4129","0"
"V2TXN-004863","CUST-V2-0779","2025-12-28T12:13:01.3300000+05:30","938","CARD","Desktop","IN","IN","1","1063","18","799","false","false","1.1740","0"
"V2TXN-004864","CUST-V2-0881","2025-12-28T12:29:03.4770000+05:30","476","UPI","Desktop","AE","AE","0","1810","49","878","false","false","0.5421","0"
"V2TXN-004865","CUST-V2-0054","2025-12-28T12:59:44.5360000+05:30","3334","UPI","Mobile","IN","IN","0","365","5","3147","false","false","1.0594","0"
"V2TXN-004866","CUST-V2-0565","2025-12-28T13:10:14.9880000+05:30","1932","UPI","Mobile","IN","IN","0","229","6","896","false","false","2.1562","0"
"V2TXN-004867","CUST-V2-0025","2025-12-28T13:55:14.3590000+05:30","1276","UPI","Mobile","IN","IN","0","145","6","2997","false","false","0.4258","0"
"V2TXN-004868","CUST-V2-0520","2025-12-28T13:58:21.8070000+05:30","1605","UPI","Desktop","IN","IN","0","1224","24","1834","false","false","0.8751","0"
"V2TXN-004869","CUST-V2-0491","2025-12-28T14:58:54.4410000+05:30","634","CARD","Mobile","IN","IN","0","353","4","820","false","false","0.7732","0"
"V2TXN-004870","CUST-V2-0179","2025-12-28T15:42:02.6420000+05:30","1242","CARD","Desktop","CA","CA","4","636","12","1296","false","false","0.9583","1"
"V2TXN-004871","CUST-V2-0090","2025-12-28T16:22:56.5720000+05:30","4297","CARD","Mobile","IN","IN","0","73","4","3234","false","false","1.3287","0"
"V2TXN-004872","CUST-V2-0977","2025-12-28T16:31:52.4730000+05:30","1360","UPI","Mobile","IN","IN","0","1081","28","1806","false","false","0.7530","0"
"V2TXN-004873","CUST-V2-1000","2025-12-28T16:44:40.0920000+05:30","2432","CARD","Desktop","AE","IN","2","313","10","1473","false","true","1.6511","1"
"V2TXN-004874","CUST-V2-0609","2025-12-28T16:46:53.8150000+05:30","115","CARD","Mobile","IN","IN","3","968","31","2366","false","false","0.0486","0"
"V2TXN-004875","CUST-V2-0985","2025-12-28T18:14:22.8850000+05:30","8335","WALLET","Desktop","IN","SA","0","1676","38","4734","false","true","1.7607","0"
"V2TXN-004876","CUST-V2-0688","2025-12-28T18:55:08.6780000+05:30","894","CARD","Mobile","IN","IN","0","1080","30","1226","false","false","0.7292","0"
"V2TXN-004877","CUST-V2-0926","2025-12-28T18:55:50.3270000+05:30","1435","UPI","Mobile","IN","IN","0","1452","16","1153","false","false","1.2446","0"
"V2TXN-004878","CUST-V2-0876","2025-12-28T19:09:37.9600000+05:30","7342","NETBANKING","Mobile","CA","CA","0","140","5","7192","false","false","1.0209","0"
"V2TXN-004879","CUST-V2-0348","2025-12-28T19:44:21.6370000+05:30","491","UPI","Mobile","US","US","0","943","19","851","false","false","0.5770","0"
"V2TXN-004880","CUST-V2-0972","2025-12-28T21:26:38.9410000+05:30","7401","CARD","Desktop","IN","IN","0","340","5","6101","false","false","1.2131","0"
"V2TXN-004881","CUST-V2-0798","2025-12-28T21:35:50.5260000+05:30","2447","WALLET","Mobile","IN","IN","0","1537","44","1476","false","false","1.6579","0"
"V2TXN-004882","CUST-V2-0509","2025-12-28T23:54:44.6860000+05:30","568","BANK_TRANSFER","Mobile","IN","IN","0","852","20","885","false","false","0.6418","0"
"V2TXN-004883","CUST-V2-0487","2025-12-28T23:55:07.5990000+05:30","2507","NETBANKING","Mobile","IN","IN","0","1177","29","2484","false","false","1.0093","0"
"V2TXN-004884","CUST-V2-0098","2025-12-29T00:43:55.0550000+05:30","1851","CARD","Desktop","IN","IN","0","388","16","769","false","false","2.4070","0"
"V2TXN-004885","CUST-V2-0697","2025-12-29T02:04:18.6490000+05:30","1486","CARD","Desktop","US","US","1","424","8","1470","false","false","1.0109","0"
"V2TXN-004886","CUST-V2-0727","2025-12-29T02:52:27.1190000+05:30","1093","CARD","Mobile","SG","SG","1","1122","29","854","false","false","1.2799","1"
"V2TXN-004887","CUST-V2-0919","2025-12-29T03:25:05.4560000+05:30","3926","BANK_TRANSFER","Mobile","US","US","1","1384","20","2398","false","false","1.6372","0"
"V2TXN-004888","CUST-V2-0481","2025-12-29T04:00:47.5290000+05:30","1010","CARD","Mobile","IN","IN","0","1364","37","1467","false","false","0.6885","1"
"V2TXN-004889","CUST-V2-0048","2025-12-29T04:55:29.4580000+05:30","3041","UPI","Mobile","IN","IN","0","605","16","4890","false","false","0.6219","0"
"V2TXN-004890","CUST-V2-0996","2025-12-29T05:45:01.1090000+05:30","1529","CARD","Mobile","IN","IN","0","1193","32","1848","false","false","0.8274","0"
"V2TXN-004891","CUST-V2-0167","2025-12-29T05:57:45.9100000+05:30","468","UPI","Mobile","IN","IN","0","699","15","852","false","false","0.5493","0"
"V2TXN-004892","CUST-V2-0341","2025-12-29T06:45:08.8350000+05:30","1219","NETBANKING","Mobile","US","US","0","1384","22","1494","false","false","0.8159","0"
"V2TXN-004893","CUST-V2-0040","2025-12-29T07:13:00.8340000+05:30","3392","NETBANKING","Mobile","IN","IN","1","746","15","3471","false","false","0.9772","1"
"V2TXN-004894","CUST-V2-0597","2025-12-29T07:41:30.1760000+05:30","1632","UPI","Desktop","IN","IN","0","826","14","1954","false","false","0.8352","0"
"V2TXN-004895","CUST-V2-0622","2025-12-29T07:59:41.3570000+05:30","816","CARD","Mobile","US","US","1","342","13","1007","false","false","0.8103","0"
"V2TXN-004896","CUST-V2-0323","2025-12-29T08:51:28.3390000+05:30","2154","CARD","Mobile","IN","IN","0","1483","32","2566","false","false","0.8394","0"
"V2TXN-004897","CUST-V2-0712","2025-12-29T09:16:53.5230000+05:30","984","UPI","Mobile","CA","CA","0","1188","25","1487","false","false","0.6617","0"
"V2TXN-004898","CUST-V2-0050","2025-12-29T09:33:16.7810000+05:30","917","NETBANKING","Mobile","SG","SG","0","673","11","803","false","false","1.1420","0"
"V2TXN-004899","CUST-V2-0294","2025-12-29T09:53:21.0780000+05:30","3000","WALLET","Desktop","IN","IN","0","729","19","2344","false","false","1.2799","0"
"V2TXN-004900","CUST-V2-0571","2025-12-29T09:57:23.2680000+05:30","2138","CARD","Tablet","IN","IN","0","1478","22","2624","false","false","0.8148","0"
"V2TXN-004901","CUST-V2-0581","2025-12-29T09:57:37.4110000+05:30","5886","NETBANKING","Mobile","IN","IN","0","271","9","4985","false","false","1.1807","0"
"V2TXN-004902","CUST-V2-0708","2025-12-29T10:16:35.6870000+05:30","1856","NETBANKING","Desktop","AU","AU","0","1403","33","2069","false","false","0.8971","0"
"V2TXN-004903","CUST-V2-0398","2025-12-29T11:36:52.1750000+05:30","646","CARD","Mobile","DE","DE","0","407","6","645","false","false","1.0016","0"
"V2TXN-004904","CUST-V2-0048","2025-12-29T12:20:28.0390000+05:30","4049","UPI","Mobile","IN","IN","0","605","17","4781","false","false","0.8469","0"
"V2TXN-004905","CUST-V2-0075","2025-12-29T12:35:38.7790000+05:30","861","CARD","Tablet","US","US","6","1291","24","3248","false","false","0.2651","0"
"V2TXN-004906","CUST-V2-0062","2025-12-29T12:45:15.2850000+05:30","9803","CARD","Mobile","IN","IN","0","790","11","8845","false","false","1.1083","0"
"V2TXN-004907","CUST-V2-0748","2025-12-29T14:16:42.4330000+05:30","1456","NETBANKING","Mobile","SG","SG","1","1124","30","1007","false","false","1.4459","0"
"V2TXN-004908","CUST-V2-0164","2025-12-29T16:34:04.1680000+05:30","1968","CARD","Mobile","IN","IN","0","762","11","2177","false","false","0.9040","0"
"V2TXN-004909","CUST-V2-0384","2025-12-29T16:54:35.7980000+05:30","787","NETBANKING","Mobile","IN","IN","0","417","16","783","false","false","1.0051","0"
"V2TXN-004910","CUST-V2-0808","2025-12-29T16:54:39.1660000+05:30","1847","CARD","Mobile","IN","IN","0","202","8","2654","false","false","0.6959","0"
"V2TXN-004911","CUST-V2-0563","2025-12-29T17:25:54.8880000+05:30","781","UPI","Mobile","US","US","0","688","14","906","false","false","0.8620","0"
"V2TXN-004912","CUST-V2-0520","2025-12-29T17:40:07.0680000+05:30","1502","UPI","Mobile","IN","IN","0","1225","25","1825","false","false","0.8230","0"
"V2TXN-004913","CUST-V2-0125","2025-12-29T18:02:31.6170000+05:30","3131","NETBANKING","Mobile","US","US","1","638","18","1637","false","false","1.9126","0"
"V2TXN-004914","CUST-V2-0404","2025-12-29T18:32:05.6170000+05:30","3687","UPI","Desktop","GB","GB","0","991","29","4131","false","false","0.8925","0"
"V2TXN-004915","CUST-V2-0370","2025-12-29T18:51:38.8080000+05:30","1965","CARD","Desktop","IN","IN","4","353","7","2401","false","false","0.8184","0"
"V2TXN-004916","CUST-V2-0081","2025-12-29T18:59:34.1530000+05:30","2705","CARD","Mobile","US","US","0","1545","29","2501","false","false","1.0816","0"
"V2TXN-004917","CUST-V2-0020","2025-12-29T19:11:16.2780000+05:30","702","CARD","Mobile","SA","SA","0","998","30","680","false","false","1.0324","0"
"V2TXN-004918","CUST-V2-0586","2025-12-29T19:15:02.6920000+05:30","1644","NETBANKING","Mobile","IN","IN","1","452","13","1061","false","false","1.5495","0"
"V2TXN-004919","CUST-V2-0395","2025-12-29T19:33:25.5470000+05:30","320","CARD","Desktop","AE","IN","2","1255","18","264","false","true","1.2121","1"
"V2TXN-004920","CUST-V2-0627","2025-12-29T20:39:39.6760000+05:30","1591","CARD","Desktop","SG","GB","3","293","5","485","false","true","3.2804","1"
"V2TXN-004921","CUST-V2-0919","2025-12-29T21:01:04.0440000+05:30","906","BANK_TRANSFER","Mobile","US","US","0","1385","21","2471","false","false","0.3667","0"
"V2TXN-004922","CUST-V2-0173","2025-12-29T22:15:37.7560000+05:30","1146","CARD","Desktop","IN","IN","2","1481","44","5304","false","false","0.2161","1"
"V2TXN-004923","CUST-V2-0587","2025-12-29T22:21:30.5440000+05:30","887","UPI","Desktop","DE","DE","0","548","13","821","false","false","1.0804","0"
"V2TXN-004924","CUST-V2-0480","2025-12-29T23:29:20.8480000+05:30","788","NETBANKING","Mobile","IN","IN","0","682","18","1700","false","false","0.4635","0"
"V2TXN-004925","CUST-V2-0050","2025-12-29T23:39:07.4250000+05:30","1211","NETBANKING","Mobile","SG","SG","0","674","12","812","false","false","1.4914","0"
"V2TXN-004926","CUST-V2-0892","2025-12-30T01:20:08.6230000+05:30","1729","UPI","Desktop","GB","GB","0","966","32","2885","false","false","0.5993","0"
"V2TXN-004927","CUST-V2-0499","2025-12-30T01:20:37.7790000+05:30","396","UPI","Mobile","IN","IN","0","1819","38","508","false","false","0.7795","0"
"V2TXN-004928","CUST-V2-0940","2025-12-30T01:31:26.6190000+05:30","505","CARD","Mobile","IN","IN","0","1431","42","854","false","false","0.5913","0"
"V2TXN-004929","CUST-V2-0710","2025-12-30T02:38:37.8730000+05:30","2048","CARD","Tablet","IN","IN","0","725","15","1290","false","false","1.5876","0"
"V2TXN-004930","CUST-V2-0877","2025-12-30T02:50:07.3010000+05:30","1209","CARD","Mobile","SG","SG","0","598","22","1183","false","false","1.0220","0"
"V2TXN-004931","CUST-V2-0649","2025-12-30T03:26:18.3540000+05:30","21466","UPI","Mobile","IN","IN","0","323","8","17961","false","false","1.1951","0"
"V2TXN-004932","CUST-V2-0703","2025-12-30T03:47:46.8260000+05:30","1923","WALLET","Mobile","US","US","0","1109","17","2418","false","false","0.7953","0"
"V2TXN-004933","CUST-V2-0564","2025-12-30T04:08:39.8840000+05:30","2034","UPI","Mobile","IN","IN","0","769","17","2054","false","false","0.9903","0"
"V2TXN-004934","CUST-V2-0213","2025-12-30T05:27:44.1320000+05:30","3269","UPI","Tablet","DE","DE","0","373","8","3528","false","false","0.9266","0"
"V2TXN-004935","CUST-V2-0467","2025-12-30T06:03:47.3270000+05:30","1011","CARD","Mobile","IN","IN","1","1104","20","1075","false","false","0.9405","0"
"V2TXN-004936","CUST-V2-0740","2025-12-30T08:06:20.5020000+05:30","1258","CARD","Mobile","AE","AE","1","343","6","1300","false","false","0.9677","0"
"V2TXN-004937","CUST-V2-0145","2025-12-30T10:34:52.9710000+05:30","1080","BANK_TRANSFER","Desktop","IN","IN","0","546","12","1276","false","false","0.8464","0"
"V2TXN-004938","CUST-V2-0499","2025-12-30T11:12:08.4910000+05:30","188","UPI","Mobile","IN","IN","0","1819","39","505","false","false","0.3723","0"
"V2TXN-004939","CUST-V2-0502","2025-12-30T11:15:19.4500000+05:30","6050","UPI","Mobile","IN","IN","0","330","4","7701","false","false","0.7856","0"
"V2TXN-004940","CUST-V2-0050","2025-12-30T11:40:21.0350000+05:30","745","NETBANKING","Mobile","SG","SG","0","674","13","843","false","false","0.8837","0"
"V2TXN-004941","CUST-V2-0455","2025-12-30T12:00:46.2000000+05:30","14642","CARD","Desktop","IN","IN","1","362","2","11321","false","false","1.2933","0"
"V2TXN-004942","CUST-V2-0020","2025-12-30T12:21:18.0260000+05:30","558","UPI","Mobile","SA","SA","0","999","31","680","false","false","0.8206","0"
"V2TXN-004943","CUST-V2-0416","2025-12-30T13:59:30.6460000+05:30","11544","CARD","Mobile","US","US","0","742","14","10187","false","false","1.1332","0"
"V2TXN-004944","CUST-V2-0335","2025-12-30T14:12:07.3140000+05:30","1970","UPI","Mobile","CA","CA","0","352","4","1755","false","false","1.1225","0"
"V2TXN-004945","CUST-V2-0384","2025-12-30T15:21:17.6870000+05:30","652","NETBANKING","Mobile","IN","IN","0","418","17","783","false","false","0.8327","0"
"V2TXN-004946","CUST-V2-0574","2025-12-30T15:49:34.8290000+05:30","4545","UPI","Mobile","IN","IN","0","341","12","5057","false","false","0.8988","0"
"V2TXN-004947","CUST-V2-0520","2025-12-30T17:34:00.3530000+05:30","941","UPI","Mobile","IN","IN","1","1226","26","1812","false","false","0.5193","0"
"V2TXN-004948","CUST-V2-0315","2025-12-30T19:09:36.4770000+05:30","1023","UPI","Desktop","SA","SA","0","265","7","1844","false","false","0.5548","0"
"V2TXN-004949","CUST-V2-0326","2025-12-30T19:15:02.5260000+05:30","1580","NETBANKING","Mobile","IN","IN","0","140","3","2270","false","false","0.6960","0"
"V2TXN-004950","CUST-V2-0659","2025-12-30T19:29:14.0860000+05:30","625","CARD","Desktop","IN","IN","1","985","13","623","false","false","1.0032","0"
"V2TXN-004951","CUST-V2-0148","2025-12-30T19:46:59.7430000+05:30","1710","UPI","Mobile","IN","IN","0","681","23","811","false","false","2.1085","0"
"V2TXN-004952","CUST-V2-0662","2025-12-30T19:59:19.4770000+05:30","3046","UPI","Mobile","GB","GB","0","1262","29","2389","false","false","1.2750","0"
"V2TXN-004953","CUST-V2-0339","2025-12-30T22:01:30.2240000+05:30","5498","UPI","Mobile","SG","SG","0","894","21","5543","false","false","0.9919","0"
"V2TXN-004954","CUST-V2-0698","2025-12-30T22:34:04.0910000+05:30","1055","UPI","Mobile","IN","IN","0","605","16","896","false","false","1.1775","0"
"V2TXN-004955","CUST-V2-0322","2025-12-30T22:38:59.5000000+05:30","4720","CARD","Desktop","AU","IN","3","187","7","2667","false","true","1.7698","1"
"V2TXN-004956","CUST-V2-0722","2025-12-31T01:06:59.4410000+05:30","4552","WALLET","Mobile","US","US","0","333","9","3419","false","false","1.3314","0"
"V2TXN-004957","CUST-V2-0700","2025-12-31T02:19:59.5240000+05:30","242","CARD","Mobile","CA","CA","0","1318","16","345","false","false","0.7014","1"
"V2TXN-004958","CUST-V2-0492","2025-12-31T03:36:49.9490000+05:30","2223","UPI","Mobile","IN","IN","0","846","23","2145","false","false","1.0364","0"
"V2TXN-004959","CUST-V2-0693","2025-12-31T03:54:51.5870000+05:30","1848","CARD","Desktop","IN","IN","0","957","21","1562","false","false","1.1831","0"
"V2TXN-004960","CUST-V2-0199","2025-12-31T04:18:36.9060000+05:30","4335","UPI","Mobile","IN","IN","0","879","14","6385","false","false","0.6789","0"
"V2TXN-004961","CUST-V2-0048","2025-12-31T04:44:23.5500000+05:30","3874","UPI","Mobile","IN","IN","0","607","18","4740","false","false","0.8173","0"
"V2TXN-004962","CUST-V2-0803","2025-12-31T05:07:58.3650000+05:30","5645","CARD","Mobile","IN","IN","0","1290","22","3840","false","false","1.4701","0"
"V2TXN-004963","CUST-V2-0622","2025-12-31T05:13:10.4840000+05:30","846","NETBANKING","Mobile","US","US","0","344","14","993","false","false","0.8520","0"
"V2TXN-004964","CUST-V2-0967","2025-12-31T06:39:13.1820000+05:30","7371","CARD","Mobile","GB","GB","0","1023","26","4639","false","false","1.5889","0"
"V2TXN-004965","CUST-V2-0063","2025-12-31T07:21:32.6850000+05:30","3621","CARD","Mobile","IN","IN","0","492","15","2458","false","false","1.4731","0"
"V2TXN-004966","CUST-V2-0050","2025-12-31T09:13:07.1820000+05:30","590","NETBANKING","Mobile","SG","SG","0","675","14","836","false","false","0.7057","0"
"V2TXN-004967","CUST-V2-0067","2025-12-31T10:01:14.8560000+05:30","1674","UPI","Mobile","DE","DE","0","350","8","1575","false","false","1.0629","0"
"V2TXN-004968","CUST-V2-0857","2025-12-31T10:48:00.6320000+05:30","1923","CARD","Desktop","IN","IN","0","1188","39","2838","false","false","0.6776","0"
"V2TXN-004969","CUST-V2-0763","2025-12-31T12:14:49.5840000+05:30","985","WALLET","Desktop","AE","AE","0","1488","33","939","false","false","1.0490","0"
"V2TXN-004970","CUST-V2-0860","2025-12-31T12:35:07.6350000+05:30","4116","WALLET","Mobile","IN","IN","1","464","13","3774","false","false","1.0906","0"
"V2TXN-004971","CUST-V2-0201","2025-12-31T12:47:42.1470000+05:30","280","NETBANKING","Desktop","IN","IN","0","1102","32","357","false","false","0.7843","0"
"V2TXN-004972","CUST-V2-0207","2025-12-31T13:10:24.0950000+05:30","1300","CARD","Mobile","US","US","0","871","20","2161","false","false","0.6016","0"
"V2TXN-004973","CUST-V2-0757","2025-12-31T13:12:39.2180000+05:30","1482","BANK_TRANSFER","Mobile","IN","IN","0","358","13","1141","false","false","1.2989","0"
"V2TXN-004974","CUST-V2-0865","2025-12-31T13:58:20.6140000+05:30","1927","BANK_TRANSFER","Mobile","IN","IN","0","698","14","2064","false","false","0.9336","0"
"V2TXN-004975","CUST-V2-0540","2025-12-31T13:58:25.0950000+05:30","852","NETBANKING","Desktop","IN","IN","1","1143","21","713","false","false","1.1950","0"
"V2TXN-004976","CUST-V2-0897","2025-12-31T15:29:28.9650000+05:30","1577","UPI","Mobile","IN","IN","0","377","3","1592","false","false","0.9906","0"
"V2TXN-004977","CUST-V2-0207","2025-12-31T16:31:50.3040000+05:30","819","CARD","Desktop","US","US","3","872","21","2120","false","false","0.3863","1"
"V2TXN-004978","CUST-V2-0130","2025-12-31T16:43:13.3280000+05:30","2475","UPI","Tablet","SG","SG","0","764","13","1555","false","false","1.5916","0"
"V2TXN-004979","CUST-V2-0692","2025-12-31T16:52:53.6240000+05:30","1409","UPI","Mobile","IN","IN","0","268","13","1453","false","false","0.9697","0"
"V2TXN-004980","CUST-V2-0332","2025-12-31T17:07:14.1480000+05:30","7969","CARD","Desktop","IN","IN","1","1358","22","3320","false","false","2.4003","1"
"V2TXN-004981","CUST-V2-0480","2025-12-31T17:13:28.8810000+05:30","2413","NETBANKING","Mobile","IN","IN","0","684","19","1652","false","false","1.4607","1"
"V2TXN-004982","CUST-V2-0967","2025-12-31T18:27:42.0210000+05:30","3346","CARD","Mobile","GB","GB","0","1023","27","4740","false","false","0.7059","0"
"V2TXN-004983","CUST-V2-0334","2025-12-31T18:45:15.6330000+05:30","1555","CARD","Tablet","IN","IN","1","762","20","1261","false","false","1.2331","0"
"V2TXN-004984","CUST-V2-0169","2025-12-31T19:07:48.8660000+05:30","327","CARD","Mobile","IN","IN","0","1120","26","294","false","false","1.1122","0"
"V2TXN-004985","CUST-V2-0050","2025-12-31T20:36:48.4670000+05:30","961","NETBANKING","Mobile","SG","SG","0","676","15","819","false","false","1.1734","0"
"V2TXN-004986","CUST-V2-0035","2025-12-31T21:30:59.5240000+05:30","2410","UPI","Mobile","IN","IN","0","1474","27","1926","false","false","1.2513","0"
"V2TXN-004987","CUST-V2-0820","2025-12-31T22:32:23.9550000+05:30","157","WALLET","Mobile","AU","AU","0","358","3","235","false","false","0.6681","0"
"V2TXN-004988","CUST-V2-0152","2025-12-31T22:51:00.1540000+05:30","1797","CARD","Mobile","AU","AU","0","1565","22","1869","false","false","0.9615","0"
"V2TXN-004989","CUST-V2-0865","2025-12-31T23:39:03.6240000+05:30","830","UPI","Mobile","IN","IN","0","698","15","2055","false","false","0.4039","0"
"V2TXN-004990","CUST-V2-0371","2026-01-01T00:21:06.6710000+05:30","949","NETBANKING","Desktop","DE","DE","0","1307","35","1323","false","false","0.7173","0"
"V2TXN-004991","CUST-V2-0760","2026-01-01T00:40:27.8590000+05:30","500","WALLET","Mobile","SG","SG","0","350","8","827","false","false","0.6046","0"
"V2TXN-004992","CUST-V2-0289","2026-01-01T01:52:24.8340000+05:30","7484","WALLET","Mobile","IN","IN","0","315","12","3290","false","false","2.2748","0"
"V2TXN-004993","CUST-V2-0685","2026-01-01T02:05:54.2010000+05:30","2599","CARD","Desktop","IN","IN","0","577","10","2587","false","false","1.0046","0"
"V2TXN-004994","CUST-V2-0676","2026-01-01T03:05:25.2340000+05:30","1043","UPI","Mobile","IN","IN","0","580","13","2362","false","false","0.4416","0"
"V2TXN-004995","CUST-V2-0092","2026-01-01T03:33:24.5220000+05:30","5596","CARD","Desktop","IN","IN","1","423","10","4062","false","false","1.3776","1"
"V2TXN-004996","CUST-V2-0918","2026-01-01T03:47:25.2380000+05:30","6030","CARD","Mobile","IN","IN","0","844","16","5354","false","false","1.1263","0"
"V2TXN-004997","CUST-V2-0919","2026-01-01T03:59:24.1800000+05:30","1506","WALLET","Desktop","US","US","0","1387","22","2400","false","false","0.6275","0"
"V2TXN-004998","CUST-V2-0663","2026-01-01T04:47:07.8780000+05:30","1184","NETBANKING","Mobile","IN","IN","1","1376","36","1830","false","false","0.6470","0"
"V2TXN-004999","CUST-V2-0919","2026-01-01T05:15:41.4530000+05:30","343","CARD","Mobile","US","US","2","1387","23","2361","false","false","0.1453","1"
"V2TXN-005000","CUST-V2-0404","2026-01-01T05:18:18.2420000+05:30","2415","CARD","Desktop","GB","GB","0","993","30","4116","false","false","0.5867","0"
