"transaction_id","customer_id","amount","payment_method","device_type","ip_country","billing_country","failed_attempts","account_age_days","previous_order_count","avg_order_value","is_new_customer","is_fraud"
"MLTXN-000001","CUST-ML-0224","2012","UPI","Desktop","IN","IN","1","227","3","1879","false","0"
"MLTXN-000002","CUST-ML-0068","6576","NETBANKING","Mobile","US","US","0","263","5","7904","false","0"
"MLTXN-000003","CUST-ML-0411","585","CARD","Desktop","AU","AU","0","249","7","560","false","0"
"MLTXN-000004","CUST-ML-0394","8228","UPI","Mobile","IN","IN","0","455","14","3624","false","0"
"MLTXN-000005","CUST-ML-0285","1111","UPI","Tablet","IN","IN","2","553","10","925","false","0"
"MLTXN-000006","CUST-ML-0205","5588","UPI","Desktop","IN","IN","0","573","8","2253","false","0"
"MLTXN-000007","CUST-ML-0460","1015","CARD","Mobile","IN","IN","5","780","14","864","false","0"
"MLTXN-000008","CUST-ML-0297","786","UPI","Mobile","US","US","2","12","1","1355","true","0"
"MLTXN-000009","CUST-ML-0533","4681","WALLET","Desktop","AE","AE","1","16","0","6660","false","0"
"MLTXN-000010","CUST-ML-0318","3845","CARD","Desktop","IN","IN","2","750","22","3788","false","1"
"MLTXN-000011","CUST-ML-0134","554","CARD","Mobile","IN","IN","0","181","5","1216","false","1"
"MLTXN-000012","CUST-ML-0153","746","WALLET","Mobile","IN","IN","0","630","10","1208","false","1"
"MLTXN-000013","CUST-ML-0415","1814","UPI","Mobile","GB","GB","0","463","16","873","false","0"
"MLTXN-000014","CUST-ML-0143","8606","WALLET","Mobile","SG","SG","2","67","2","6732","false","0"
"MLTXN-000015","CUST-ML-0473","852","NETBANKING","Mobile","IN","IN","0","21","1","1099","false","0"
"MLTXN-000016","CUST-ML-0128","2306","NETBANKING","Mobile","IN","IN","0","39","1","1202","false","0"
"MLTXN-000017","CUST-ML-0449","4702","UPI","Desktop","IN","IN","0","515","6","2677","false","1"
"MLTXN-000018","CUST-ML-0501","1194","CARD","Mobile","US","US","0","714","26","782","false","0"
"MLTXN-000019","CUST-ML-0276","7878","CARD","Tablet","AE","AE","0","495","13","3285","false","0"
"MLTXN-000020","CUST-ML-0457","823","CARD","Tablet","SG","IN","2","229","5","1020","false","1"
"MLTXN-000021","CUST-ML-0044","4886","WALLET","Mobile","IN","IN","0","427","10","3342","false","0"
"MLTXN-000022","CUST-ML-0451","1215","WALLET","Mobile","CA","CA","1","923","24","814","false","0"
"MLTXN-000023","CUST-ML-0515","2175","NETBANKING","Mobile","IN","IN","0","529","5","1855","false","0"
"MLTXN-000024","CUST-ML-0361","1286","UPI","Mobile","IN","IN","0","1322","16","450","false","0"
"MLTXN-000025","CUST-ML-0051","5292","WALLET","Mobile","IN","IN","0","133","4","3390","false","1"
"MLTXN-000026","CUST-ML-0564","3046","UPI","Mobile","AU","AU","0","64","2","2180","false","0"
"MLTXN-000027","CUST-ML-0188","3400","CARD","Mobile","IN","IN","1","21","1","959","false","0"
"MLTXN-000028","CUST-ML-0326","2083","CARD","Mobile","GB","IN","0","6","0","1318","true","0"
"MLTXN-000029","CUST-ML-0140","916","CARD","Desktop","SG","SG","0","601","15","1049","false","1"
"MLTXN-000030","CUST-ML-0478","1706","UPI","Mobile","IN","IN","2","630","16","1265","false","0"
"MLTXN-000031","CUST-ML-0377","1163","CARD","Mobile","IN","IN","0","660","24","947","false","0"
"MLTXN-000032","CUST-ML-0321","1258","UPI","Mobile","US","US","0","277","9","1282","false","0"
"MLTXN-000033","CUST-ML-0448","450","WALLET","Desktop","AU","AU","0","595","6","270","false","0"
"MLTXN-000034","CUST-ML-0522","1463","CARD","Mobile","US","US","2","943","12","1601","false","1"
"MLTXN-000035","CUST-ML-0026","4539","CARD","Mobile","US","US","1","772","13","1822","false","0"
"MLTXN-000036","CUST-ML-0488","1288","UPI","Desktop","AE","AE","2","21","1","3497","false","0"
"MLTXN-000037","CUST-ML-0573","1683","CARD","Desktop","IN","IN","2","189","2","1303","false","0"
"MLTXN-000038","CUST-ML-0136","2279","CARD","Desktop","IN","IN","1","847","8","1582","false","0"
"MLTXN-000039","CUST-ML-0056","606","UPI","Mobile","IN","IN","1","349","12","401","false","0"
"MLTXN-000040","CUST-ML-0341","1464","UPI","Mobile","IN","IN","0","656","7","1376","false","1"
"MLTXN-000041","CUST-ML-0514","3603","WALLET","Mobile","IN","IN","1","389","12","2036","false","0"
"MLTXN-000042","CUST-ML-0252","1116","CARD","Mobile","IN","IN","0","1066","40","953","false","0"
"MLTXN-000043","CUST-ML-0375","19009","UPI","Desktop","IN","IN","0","183","2","10091","false","1"
"MLTXN-000044","CUST-ML-0380","107610","UPI","Desktop","IN","IN","2","13","0","11035","true","0"
"MLTXN-000045","CUST-ML-0222","4586","UPI","Desktop","IN","IN","0","109","2","1973","false","0"
"MLTXN-000046","CUST-ML-0513","4163","UPI","Desktop","IN","IN","1","578","18","3715","false","0"
"MLTXN-000047","CUST-ML-0344","1078","CARD","Mobile","SA","SA","0","209","5","996","false","0"
"MLTXN-000048","CUST-ML-0376","2738","CARD","Mobile","IN","IN","0","683","13","2034","false","0"
"MLTXN-000049","CUST-ML-0401","6054","UPI","Mobile","IN","IN","0","657","18","698","false","0"
"MLTXN-000050","CUST-ML-0117","1118","WALLET","Mobile","IN","IN","0","235","8","1220","false","0"
"MLTXN-000051","CUST-ML-0391","1133","CARD","Desktop","IN","IN","0","446","7","850","false","0"
"MLTXN-000052","CUST-ML-0078","4175","WALLET","Desktop","IN","IN","0","559","13","1049","false","0"
"MLTXN-000053","CUST-ML-0379","2040","UPI","Desktop","IN","IN","0","158","6","1073","false","0"
"MLTXN-000054","CUST-ML-0066","321","UPI","Mobile","IN","IN","0","216","8","734","false","0"
"MLTXN-000055","CUST-ML-0192","1771","UPI","Desktop","IN","IN","2","699","22","413","false","0"
"MLTXN-000056","CUST-ML-0308","1984","UPI","Mobile","US","US","6","415","11","1938","false","0"
"MLTXN-000057","CUST-ML-0220","2311","UPI","Desktop","SG","SG","5","475","7","740","false","1"
"MLTXN-000058","CUST-ML-0406","1274","UPI","Mobile","IN","IN","0","17","0","908","false","1"
"MLTXN-000059","CUST-ML-0529","1511","UPI","Mobile","DE","DE","0","542","7","880","false","0"
"MLTXN-000060","CUST-ML-0028","1399","NETBANKING","Desktop","IN","IN","0","858","24","2296","false","0"
"MLTXN-000061","CUST-ML-0528","118","UPI","Desktop","IN","IN","0","594","18","346","false","0"
"MLTXN-000062","CUST-ML-0025","714","NETBANKING","Mobile","IN","IN","0","29","1","1335","false","0"
"MLTXN-000063","CUST-ML-0176","3368","UPI","Desktop","GB","GB","0","21","1","1963","false","0"
"MLTXN-000064","CUST-ML-0388","1719","NETBANKING","Mobile","IN","IN","2","15","1","1695","false","1"
"MLTXN-000065","CUST-ML-0057","412","CARD","Mobile","AU","AU","1","203","5","617","false","0"
"MLTXN-000066","CUST-ML-0394","5504","UPI","Mobile","DE","IN","2","455","15","3934","false","0"
"MLTXN-000067","CUST-ML-0269","1112","UPI","Mobile","GB","GB","0","1053","36","1192","false","0"
"MLTXN-000068","CUST-ML-0498","2802","UPI","Mobile","IN","IN","2","303","9","3299","false","0"
"MLTXN-000069","CUST-ML-0157","792","UPI","Desktop","DE","DE","0","802","18","567","false","0"
"MLTXN-000070","CUST-ML-0182","4176","WALLET","Mobile","IN","IN","5","639","19","2894","false","0"
"MLTXN-000071","CUST-ML-0499","2493","UPI","Desktop","IN","IN","0","189","7","3505","false","0"
"MLTXN-000072","CUST-ML-0465","384","CARD","Mobile","DE","DE","0","664","21","753","false","0"
"MLTXN-000073","CUST-ML-0208","7794","UPI","Desktop","IN","IN","0","405","7","5478","false","0"
"MLTXN-000074","CUST-ML-0142","2232","WALLET","Mobile","AU","AU","1","1084","15","924","false","0"
"MLTXN-000075","CUST-ML-0455","453","CARD","Desktop","IN","IN","0","1125","20","680","false","1"
"MLTXN-000076","CUST-ML-0205","5632","NETBANKING","Desktop","IN","IN","0","573","9","2338","false","0"
"MLTXN-000077","CUST-ML-0318","10127","CARD","Desktop","IN","IN","0","750","23","3149","false","0"
"MLTXN-000078","CUST-ML-0499","3183","CARD","Mobile","IN","IN","0","189","8","4080","false","1"
"MLTXN-000079","CUST-ML-0180","966","UPI","Mobile","SG","SG","0","375","7","2529","false","0"
"MLTXN-000080","CUST-ML-0007","2068","CARD","Tablet","AE","AE","0","793","17","1788","false","0"
"MLTXN-000081","CUST-ML-0189","646","UPI","Mobile","CA","IN","0","14","1","778","true","0"
"MLTXN-000082","CUST-ML-0581","1363","UPI","Mobile","AU","AU","0","620","22","947","false","0"
"MLTXN-000083","CUST-ML-0063","5403","NETBANKING","Mobile","IN","IN","6","15","2","2947","false","1"
"MLTXN-000084","CUST-ML-0485","1864","CARD","Desktop","AE","IN","0","134","3","1442","false","1"
"MLTXN-000085","CUST-ML-0227","7360","UPI","Tablet","IN","IN","0","646","15","4077","false","0"
"MLTXN-000086","CUST-ML-0412","1311","UPI","Desktop","IN","IN","1","590","12","868","false","0"
"MLTXN-000087","CUST-ML-0562","1862","UPI","Mobile","AE","AE","0","561","6","4355","false","0"
"MLTXN-000088","CUST-ML-0562","11970","CARD","Mobile","AE","AE","0","561","7","5106","false","0"
"MLTXN-000089","CUST-ML-0237","13169","CARD","Desktop","SG","SG","0","504","17","3197","false","0"
"MLTXN-000090","CUST-ML-0018","5206","CARD","Desktop","AU","AU","0","344","8","11611","false","0"
"MLTXN-000091","CUST-ML-0592","3694","NETBANKING","Desktop","CA","CA","0","860","30","3523","false","0"
"MLTXN-000092","CUST-ML-0455","694","UPI","Desktop","IN","IN","0","1125","21","738","false","0"
"MLTXN-000093","CUST-ML-0214","2295","WALLET","Mobile","US","US","0","16","0","1623","false","0"
"MLTXN-000094","CUST-ML-0440","672","UPI","Mobile","SG","SG","0","204","3","1328","false","0"
"MLTXN-000095","CUST-ML-0098","3312","CARD","Mobile","IN","IN","1","257","5","5804","false","0"
"MLTXN-000096","CUST-ML-0272","2935","WALLET","Mobile","US","US","0","11","2","3310","false","1"
"MLTXN-000097","CUST-ML-0144","566","WALLET","Mobile","GB","GB","0","973","35","765","false","0"
"MLTXN-000098","CUST-ML-0305","1114","WALLET","Mobile","US","US","6","21","1","779","false","0"
"MLTXN-000099","CUST-ML-0452","819","UPI","Mobile","IN","IN","0","498","10","905","false","0"
"MLTXN-000100","CUST-ML-0184","3637","UPI","Mobile","IN","IN","0","18","1","4670","false","0"
"MLTXN-000101","CUST-ML-0424","5378","CARD","Mobile","IN","IN","0","957","34","3859","false","0"
"MLTXN-000102","CUST-ML-0356","6861","NETBANKING","Mobile","US","US","1","551","19","3063","false","0"
"MLTXN-000103","CUST-ML-0296","1160","UPI","Mobile","IN","IN","0","373","9","3678","false","0"
"MLTXN-000104","CUST-ML-0295","16811","CARD","Mobile","IN","IN","1","880","13","1040","false","0"
"MLTXN-000105","CUST-ML-0293","3499","NETBANKING","Mobile","AU","AU","0","1","0","1757","true","0"
"MLTXN-000106","CUST-ML-0452","511","NETBANKING","Mobile","IN","IN","0","498","11","937","false","0"
"MLTXN-000107","CUST-ML-0421","2557","NETBANKING","Mobile","IN","IN","0","955","26","1259","false","0"
"MLTXN-000108","CUST-ML-0386","1190","CARD","Tablet","US","US","0","56","1","1898","false","1"
"MLTXN-000109","CUST-ML-0108","3782","WALLET","Mobile","IN","IN","0","500","5","1690","false","0"
"MLTXN-000110","CUST-ML-0190","5453","UPI","Desktop","IN","IN","0","173","6","1577","false","0"
"MLTXN-000111","CUST-ML-0010","861","BANK_TRANSFER","Mobile","US","US","0","20","2","651","false","0"
"MLTXN-000112","CUST-ML-0071","3647","WALLET","Desktop","IN","IN","0","21","1","2519","false","0"
"MLTXN-000113","CUST-ML-0419","2364","CARD","Desktop","IN","IN","0","457","14","1423","false","0"
"MLTXN-000114","CUST-ML-0271","10207","CARD","Mobile","IN","IN","0","9","0","4881","true","0"
"MLTXN-000115","CUST-ML-0534","4491","NETBANKING","Mobile","IN","IN","0","21","1","3264","false","1"
"MLTXN-000116","CUST-ML-0455","412","CARD","Mobile","IN","IN","0","1125","22","565","false","0"
"MLTXN-000117","CUST-ML-0012","3948","CARD","Desktop","IN","IN","1","10","2","1867","false","0"
"MLTXN-000118","CUST-ML-0493","2609","CARD","Mobile","IN","IN","1","13","1","1929","true","0"
"MLTXN-000119","CUST-ML-0413","2339","UPI","Mobile","US","US","0","6","0","1349","true","0"
"MLTXN-000120","CUST-ML-0151","4128","CARD","Mobile","IN","IN","0","868","19","2720","false","0"
"MLTXN-000121","CUST-ML-0358","613","UPI","Mobile","GB","GB","0","455","8","1222","false","0"
"MLTXN-000122","CUST-ML-0384","410","UPI","Desktop","IN","IN","0","18","2","506","false","0"
"MLTXN-000123","CUST-ML-0205","6333","UPI","Desktop","IN","IN","0","573","10","2306","false","1"
"MLTXN-000124","CUST-ML-0076","56940","NETBANKING","Mobile","IN","IN","0","196","4","2141","false","0"
"MLTXN-000125","CUST-ML-0163","16274","CARD","Desktop","IN","IN","0","921","11","936","false","0"
"MLTXN-000126","CUST-ML-0462","1062","NETBANKING","Desktop","IN","IN","0","580","20","1352","false","1"
"MLTXN-000127","CUST-ML-0308","888","UPI","Mobile","US","US","0","415","12","2523","false","0"
"MLTXN-000128","CUST-ML-0256","2175","UPI","Desktop","IN","IN","0","1020","12","2176","false","0"
"MLTXN-000129","CUST-ML-0372","1434","BANK_TRANSFER","Mobile","IN","IN","0","431","7","2625","false","0"
"MLTXN-000130","CUST-ML-0298","1644","UPI","Mobile","IN","IN","1","440","14","2396","false","0"
"MLTXN-000131","CUST-ML-0093","4841","NETBANKING","Mobile","IN","IN","1","664","7","1907","false","0"
"MLTXN-000132","CUST-ML-0277","7286","UPI","Desktop","SG","SG","0","731","8","2977","false","0"
"MLTXN-000133","CUST-ML-0590","1160","CARD","Mobile","IN","IN","1","237","3","1739","false","0"
"MLTXN-000134","CUST-ML-0247","2612","NETBANKING","Desktop","IN","IN","4","167","2","2382","false","0"
"MLTXN-000135","CUST-ML-0132","1010","UPI","Mobile","IN","IN","0","609","14","1217","false","0"
"MLTXN-000136","CUST-ML-0105","3347","CARD","Mobile","IN","IN","0","116","2","1828","false","1"
"MLTXN-000137","CUST-ML-0191","491","UPI","Desktop","IN","IN","0","60","2","745","false","0"
"MLTXN-000138","CUST-ML-0391","627","UPI","Mobile","IN","IN","0","446","8","795","false","0"
"MLTXN-000139","CUST-ML-0534","3924","UPI","Mobile","IN","IN","0","21","2","4625","false","0"
"MLTXN-000140","CUST-ML-0328","912","CARD","Desktop","US","US","1","21","1","932","false","1"
"MLTXN-000141","CUST-ML-0351","228","CARD","Mobile","IN","US","0","794","10","583","false","0"
"MLTXN-000142","CUST-ML-0268","896","UPI","Desktop","IN","IN","0","489","8","659","false","0"
"MLTXN-000143","CUST-ML-0220","1647","UPI","Desktop","SG","SG","4","475","8","931","false","0"
"MLTXN-000144","CUST-ML-0141","2569","CARD","Mobile","CA","CA","2","223","6","2353","false","0"
"MLTXN-000145","CUST-ML-0134","658","CARD","Mobile","IN","IN","1","181","6","953","false","0"
"MLTXN-000146","CUST-ML-0357","1614","UPI","Mobile","IN","IN","0","296","3","793","false","0"
"MLTXN-000147","CUST-ML-0372","1797","UPI","Mobile","IN","IN","0","431","8","2133","false","0"
"MLTXN-000148","CUST-ML-0319","7200","WALLET","Mobile","DE","DE","0","209","6","4613","false","0"
"MLTXN-000149","CUST-ML-0216","3879","UPI","Tablet","AE","AE","1","546","7","1955","false","0"
"MLTXN-000150","CUST-ML-0299","1777","UPI","Desktop","US","US","0","354","9","1579","false","0"
"MLTXN-000151","CUST-ML-0558","6414","NETBANKING","Mobile","AU","AU","0","505","8","2601","false","1"
"MLTXN-000152","CUST-ML-0197","2394","CARD","Mobile","IN","IN","1","13","0","2008","true","1"
"MLTXN-000153","CUST-ML-0305","620","WALLET","Mobile","US","US","0","21","2","928","false","0"
"MLTXN-000154","CUST-ML-0338","472","BANK_TRANSFER","Desktop","GB","GB","0","632","22","594","false","0"
"MLTXN-000155","CUST-ML-0342","6773","CARD","Mobile","AE","AE","2","20","2","1002","false","0"
"MLTXN-000156","CUST-ML-0502","10710","UPI","Desktop","GB","GB","0","754","19","3272","false","0"
"MLTXN-000157","CUST-ML-0268","1335","NETBANKING","Mobile","IN","IN","1","489","9","1050","false","0"
"MLTXN-000158","CUST-ML-0113","1001","WALLET","Tablet","IN","IN","1","551","20","1989","false","1"
"MLTXN-000159","CUST-ML-0387","2193","UPI","Mobile","IN","IN","1","638","10","2525","false","0"
"MLTXN-000160","CUST-ML-0410","310","CARD","Mobile","AE","AE","1","21","1","1001","false","0"
"MLTXN-000161","CUST-ML-0529","2645","UPI","Mobile","DE","DE","0","542","8","1048","false","0"
"MLTXN-000162","CUST-ML-0564","4450","BANK_TRANSFER","Mobile","AU","AU","0","64","3","2732","false","0"
"MLTXN-000163","CUST-ML-0073","208","NETBANKING","Mobile","IN","IN","1","637","8","1249","false","0"
"MLTXN-000164","CUST-ML-0200","493","UPI","Desktop","AE","AE","0","21","1","872","false","0"
"MLTXN-000165","CUST-ML-0167","928","CARD","Mobile","IN","IN","0","5","0","1555","true","0"
"MLTXN-000166","CUST-ML-0366","1323","UPI","Mobile","IN","IN","4","860","13","1020","false","0"
"MLTXN-000167","CUST-ML-0179","6262","CARD","Mobile","IN","IN","1","541","13","7073","false","0"
"MLTXN-000168","CUST-ML-0200","1456","UPI","Desktop","AE","AE","0","21","2","1130","false","0"
"MLTXN-000169","CUST-ML-0574","1775","WALLET","Mobile","IN","IN","0","352","5","1670","false","0"
"MLTXN-000170","CUST-ML-0443","8967","UPI","Mobile","IN","IN","0","4","1","1318","true","0"
"MLTXN-000171","CUST-ML-0229","2259","UPI","Mobile","IN","IN","0","14","2","1205","false","0"
"MLTXN-000172","CUST-ML-0277","8595","CARD","Mobile","SG","SG","6","731","9","4539","false","0"
"MLTXN-000173","CUST-ML-0142","1337","WALLET","Mobile","AU","AU","0","1084","16","952","false","0"
"MLTXN-000174","CUST-ML-0318","1499","WALLET","Mobile","IN","IN","1","750","24","3715","false","0"
"MLTXN-000175","CUST-ML-0042","1949","CARD","Mobile","US","US","0","1097","30","3803","false","1"
"MLTXN-000176","CUST-ML-0197","2545","CARD","Mobile","IN","IN","0","13","1","2149","true","0"
"MLTXN-000177","CUST-ML-0422","3147","CARD","Mobile","AE","IN","0","21","1","8152","false","0"
"MLTXN-000178","CUST-ML-0119","1808","NETBANKING","Mobile","IN","IN","0","482","4","2035","false","0"
"MLTXN-000179","CUST-ML-0013","162","CARD","Mobile","CA","CA","0","418","13","387","false","0"
"MLTXN-000180","CUST-ML-0242","400","NETBANKING","Desktop","US","US","1","21","1","399","false","1"
"MLTXN-000181","CUST-ML-0450","513","CARD","Mobile","IN","IN","2","4","2","692","false","0"
"MLTXN-000182","CUST-ML-0386","1088","UPI","Tablet","US","US","0","56","2","1624","false","0"
"MLTXN-000183","CUST-ML-0134","1447","CARD","Mobile","IN","IN","0","181","7","1045","false","0"
"MLTXN-000184","CUST-ML-0589","1439","UPI","Tablet","IN","IN","0","1066","34","4495","false","0"
"MLTXN-000185","CUST-ML-0549","1102","UPI","Mobile","IN","IN","1","20","1","346","false","0"
"MLTXN-000186","CUST-ML-0183","4050","UPI","Mobile","IN","IN","1","8","1","2931","true","1"
"MLTXN-000187","CUST-ML-0305","1589","WALLET","Mobile","US","US","0","21","3","919","false","0"
"MLTXN-000188","CUST-ML-0114","2123","WALLET","Desktop","IN","IN","0","4","0","788","true","0"
"MLTXN-000189","CUST-ML-0129","3728","NETBANKING","Mobile","DE","DE","0","1094","14","3323","false","0"
"MLTXN-000190","CUST-ML-0439","2572","NETBANKING","Mobile","IN","IN","0","348","10","870","false","0"
"MLTXN-000191","CUST-ML-0244","994","UPI","Tablet","IN","IN","0","515","19","1135","false","0"
"MLTXN-000192","CUST-ML-0542","538","CARD","Desktop","US","US","1","400","4","370","false","1"
"MLTXN-000193","CUST-ML-0543","2262","NETBANKING","Mobile","IN","IN","0","317","9","1831","false","1"
"MLTXN-000194","CUST-ML-0250","1420","WALLET","Tablet","IN","IN","1","235","8","1956","false","0"
"MLTXN-000195","CUST-ML-0071","4433","WALLET","Desktop","IN","IN","0","21","2","2792","false","0"
"MLTXN-000196","CUST-ML-0489","1936","CARD","Mobile","IN","IN","0","8","2","2717","false","0"
"MLTXN-000197","CUST-ML-0191","245","UPI","Desktop","US","IN","0","60","3","798","false","0"
"MLTXN-000198","CUST-ML-0480","1505","CARD","Mobile","US","US","0","119","3","1516","false","0"
"MLTXN-000199","CUST-ML-0308","1424","UPI","Mobile","US","US","0","415","13","2209","false","0"
"MLTXN-000200","CUST-ML-0592","5410","NETBANKING","Desktop","CA","CA","0","860","31","3809","false","1"
"MLTXN-000201","CUST-ML-0577","3633","CARD","Mobile","IN","IN","0","555","13","2927","false","1"
"MLTXN-000202","CUST-ML-0495","779","UPI","Mobile","IN","IN","0","363","5","1134","false","0"
"MLTXN-000203","CUST-ML-0262","703","NETBANKING","Mobile","IN","IN","0","19","2","580","false","0"
"MLTXN-000204","CUST-ML-0041","444","UPI","Tablet","IN","IN","1","412","4","735","false","0"
"MLTXN-000205","CUST-ML-0017","913","CARD","Mobile","IN","IN","1","521","7","916","false","0"
"MLTXN-000206","CUST-ML-0258","523","WALLET","Mobile","IN","IN","0","72","1","1084","false","0"
"MLTXN-000207","CUST-ML-0312","3057","UPI","Mobile","US","GB","0","2","0","1844","true","0"
"MLTXN-000208","CUST-ML-0069","4280","CARD","Desktop","IN","GB","0","455","10","3370","false","0"
"MLTXN-000209","CUST-ML-0336","578","BANK_TRANSFER","Mobile","IN","IN","0","504","12","2430","false","0"
"MLTXN-000210","CUST-ML-0409","2319","CARD","Mobile","IN","IN","1","191","2","1148","false","0"
"MLTXN-000211","CUST-ML-0250","1426","UPI","Tablet","IN","IN","0","235","9","1646","false","0"
"MLTXN-000212","CUST-ML-0534","5492","UPI","Mobile","IN","IN","1","21","3","4087","false","0"
"MLTXN-000213","CUST-ML-0066","545","CARD","Desktop","IN","IN","0","216","9","485","false","0"
"MLTXN-000214","CUST-ML-0418","3240","CARD","Mobile","AE","AE","0","386","12","1936","false","0"
"MLTXN-000215","CUST-ML-0319","19115","WALLET","Mobile","IN","DE","2","209","7","4738","false","0"
"MLTXN-000216","CUST-ML-0079","12063","NETBANKING","Mobile","IN","IN","1","1197","21","3821","false","1"
"MLTXN-000217","CUST-ML-0269","1398","UPI","Mobile","GB","GB","0","1053","37","1210","false","0"
"MLTXN-000218","CUST-ML-0351","703","CARD","Mobile","US","US","0","794","11","607","false","0"
"MLTXN-000219","CUST-ML-0036","538","UPI","Desktop","IN","IN","0","947","9","448","false","0"
"MLTXN-000220","CUST-ML-0484","2768","CARD","Mobile","IN","IN","0","264","9","1881","false","0"
"MLTXN-000221","CUST-ML-0044","4391","CARD","Desktop","IN","IN","0","427","11","3410","false","1"
"MLTXN-000222","CUST-ML-0394","3816","UPI","Desktop","IN","IN","0","455","16","3034","false","0"
"MLTXN-000223","CUST-ML-0523","1544","UPI","Mobile","IN","IN","0","21","1","2110","false","0"
"MLTXN-000224","CUST-ML-0334","243","CARD","Mobile","IN","IN","0","462","10","371","false","1"
"MLTXN-000225","CUST-ML-0270","10497","UPI","Mobile","GB","GB","0","21","1","11387","false","0"
"MLTXN-000226","CUST-ML-0544","1333","NETBANKING","Mobile","IN","IN","0","20","0","1239","false","1"
"MLTXN-000227","CUST-ML-0374","1505","UPI","Desktop","IN","IN","0","630","20","2026","false","0"
"MLTXN-000228","CUST-ML-0380","11291","UPI","Desktop","IN","IN","1","13","1","12611","true","0"
"MLTXN-000229","CUST-ML-0123","362","CARD","Mobile","IN","IN","1","1189","10","1121","false","0"
"MLTXN-000230","CUST-ML-0487","1253","CARD","Desktop","IN","IN","1","329","10","1332","false","0"
"MLTXN-000231","CUST-ML-0267","397","CARD","Desktop","IN","IN","1","377","6","1026","false","0"
"MLTXN-000232","CUST-ML-0202","11262","WALLET","Desktop","IN","IN","1","293","10","7622","false","0"
"MLTXN-000233","CUST-ML-0159","1898","UPI","Mobile","SG","SG","0","394","7","1814","false","0"
"MLTXN-000234","CUST-ML-0408","977","UPI","Tablet","IN","IN","0","11","2","1085","false","0"
"MLTXN-000235","CUST-ML-0137","569","CARD","Desktop","GB","IN","0","575","14","1432","false","0"
"MLTXN-000236","CUST-ML-0491","762","WALLET","Mobile","DE","DE","0","460","10","1043","false","0"
"MLTXN-000237","CUST-ML-0190","1391","UPI","Mobile","IN","IN","0","173","7","2335","false","0"
"MLTXN-000238","CUST-ML-0124","4985","NETBANKING","Desktop","IN","IN","1","54","1","1490","false","1"
"MLTXN-000239","CUST-ML-0352","3318","CARD","Desktop","IN","IN","0","3","1","1717","true","0"
"MLTXN-000240","CUST-ML-0073","2055","NETBANKING","Mobile","IN","IN","1","637","9","1165","false","0"
"MLTXN-000241","CUST-ML-0524","1495","CARD","Mobile","IN","IN","6","653","24","2186","false","1"
"MLTXN-000242","CUST-ML-0078","2121","WALLET","Desktop","IN","IN","1","559","14","1170","false","0"
"MLTXN-000243","CUST-ML-0195","7397","UPI","Mobile","SA","SA","0","21","1","6224","false","0"
"MLTXN-000244","CUST-ML-0504","10470","CARD","Desktop","IN","IN","0","193","5","6672","false","0"
"MLTXN-000245","CUST-ML-0528","483","UPI","Desktop","IN","IN","2","594","19","414","false","0"
"MLTXN-000246","CUST-ML-0562","4609","CARD","Mobile","AE","AE","2","561","8","4703","false","0"
"MLTXN-000247","CUST-ML-0040","679","UPI","Mobile","IN","IN","0","3","2","1768","false","0"
"MLTXN-000248","CUST-ML-0409","1000","CARD","Mobile","IN","IN","0","191","3","821","false","1"
"MLTXN-000249","CUST-ML-0560","1224","UPI","Tablet","IN","US","2","10","1","1109","true","0"
"MLTXN-000250","CUST-ML-0387","1389","UPI","Mobile","IN","IN","0","638","11","2099","false","0"
"MLTXN-000251","CUST-ML-0290","5236","CARD","Mobile","US","US","0","526","8","2580","false","0"
"MLTXN-000252","CUST-ML-0117","1213","WALLET","Mobile","IN","IN","0","235","9","833","false","0"
"MLTXN-000253","CUST-ML-0333","1699","NETBANKING","Desktop","IN","IN","0","18","0","1555","false","0"
"MLTXN-000254","CUST-ML-0421","4250","UPI","Mobile","IN","IN","0","955","27","1148","false","0"
"MLTXN-000255","CUST-ML-0378","742","BANK_TRANSFER","Mobile","CA","CA","0","460","15","807","false","0"
"MLTXN-000256","CUST-ML-0584","511","CARD","Mobile","US","IN","1","755","23","506","false","1"
"MLTXN-000257","CUST-ML-0094","13316","UPI","Mobile","IN","IN","0","4","2","4595","false","0"
"MLTXN-000258","CUST-ML-0204","17477","UPI","Desktop","IN","IN","0","384","10","2422","false","1"
"MLTXN-000259","CUST-ML-0361","753","UPI","Desktop","IN","IN","0","1322","17","621","false","0"
"MLTXN-000260","CUST-ML-0431","629","UPI","Mobile","IN","IN","0","438","11","2493","false","0"
"MLTXN-000261","CUST-ML-0460","785","CARD","Mobile","IN","IN","0","780","15","832","false","0"
"MLTXN-000262","CUST-ML-0384","587","UPI","Desktop","IN","IN","0","18","3","432","false","0"
"MLTXN-000263","CUST-ML-0014","4100","CARD","Mobile","IN","IN","0","619","19","8785","false","0"
"MLTXN-000264","CUST-ML-0459","3361","CARD","Mobile","AE","IN","1","359","6","2126","false","0"
"MLTXN-000265","CUST-ML-0599","2363","CARD","Mobile","IN","IN","0","964","27","1048","false","0"
"MLTXN-000266","CUST-ML-0077","11584","CARD","Mobile","IN","IN","2","228","8","2260","false","1"
"MLTXN-000267","CUST-ML-0350","4530","NETBANKING","Mobile","AU","AU","0","1028","11","1356","false","0"
"MLTXN-000268","CUST-ML-0059","8026","NETBANKING","Mobile","AE","SA","0","408","6","2251","false","0"
"MLTXN-000269","CUST-ML-0471","7114","UPI","Mobile","IN","IN","0","398","12","2710","false","0"
"MLTXN-000270","CUST-ML-0461","1987","CARD","Mobile","AU","AU","0","534","14","572","false","0"
"MLTXN-000271","CUST-ML-0088","1401","UPI","Mobile","IN","IN","0","4","2","1318","false","0"
"MLTXN-000272","CUST-ML-0242","333","NETBANKING","Desktop","US","US","0","21","2","486","false","0"
"MLTXN-000273","CUST-ML-0419","854","WALLET","Desktop","IN","IN","0","457","15","1628","false","0"
"MLTXN-000274","CUST-ML-0521","3087","CARD","Mobile","GB","GB","0","1080","29","2984","false","0"
"MLTXN-000275","CUST-ML-0050","792","CARD","Desktop","IN","IN","0","33","1","547","false","0"
"MLTXN-000276","CUST-ML-0509","1457","UPI","Mobile","US","CA","2","509","14","5211","false","1"
"MLTXN-000277","CUST-ML-0499","7815","UPI","Mobile","IN","IN","0","189","9","3205","false","0"
"MLTXN-000278","CUST-ML-0151","3462","NETBANKING","Mobile","IN","IN","2","868","20","2322","false","0"
"MLTXN-000279","CUST-ML-0206","10916","CARD","Desktop","AE","AE","0","21","1","6574","false","0"
"MLTXN-000280","CUST-ML-0100","360","CARD","Desktop","CA","IN","4","19","2","823","false","1"
"MLTXN-000281","CUST-ML-0216","3402","UPI","Tablet","CA","AE","0","546","8","1958","false","0"
"MLTXN-000282","CUST-ML-0238","4453","UPI","Mobile","IN","IN","0","853","16","4343","false","0"
"MLTXN-000283","CUST-ML-0016","3882","UPI","Mobile","GB","GB","0","740","15","3700","false","0"
"MLTXN-000284","CUST-ML-0414","14259","UPI","Mobile","IN","IN","0","499","7","4677","false","0"
"MLTXN-000285","CUST-ML-0042","1544","CARD","Mobile","US","US","0","1097","31","2503","false","0"
"MLTXN-000286","CUST-ML-0540","1012","WALLET","Mobile","AU","AU","0","714","25","1737","false","0"
"MLTXN-000287","CUST-ML-0292","2020","CARD","Mobile","DE","DE","1","11","0","2798","true","0"
"MLTXN-000288","CUST-ML-0417","2666","BANK_TRANSFER","Mobile","IN","IN","0","207","4","1008","false","0"
"MLTXN-000289","CUST-ML-0454","1562","NETBANKING","Desktop","IN","IN","0","8","0","804","true","0"
"MLTXN-000290","CUST-ML-0055","7008","NETBANKING","Mobile","US","US","0","525","8","6682","false","0"
"MLTXN-000291","CUST-ML-0581","1964","UPI","Mobile","AU","AU","5","620","23","660","false","0"
"MLTXN-000292","CUST-ML-0271","3847","UPI","Mobile","IN","IN","0","9","1","4414","true","0"
"MLTXN-000293","CUST-ML-0436","6880","UPI","Mobile","IN","IN","3","3","0","3689","true","0"
"MLTXN-000294","CUST-ML-0083","5338","WALLET","Desktop","AE","AE","1","601","15","4143","false","0"
"MLTXN-000295","CUST-ML-0517","809","WALLET","Mobile","AU","AU","1","202","8","1884","false","0"
"MLTXN-000296","CUST-ML-0120","1660","CARD","Mobile","US","US","0","709","19","877","false","0"
"MLTXN-000297","CUST-ML-0555","975","CARD","Mobile","IN","IN","0","314","10","1701","false","0"
"MLTXN-000298","CUST-ML-0190","19744","UPI","Mobile","IN","IN","0","173","8","1522","false","1"
"MLTXN-000299","CUST-ML-0274","2532","UPI","Mobile","IN","IN","2","531","10","2400","false","0"
"MLTXN-000300","CUST-ML-0386","1257","UPI","Tablet","US","US","0","56","3","1953","false","1"
"MLTXN-000301","CUST-ML-0481","1458","UPI","Mobile","IN","IN","0","940","28","3232","false","0"
"MLTXN-000302","CUST-ML-0293","1348","CARD","Mobile","AU","AU","0","1","1","2907","true","0"
"MLTXN-000303","CUST-ML-0070","1408","WALLET","Mobile","AE","AE","1","420","14","1833","false","0"
"MLTXN-000304","CUST-ML-0303","1140","UPI","Desktop","IN","IN","1","127","5","1033","false","0"
"MLTXN-000305","CUST-ML-0384","5184","UPI","Desktop","IN","IN","0","18","4","566","false","0"
"MLTXN-000306","CUST-ML-0351","1030","CARD","Mobile","IN","US","0","794","12","702","false","0"
"MLTXN-000307","CUST-ML-0214","1485","UPI","Mobile","US","US","2","16","1","1215","false","0"
"MLTXN-000308","CUST-ML-0525","827","UPI","Desktop","US","US","0","776","8","1242","false","0"
"MLTXN-000309","CUST-ML-0095","2006","UPI","Desktop","IN","IN","0","764","16","2830","false","1"
"MLTXN-000310","CUST-ML-0055","3712","NETBANKING","Mobile","US","US","0","525","9","5572","false","0"
"MLTXN-000311","CUST-ML-0413","859","UPI","Mobile","US","US","4","6","1","1727","true","0"
"MLTXN-000312","CUST-ML-0564","3246","BANK_TRANSFER","Mobile","AU","AU","0","64","4","2387","false","0"
"MLTXN-000313","CUST-ML-0563","1821","UPI","Mobile","IN","IN","0","10","0","2409","true","0"
"MLTXN-000314","CUST-ML-0154","3058","UPI","Desktop","SA","SA","0","20","1","2281","false","0"
"MLTXN-000315","CUST-ML-0042","3128","CARD","Mobile","US","US","2","1097","32","3363","false","0"
"MLTXN-000316","CUST-ML-0309","5304","CARD","Mobile","IN","IN","0","643","6","2564","false","0"
"MLTXN-000317","CUST-ML-0208","6548","UPI","Desktop","IN","IN","1","405","8","6544","false","0"
"MLTXN-000318","CUST-ML-0425","876","UPI","Mobile","IN","IN","2","384","13","1784","false","0"
"MLTXN-000319","CUST-ML-0320","843","CARD","Mobile","IN","IN","1","379","12","807","false","0"
"MLTXN-000320","CUST-ML-0135","693","CARD","Mobile","IN","IN","0","329","9","1036","false","0"
"MLTXN-000321","CUST-ML-0454","314","NETBANKING","Desktop","IN","IN","1","8","1","468","true","0"
"MLTXN-000322","CUST-ML-0087","728","CARD","Mobile","DE","DE","1","1125","31","648","false","0"
"MLTXN-000323","CUST-ML-0150","2776","CARD","Mobile","IN","IN","0","1160","36","2337","false","1"
"MLTXN-000324","CUST-ML-0599","3153","CARD","Mobile","IN","IN","1","964","28","2222","false","0"
"MLTXN-000325","CUST-ML-0014","6036","CARD","Mobile","IN","IN","0","619","20","9408","false","0"
"MLTXN-000326","CUST-ML-0065","1081","WALLET","Mobile","SG","SG","0","327","9","2905","false","0"
"MLTXN-000327","CUST-ML-0432","4438","UPI","Desktop","IN","IN","2","308","3","3427","false","0"
"MLTXN-000328","CUST-ML-0187","1331","NETBANKING","Mobile","US","IN","0","1333","32","698","false","0"
"MLTXN-000329","CUST-ML-0455","722","UPI","Desktop","IN","IN","5","1125","23","724","false","0"
"MLTXN-000330","CUST-ML-0523","2331","UPI","Mobile","IN","IN","0","21","2","1586","false","0"
"MLTXN-000331","CUST-ML-0557","2181","CARD","Desktop","US","US","3","3","2","1458","false","0"
"MLTXN-000332","CUST-ML-0439","517","NETBANKING","Mobile","IN","IN","1","348","11","940","false","0"
"MLTXN-000333","CUST-ML-0067","910","CARD","Desktop","IN","IN","0","21","1","637","false","0"
"MLTXN-000334","CUST-ML-0045","156","UPI","Mobile","IN","IN","0","472","5","375","false","0"
"MLTXN-000335","CUST-ML-0439","3439","NETBANKING","Mobile","IN","IN","0","348","12","1260","false","1"
"MLTXN-000336","CUST-ML-0242","285","NETBANKING","Desktop","US","US","1","21","3","471","false","0"
"MLTXN-000337","CUST-ML-0490","3482","CARD","Mobile","CA","CA","1","33","1","1851","false","0"
"MLTXN-000338","CUST-ML-0570","928","CARD","Mobile","GB","GB","0","542","18","808","false","0"
"MLTXN-000339","CUST-ML-0308","4141","UPI","Mobile","US","US","0","415","14","1934","false","0"
"MLTXN-000340","CUST-ML-0157","491","CARD","Desktop","DE","DE","1","802","19","593","false","0"
"MLTXN-000341","CUST-ML-0005","2366","BANK_TRANSFER","Desktop","IN","IN","0","215","3","1415","false","0"
"MLTXN-000342","CUST-ML-0587","6149","UPI","Desktop","IN","IN","0","553","14","3195","false","0"
"MLTXN-000343","CUST-ML-0442","3673","NETBANKING","Mobile","AE","AE","0","157","5","4013","false","0"
"MLTXN-000344","CUST-ML-0272","4574","WALLET","Mobile","US","US","0","11","3","4275","false","0"
"MLTXN-000345","CUST-ML-0382","11555","UPI","Desktop","AE","AE","0","327","5","6481","false","0"
"MLTXN-000346","CUST-ML-0165","1415","UPI","Mobile","IN","IN","0","44","1","1131","false","0"
"MLTXN-000347","CUST-ML-0088","2223","UPI","Mobile","IN","IN","2","4","3","2315","false","0"
"MLTXN-000348","CUST-ML-0529","1693","CARD","Mobile","DE","DE","0","542","9","1456","false","0"
"MLTXN-000349","CUST-ML-0535","1107","CARD","Mobile","US","IN","1","969","18","3471","false","0"
"MLTXN-000350","CUST-ML-0341","1023","UPI","Mobile","IN","IN","0","656","8","1788","false","0"
"MLTXN-000351","CUST-ML-0371","690","UPI","Tablet","IN","IN","0","567","17","839","false","0"
"MLTXN-000352","CUST-ML-0365","761","NETBANKING","Mobile","IN","IN","0","527","16","1710","false","0"
"MLTXN-000353","CUST-ML-0037","6116","NETBANKING","Tablet","IN","IN","0","121","1","2947","false","0"
"MLTXN-000354","CUST-ML-0023","3066","UPI","Mobile","IN","IN","0","664","17","2329","false","0"
"MLTXN-000355","CUST-ML-0519","582","UPI","Desktop","CA","CA","0","69","2","1596","false","0"
"MLTXN-000356","CUST-ML-0086","432","CARD","Desktop","SG","SG","0","525","15","938","false","0"
"MLTXN-000357","CUST-ML-0274","3731","UPI","Mobile","IN","IN","0","531","11","1872","false","0"
"MLTXN-000358","CUST-ML-0225","2583","UPI","Mobile","IN","IN","0","1125","10","2073","false","0"
"MLTXN-000359","CUST-ML-0002","454","WALLET","Mobile","SA","IN","2","520","10","774","false","1"
"MLTXN-000360","CUST-ML-0358","809","UPI","Mobile","GB","GB","0","455","9","984","false","1"
"MLTXN-000361","CUST-ML-0333","7191","UPI","Desktop","IN","IN","0","18","1","1055","false","0"
"MLTXN-000362","CUST-ML-0334","196","NETBANKING","Mobile","IN","IN","0","462","11","355","false","0"
"MLTXN-000363","CUST-ML-0193","3282","UPI","Mobile","IN","IN","3","565","11","1624","false","0"
"MLTXN-000364","CUST-ML-0312","2924","UPI","Mobile","GB","GB","0","2","1","2354","true","0"
"MLTXN-000365","CUST-ML-0324","1998","NETBANKING","Mobile","IN","IN","0","21","1","1301","false","0"
"MLTXN-000366","CUST-ML-0023","2897","UPI","Mobile","IN","IN","3","664","18","2663","false","0"
"MLTXN-000367","CUST-ML-0471","3210","UPI","Mobile","IN","IN","1","398","13","2481","false","1"
"MLTXN-000368","CUST-ML-0026","2100","CARD","Mobile","IN","US","0","772","14","1799","false","0"
"MLTXN-000369","CUST-ML-0546","884","UPI","Mobile","AU","AU","1","597","19","936","false","0"
"MLTXN-000370","CUST-ML-0480","2699","CARD","Desktop","US","US","0","119","4","1885","false","0"
"MLTXN-000371","CUST-ML-0332","311","UPI","Mobile","DE","DE","0","294","6","373","false","0"
"MLTXN-000372","CUST-ML-0415","760","CARD","Mobile","GB","GB","0","463","17","984","false","0"
"MLTXN-000373","CUST-ML-0533","91369","CARD","Desktop","AE","AE","0","16","1","6627","false","0"
"MLTXN-000374","CUST-ML-0287","4137","UPI","Mobile","SA","SA","2","21","1","7046","false","0"
"MLTXN-000375","CUST-ML-0458","2574","UPI","Desktop","SG","SG","0","782","14","2409","false","0"
"MLTXN-000376","CUST-ML-0029","1598","UPI","Desktop","SG","SG","0","528","5","4234","false","0"
"MLTXN-000377","CUST-ML-0351","461","CARD","Mobile","US","US","0","794","13","656","false","1"
"MLTXN-000378","CUST-ML-0247","63777","CARD","Desktop","IN","IN","0","167","3","2626","false","1"
"MLTXN-000379","CUST-ML-0320","486","WALLET","Desktop","IN","IN","0","379","13","1030","false","0"
"MLTXN-000380","CUST-ML-0138","17924","CARD","Mobile","AU","IN","0","21","1","10431","false","0"
"MLTXN-000381","CUST-ML-0108","15657","WALLET","Mobile","IN","IN","2","500","6","1912","false","1"
"MLTXN-000382","CUST-ML-0075","2294","CARD","Mobile","IN","IN","0","594","14","2378","false","0"
"MLTXN-000383","CUST-ML-0232","752","UPI","Desktop","SG","SG","0","503","12","936","false","0"
"MLTXN-000384","CUST-ML-0044","1736","CARD","Mobile","IN","IN","0","427","12","4845","false","0"
"MLTXN-000385","CUST-ML-0051","1695","WALLET","Mobile","IN","IN","1","133","5","3139","false","0"
"MLTXN-000386","CUST-ML-0489","3324","CARD","Mobile","IN","IN","0","8","3","3346","false","1"
"MLTXN-000387","CUST-ML-0337","1772","UPI","Desktop","IN","IN","0","21","1","649","false","0"
"MLTXN-000388","CUST-ML-0078","921","WALLET","Desktop","IN","IN","0","559","15","1152","false","0"
"MLTXN-000389","CUST-ML-0273","294","CARD","Mobile","IN","IN","0","421","8","409","false","0"
"MLTXN-000390","CUST-ML-0128","633","NETBANKING","Mobile","IN","IN","4","39","2","1175","false","0"
"MLTXN-000391","CUST-ML-0194","4994","UPI","Mobile","IN","IN","0","189","6","7332","false","0"
"MLTXN-000392","CUST-ML-0282","715","UPI","Desktop","IN","IN","0","318","7","1026","false","0"
"MLTXN-000393","CUST-ML-0247","1872","CARD","Desktop","IN","IN","0","167","4","2472","false","0"
"MLTXN-000394","CUST-ML-0519","2386","CARD","Desktop","GB","CA","0","69","3","1091","false","0"
"MLTXN-000395","CUST-ML-0107","697","BANK_TRANSFER","Mobile","IN","IN","0","14","1","1031","true","0"
"MLTXN-000396","CUST-ML-0208","11846","WALLET","Desktop","IN","IN","1","405","9","7755","false","0"
"MLTXN-000397","CUST-ML-0567","1305","CARD","Mobile","SG","SG","1","1004","22","1674","false","0"
"MLTXN-000398","CUST-ML-0235","2307","NETBANKING","Desktop","IN","IN","0","368","12","2443","false","0"
"MLTXN-000399","CUST-ML-0289","2712","UPI","Mobile","SA","SA","0","21","1","2015","false","1"
"MLTXN-000400","CUST-ML-0453","1179","CARD","Desktop","US","IN","0","522","6","1083","false","0"
"MLTXN-000401","CUST-ML-0525","435","UPI","Desktop","US","US","0","776","9","979","false","0"
"MLTXN-000402","CUST-ML-0565","1062","UPI","Mobile","DE","DE","0","616","17","807","false","0"
"MLTXN-000403","CUST-ML-0004","5338","NETBANKING","Tablet","IN","IN","0","279","2","2272","false","0"
"MLTXN-000404","CUST-ML-0397","466","CARD","Mobile","IN","IN","0","853","31","269","false","0"
"MLTXN-000405","CUST-ML-0258","637","WALLET","Mobile","IN","IN","0","72","2","1201","false","0"
"MLTXN-000406","CUST-ML-0160","4854","UPI","Mobile","US","US","0","412","6","2642","false","0"
"MLTXN-000407","CUST-ML-0416","192","CARD","Desktop","US","US","0","655","13","426","false","0"
"MLTXN-000408","CUST-ML-0065","9642","WALLET","Desktop","SG","SG","0","327","10","3730","false","1"
"MLTXN-000409","CUST-ML-0550","7789","BANK_TRANSFER","Desktop","IN","IN","0","698","7","4504","false","1"
"MLTXN-000410","CUST-ML-0267","1083","UPI","Desktop","IN","IN","0","377","7","1218","false","0"
"MLTXN-000411","CUST-ML-0090","4027","UPI","Desktop","IN","IN","1","502","8","2027","false","0"
"MLTXN-000412","CUST-ML-0431","25119","NETBANKING","Mobile","IN","IN","0","438","12","1562","false","0"
"MLTXN-000413","CUST-ML-0171","2707","BANK_TRANSFER","Mobile","IN","IN","0","2","2","2723","false","0"
"MLTXN-000414","CUST-ML-0102","313","CARD","Mobile","AE","AE","0","748","16","901","false","0"
"MLTXN-000415","CUST-ML-0520","2191","UPI","Mobile","DE","IN","0","896","16","1882","false","0"
"MLTXN-000416","CUST-ML-0418","5283","CARD","Mobile","AE","AE","0","386","13","3720","false","0"
"MLTXN-000417","CUST-ML-0235","1228","BANK_TRANSFER","Desktop","IN","IN","1","368","13","1246","false","1"
"MLTXN-000418","CUST-ML-0458","1581","UPI","Desktop","SG","SG","0","782","15","2324","false","0"
"MLTXN-000419","CUST-ML-0297","8541","UPI","Mobile","IN","US","2","12","2","1855","false","1"
"MLTXN-000420","CUST-ML-0376","4032","UPI","Desktop","IN","IN","0","683","14","2121","false","0"
"MLTXN-000421","CUST-ML-0043","588","CARD","Mobile","DE","DE","0","309","5","1062","false","0"
"MLTXN-000422","CUST-ML-0459","1463","UPI","Mobile","IN","IN","0","359","7","1759","false","0"
"MLTXN-000423","CUST-ML-0271","5550","WALLET","Mobile","IN","IN","2","9","2","5642","false","1"
"MLTXN-000424","CUST-ML-0069","1286","CARD","Desktop","CA","GB","0","455","11","3023","false","1"
"MLTXN-000425","CUST-ML-0564","1412","BANK_TRANSFER","Tablet","AU","AU","2","64","5","2203","false","0"
"MLTXN-000426","CUST-ML-0177","971","UPI","Tablet","US","US","0","244","5","1397","false","0"
"MLTXN-000427","CUST-ML-0412","990","UPI","Desktop","GB","IN","0","590","13","809","false","0"
"MLTXN-000428","CUST-ML-0400","1261","CARD","Mobile","IN","IN","0","256","7","1322","false","0"
"MLTXN-000429","CUST-ML-0462","3761","NETBANKING","Desktop","IN","IN","0","580","21","1922","false","1"
"MLTXN-000430","CUST-ML-0422","22727","CARD","Mobile","IN","IN","0","21","2","8684","false","1"
"MLTXN-000431","CUST-ML-0314","2600","UPI","Tablet","IN","IN","1","638","16","3827","false","0"
"MLTXN-000432","CUST-ML-0088","2015","CARD","Mobile","IN","IN","0","4","4","1465","false","0"
"MLTXN-000433","CUST-ML-0565","590","UPI","Desktop","DE","DE","0","616","18","1194","false","0"
"MLTXN-000434","CUST-ML-0012","713","CARD","Mobile","IN","IN","0","10","3","2713","false","0"
"MLTXN-000435","CUST-ML-0079","2605","UPI","Mobile","IN","IN","0","1197","22","3340","false","1"
"MLTXN-000436","CUST-ML-0122","514","NETBANKING","Mobile","IN","IN","2","41","1","423","false","0"
"MLTXN-000437","CUST-ML-0490","1309","CARD","Mobile","CA","CA","0","33","2","2350","false","0"
"MLTXN-000438","CUST-ML-0258","919","WALLET","Mobile","IN","IN","0","72","3","1341","false","0"
"MLTXN-000439","CUST-ML-0303","1114","UPI","Mobile","IN","IN","1","127","6","879","false","0"
"MLTXN-000440","CUST-ML-0294","512","UPI","Mobile","IN","IN","0","538","20","617","false","0"
"MLTXN-000441","CUST-ML-0312","3520","UPI","Mobile","GB","GB","0","2","2","2286","false","0"
"MLTXN-000442","CUST-ML-0344","1111","CARD","Mobile","SA","SA","1","209","6","804","false","1"
"MLTXN-000443","CUST-ML-0394","3192","NETBANKING","Mobile","IN","IN","4","455","17","2536","false","0"
"MLTXN-000444","CUST-ML-0509","4136","WALLET","Mobile","CA","CA","1","509","15","4626","false","0"
"MLTXN-000445","CUST-ML-0199","1512","NETBANKING","Desktop","IN","IN","1","338","8","2586","false","0"
"MLTXN-000446","CUST-ML-0423","8251","WALLET","Mobile","IN","IN","0","9","2","311","false","0"
"MLTXN-000447","CUST-ML-0300","276","NETBANKING","Tablet","IN","IN","0","565","14","455","false","0"
"MLTXN-000448","CUST-ML-0148","3036","UPI","Mobile","SG","IN","1","929","15","2634","false","1"
"MLTXN-000449","CUST-ML-0069","11793","CARD","Desktop","GB","GB","0","455","12","2217","false","0"
"MLTXN-000450","CUST-ML-0494","4974","CARD","Mobile","AE","AE","0","21","1","6912","false","0"
"MLTXN-000451","CUST-ML-0231","1876","UPI","Mobile","IN","IN","0","464","12","1504","false","0"
"MLTXN-000452","CUST-ML-0338","585","BANK_TRANSFER","Desktop","AU","GB","0","632","23","593","false","0"
"MLTXN-000453","CUST-ML-0019","12806","UPI","Mobile","IN","IN","0","63","2","3689","false","0"
"MLTXN-000454","CUST-ML-0586","4308","CARD","Mobile","GB","GB","0","608","10","331","false","0"
"MLTXN-000455","CUST-ML-0327","4988","UPI","Mobile","IN","IN","1","13","0","3703","true","0"
"MLTXN-000456","CUST-ML-0170","3772","UPI","Mobile","IN","IN","1","373","8","2007","false","0"
"MLTXN-000457","CUST-ML-0568","14607","UPI","Desktop","IN","IN","0","307","5","1526","false","0"
"MLTXN-000458","CUST-ML-0143","8297","UPI","Mobile","SG","SG","0","67","3","7491","false","0"
"MLTXN-000459","CUST-ML-0238","5592","UPI","Mobile","IN","IN","0","853","17","4805","false","1"
"MLTXN-000460","CUST-ML-0555","2967","CARD","Mobile","IN","IN","1","314","11","2442","false","0"
"MLTXN-000461","CUST-ML-0431","1673","NETBANKING","Mobile","IN","IN","1","438","13","1549","false","0"
"MLTXN-000462","CUST-ML-0390","1337","NETBANKING","Tablet","SG","SG","0","1098","21","770","false","0"
"MLTXN-000463","CUST-ML-0145","5996","NETBANKING","Mobile","IN","IN","0","667","16","4124","false","0"
"MLTXN-000464","CUST-ML-0021","1058","NETBANKING","Desktop","IN","IN","1","660","23","861","false","1"
"MLTXN-000465","CUST-ML-0559","12792","CARD","Mobile","AU","AU","0","179","4","9974","false","0"
"MLTXN-000466","CUST-ML-0202","8561","UPI","Desktop","IN","IN","2","293","11","8845","false","0"
"MLTXN-000467","CUST-ML-0519","1439","NETBANKING","Desktop","CA","CA","1","69","4","1236","false","0"
"MLTXN-000468","CUST-ML-0087","441","UPI","Mobile","DE","DE","0","1125","32","767","false","0"
"MLTXN-000469","CUST-ML-0471","25484","UPI","Mobile","IN","IN","0","398","14","3171","false","0"
"MLTXN-000470","CUST-ML-0111","1196","UPI","Tablet","DE","DE","0","756","15","2071","false","0"
"MLTXN-000471","CUST-ML-0442","3553","NETBANKING","Mobile","AE","AE","0","157","6","4930","false","0"
"MLTXN-000472","CUST-ML-0234","854","UPI","Mobile","IN","IN","0","328","12","654","false","0"
"MLTXN-000473","CUST-ML-0233","1038","WALLET","Desktop","IN","IN","0","247","7","1945","false","0"
"MLTXN-000474","CUST-ML-0124","1569","NETBANKING","Mobile","IN","IN","0","54","2","1676","false","0"
"MLTXN-000475","CUST-ML-0434","1081","CARD","Mobile","US","US","0","575","21","1294","false","0"
"MLTXN-000476","CUST-ML-0347","1741","UPI","Desktop","IN","IN","0","49","1","1611","false","0"
"MLTXN-000477","CUST-ML-0594","2314","UPI","Desktop","IN","IN","0","187","5","3200","false","0"
"MLTXN-000478","CUST-ML-0536","405","UPI","Desktop","SA","SA","2","4","1","593","true","1"
"MLTXN-000479","CUST-ML-0281","780","NETBANKING","Mobile","IN","IN","0","836","13","637","false","0"
"MLTXN-000480","CUST-ML-0352","2044","NETBANKING","Desktop","IN","IN","0","3","2","1881","false","0"
"MLTXN-000481","CUST-ML-0589","1831","UPI","Tablet","IN","IN","0","1066","35","3471","false","0"
"MLTXN-000482","CUST-ML-0440","1834","NETBANKING","Desktop","IN","SG","0","204","4","1248","false","0"
"MLTXN-000483","CUST-ML-0067","623","UPI","Desktop","IN","IN","0","21","2","1004","false","1"
"MLTXN-000484","CUST-ML-0482","825","UPI","Mobile","SG","SG","0","1269","11","1680","false","0"
"MLTXN-000485","CUST-ML-0014","13307","UPI","Desktop","IN","IN","2","619","21","7771","false","0"
"MLTXN-000486","CUST-ML-0420","1819","WALLET","Desktop","US","US","1","276","9","3105","false","0"
"MLTXN-000487","CUST-ML-0507","674","WALLET","Mobile","IN","IN","0","377","9","487","false","0"
"MLTXN-000488","CUST-ML-0109","2214","NETBANKING","Mobile","IN","IN","0","889","25","1265","false","0"
"MLTXN-000489","CUST-ML-0238","8614","UPI","Mobile","IN","IN","0","853","18","4350","false","0"
"MLTXN-000490","CUST-ML-0385","4463","WALLET","Mobile","SG","SG","1","859","19","6509","false","1"
"MLTXN-000491","CUST-ML-0475","1024","CARD","Desktop","IN","IN","0","18","2","1861","false","0"
"MLTXN-000492","CUST-ML-0030","5989","UPI","Desktop","IN","IN","0","723","12","1566","false","1"
"MLTXN-000493","CUST-ML-0496","2765","UPI","Desktop","AE","IN","1","732","11","1742","false","0"
"MLTXN-000494","CUST-ML-0037","8011","BANK_TRANSFER","Tablet","IN","IN","0","121","2","4213","false","0"
"MLTXN-000495","CUST-ML-0195","3960","UPI","Mobile","SA","SA","0","21","2","5305","false","0"
"MLTXN-000496","CUST-ML-0483","1436","WALLET","Mobile","IN","IN","0","486","17","1467","false","0"
"MLTXN-000497","CUST-ML-0156","54269","NETBANKING","Mobile","GB","GB","0","690","20","4096","false","0"
"MLTXN-000498","CUST-ML-0126","4291","UPI","Mobile","IN","IN","0","734","26","5058","false","0"
"MLTXN-000499","CUST-ML-0311","1429","UPI","Desktop","IN","AE","0","141","5","1756","false","1"
"MLTXN-000500","CUST-ML-0065","2700","WALLET","Desktop","SG","SG","6","327","11","3146","false","1"
"MLTXN-000501","CUST-ML-0279","2601","CARD","Mobile","SG","SG","1","19","0","2717","false","1"
"MLTXN-000502","CUST-ML-0312","4470","UPI","Mobile","GB","GB","0","2","3","2630","false","0"
"MLTXN-000503","CUST-ML-0598","820","UPI","Mobile","SG","SG","0","208","6","1488","false","0"
"MLTXN-000504","CUST-ML-0303","920","UPI","Mobile","IN","IN","0","127","7","1036","false","0"
"MLTXN-000505","CUST-ML-0502","3155","UPI","Desktop","IN","GB","0","754","20","4275","false","1"
"MLTXN-000506","CUST-ML-0495","2183","UPI","Mobile","IN","IN","1","363","6","1064","false","0"
"MLTXN-000507","CUST-ML-0595","4334","UPI","Mobile","IN","IN","2","86","3","1390","false","1"
"MLTXN-000508","CUST-ML-0157","622","UPI","Desktop","DE","DE","1","802","20","711","false","0"
"MLTXN-000509","CUST-ML-0023","5044","WALLET","Mobile","SG","IN","0","664","19","3141","false","1"
"MLTXN-000510","CUST-ML-0257","1213","UPI","Mobile","IN","IN","0","797","13","1549","false","0"
"MLTXN-000511","CUST-ML-0296","2436","CARD","Mobile","IN","IN","0","373","10","2285","false","0"
"MLTXN-000512","CUST-ML-0107","316","BANK_TRANSFER","Mobile","IN","IN","0","14","2","643","false","0"
"MLTXN-000513","CUST-ML-0283","708","CARD","Desktop","IN","IN","1","344","8","1782","false","0"
"MLTXN-000514","CUST-ML-0229","2859","UPI","Mobile","IN","IN","0","14","3","1501","false","0"
"MLTXN-000515","CUST-ML-0417","1803","BANK_TRANSFER","Tablet","IN","IN","0","207","5","1521","false","0"
"MLTXN-000516","CUST-ML-0016","3363","UPI","Mobile","GB","GB","0","740","16","3432","false","0"
"MLTXN-000517","CUST-ML-0199","3236","UPI","Mobile","IN","IN","2","338","9","2364","false","0"
"MLTXN-000518","CUST-ML-0287","11699","UPI","Mobile","SA","SA","0","21","2","5057","false","0"
"MLTXN-000519","CUST-ML-0087","746","NETBANKING","Mobile","DE","DE","0","1125","33","541","false","0"
"MLTXN-000520","CUST-ML-0566","3443","CARD","Mobile","SG","SG","0","717","12","3962","false","0"
"MLTXN-000521","CUST-ML-0205","1474","UPI","Desktop","IN","IN","0","573","11","1804","false","0"
"MLTXN-000522","CUST-ML-0312","2075","UPI","Mobile","GB","GB","0","2","4","2241","false","0"
"MLTXN-000523","CUST-ML-0024","541","CARD","Mobile","IN","AU","0","77","2","968","false","0"
"MLTXN-000524","CUST-ML-0089","1699","CARD","Desktop","IN","IN","0","730","7","3209","false","0"
"MLTXN-000525","CUST-ML-0337","822","UPI","Desktop","IN","IN","0","21","2","643","false","0"
"MLTXN-000526","CUST-ML-0475","2265","CARD","Desktop","IN","IN","2","18","3","1533","false","0"
"MLTXN-000527","CUST-ML-0399","1787","CARD","Desktop","IN","IN","0","111","3","4953","false","0"
"MLTXN-000528","CUST-ML-0315","680","CARD","Mobile","US","US","0","82","2","1598","false","0"
"MLTXN-000529","CUST-ML-0206","3596","CARD","Desktop","AE","AE","0","21","2","4784","false","0"
"MLTXN-000530","CUST-ML-0382","4968","UPI","Desktop","AE","AE","1","327","6","9294","false","0"
"MLTXN-000531","CUST-ML-0563","2129","CARD","Mobile","IN","IN","0","10","1","1681","true","0"
"MLTXN-000532","CUST-ML-0119","4034","NETBANKING","Mobile","IN","IN","0","482","5","1530","false","0"
"MLTXN-000533","CUST-ML-0069","8187","CARD","Desktop","GB","GB","2","455","13","1520","false","0"
"MLTXN-000534","CUST-ML-0266","1441","UPI","Mobile","CA","US","2","1342","26","1448","false","0"
"MLTXN-000535","CUST-ML-0600","11465","BANK_TRANSFER","Mobile","SG","SG","0","157","6","4724","false","0"
"MLTXN-000536","CUST-ML-0152","2880","UPI","Mobile","IN","IN","2","170","5","3107","false","0"
"MLTXN-000537","CUST-ML-0201","1256","UPI","Mobile","IN","IN","0","1259","31","711","false","0"
"MLTXN-000538","CUST-ML-0404","1763","UPI","Desktop","US","SA","0","15","2","2538","false","0"
"MLTXN-000539","CUST-ML-0493","1567","NETBANKING","Mobile","IN","IN","5","13","2","1052","false","0"
"MLTXN-000540","CUST-ML-0288","530","NETBANKING","Mobile","DE","DE","0","605","13","2342","false","0"
"MLTXN-000541","CUST-ML-0522","1564","UPI","Desktop","US","US","0","943","13","1460","false","0"
"MLTXN-000542","CUST-ML-0083","3330","WALLET","Desktop","AE","AE","0","601","16","2919","false","0"
"MLTXN-000543","CUST-ML-0023","2069","UPI","Mobile","IN","IN","0","664","20","2742","false","0"
"MLTXN-000544","CUST-ML-0268","554","NETBANKING","Mobile","IN","IN","0","489","10","970","false","0"
"MLTXN-000545","CUST-ML-0342","1224","CARD","Mobile","AE","AE","0","20","3","1150","false","0"
"MLTXN-000546","CUST-ML-0545","2754","UPI","Mobile","IN","IN","0","220","8","609","false","0"
"MLTXN-000547","CUST-ML-0426","9734","UPI","Mobile","US","US","0","403","13","9956","false","0"
"MLTXN-000548","CUST-ML-0276","5722","UPI","Mobile","AE","AE","0","495","14","3139","false","0"
"MLTXN-000549","CUST-ML-0054","1963","CARD","Mobile","AU","AU","0","359","9","1220","false","0"
"MLTXN-000550","CUST-ML-0402","527","UPI","Desktop","AE","AE","4","16","1","1196","false","0"
"MLTXN-000551","CUST-ML-0098","1757","CARD","Desktop","AE","IN","0","257","6","4610","false","1"
"MLTXN-000552","CUST-ML-0464","2341","UPI","Desktop","US","US","1","1096","21","2119","false","0"
"MLTXN-000553","CUST-ML-0113","1300","CARD","Mobile","IN","IN","0","551","21","1567","false","1"
"MLTXN-000554","CUST-ML-0453","1048","CARD","Desktop","IN","IN","3","522","7","1168","false","0"
"MLTXN-000555","CUST-ML-0362","18648","CARD","Mobile","IN","IN","2","126","3","941","false","0"
"MLTXN-000556","CUST-ML-0600","21032","CARD","Desktop","SG","SG","0","157","7","4095","false","0"
"MLTXN-000557","CUST-ML-0439","1483","CARD","Mobile","IN","IN","0","348","13","966","false","0"
"MLTXN-000558","CUST-ML-0289","2392","UPI","Mobile","SA","SA","0","21","2","2725","false","0"
"MLTXN-000559","CUST-ML-0432","1801","NETBANKING","Desktop","IN","IN","0","308","4","1983","false","1"
"MLTXN-000560","CUST-ML-0282","1290","UPI","Desktop","IN","IN","0","318","8","1407","false","0"
"MLTXN-000561","CUST-ML-0239","407","WALLET","Desktop","IN","IN","0","393","9","618","false","0"
"MLTXN-000562","CUST-ML-0263","3404","UPI","Tablet","IN","IN","3","310","3","2100","false","0"
"MLTXN-000563","CUST-ML-0463","2240","UPI","Mobile","IN","IN","0","822","30","1698","false","0"
"MLTXN-000564","CUST-ML-0106","3887","UPI","Mobile","IN","IN","0","469","10","1049","false","0"
"MLTXN-000565","CUST-ML-0362","669","CARD","Mobile","IN","IN","4","126","4","957","false","0"
"MLTXN-000566","CUST-ML-0180","4288","UPI","Mobile","SG","SG","1","375","8","1596","false","0"
"MLTXN-000567","CUST-ML-0135","914","CARD","Tablet","AE","IN","0","329","10","1037","false","0"
"MLTXN-000568","CUST-ML-0087","808","NETBANKING","Mobile","DE","DE","0","1125","34","945","false","0"
"MLTXN-000569","CUST-ML-0394","2665","NETBANKING","Mobile","IN","IN","2","455","18","3016","false","0"
"MLTXN-000570","CUST-ML-0507","679","WALLET","Mobile","IN","IN","0","377","10","880","false","1"
"MLTXN-000571","CUST-ML-0071","1809","NETBANKING","Desktop","IN","IN","0","21","3","3037","false","0"
"MLTXN-000572","CUST-ML-0024","2779","CARD","Mobile","AU","AU","0","77","3","1379","false","0"
"MLTXN-000573","CUST-ML-0189","438","UPI","Mobile","IN","IN","0","14","2","655","false","0"
"MLTXN-000574","CUST-ML-0592","6728","NETBANKING","Desktop","CA","CA","1","860","32","2524","false","0"
"MLTXN-000575","CUST-ML-0107","678","BANK_TRANSFER","Mobile","CA","IN","0","14","3","716","false","0"
"MLTXN-000576","CUST-ML-0525","779","UPI","Mobile","US","US","0","776","10","901","false","0"
"MLTXN-000577","CUST-ML-0438","1481","WALLET","Mobile","IN","IN","0","508","11","1075","false","0"
"MLTXN-000578","CUST-ML-0007","1271","UPI","Tablet","AE","AE","1","793","18","1576","false","0"
"MLTXN-000579","CUST-ML-0381","543","BANK_TRANSFER","Mobile","IN","IN","1","867","15","666","false","0"
"MLTXN-000580","CUST-ML-0286","1446","NETBANKING","Mobile","IN","IN","0","19","1","866","false","0"
"MLTXN-000581","CUST-ML-0449","2758","CARD","Desktop","SG","IN","0","515","7","2239","false","1"
"MLTXN-000582","CUST-ML-0205","1069","WALLET","Desktop","IN","IN","1","573","12","1866","false","0"
"MLTXN-000583","CUST-ML-0366","844","CARD","Mobile","IN","IN","2","860","14","813","false","0"
"MLTXN-000584","CUST-ML-0457","921","CARD","Desktop","IN","IN","0","229","6","1503","false","0"
"MLTXN-000585","CUST-ML-0398","530","UPI","Mobile","IN","IN","1","12","1","826","true","1"
"MLTXN-000586","CUST-ML-0478","1571","UPI","Mobile","IN","IN","0","630","17","1289","false","0"
"MLTXN-000587","CUST-ML-0161","3357","UPI","Mobile","IN","IN","1","20","2","7372","false","1"
"MLTXN-000588","CUST-ML-0402","831","UPI","Desktop","AE","AE","0","16","2","940","false","0"
"MLTXN-000589","CUST-ML-0448","319","WALLET","Mobile","AU","AU","0","595","7","388","false","0"
"MLTXN-000590","CUST-ML-0284","773","NETBANKING","Desktop","US","US","0","913","9","797","false","0"
"MLTXN-000591","CUST-ML-0501","589","CARD","Mobile","US","US","1","714","27","1134","false","1"
"MLTXN-000592","CUST-ML-0124","520","NETBANKING","Mobile","IN","IN","0","54","3","2134","false","0"
"MLTXN-000593","CUST-ML-0379","1208","UPI","Desktop","IN","IN","0","158","7","1791","false","0"
"MLTXN-000594","CUST-ML-0167","800","CARD","Mobile","IN","IN","0","5","1","1338","true","0"
"MLTXN-000595","CUST-ML-0492","3195","UPI","Mobile","IN","IN","2","541","14","917","false","0"
"MLTXN-000596","CUST-ML-0587","1680","UPI","Desktop","IN","IN","1","553","15","2197","false","0"
"MLTXN-000597","CUST-ML-0445","1793","CARD","Mobile","AU","AU","0","15","1","765","false","0"
"MLTXN-000598","CUST-ML-0022","3692","CARD","Mobile","IN","IN","1","21","1","2424","false","0"
"MLTXN-000599","CUST-ML-0561","2394","WALLET","Mobile","GB","GB","0","78","1","480","false","0"
"MLTXN-000600","CUST-ML-0229","1649","UPI","Desktop","IN","IN","0","14","4","1188","false","0"
"MLTXN-000601","CUST-ML-0541","8016","UPI","Desktop","SA","SA","0","1116","25","878","false","1"
"MLTXN-000602","CUST-ML-0273","711","UPI","Mobile","IN","IN","0","421","9","446","false","0"
"MLTXN-000603","CUST-ML-0328","849","CARD","Tablet","US","US","0","21","2","767","false","0"
"MLTXN-000604","CUST-ML-0193","1736","UPI","Mobile","IN","IN","1","565","12","1373","false","0"
"MLTXN-000605","CUST-ML-0288","1748","CARD","Mobile","DE","DE","0","605","14","3194","false","0"
"MLTXN-000606","CUST-ML-0301","10512","BANK_TRANSFER","Mobile","US","US","1","938","21","11391","false","0"
"MLTXN-000607","CUST-ML-0352","3561","CARD","Desktop","IN","IN","0","3","3","1872","false","0"
"MLTXN-000608","CUST-ML-0548","1131","NETBANKING","Mobile","IN","IN","0","345","11","1444","false","0"
"MLTXN-000609","CUST-ML-0170","3307","CARD","Mobile","IN","IN","0","373","9","2933","false","0"
"MLTXN-000610","CUST-ML-0358","4437","UPI","Mobile","GB","GB","1","455","10","1869","false","0"
"MLTXN-000611","CUST-ML-0196","66174","CARD","Desktop","AE","IN","0","423","13","5034","false","1"
"MLTXN-000612","CUST-ML-0107","468","UPI","Mobile","IN","IN","2","14","4","518","false","0"
"MLTXN-000613","CUST-ML-0128","1342","NETBANKING","Mobile","IN","IN","0","39","3","1066","false","0"
"MLTXN-000614","CUST-ML-0456","408","CARD","Mobile","IN","IN","0","351","12","1509","false","0"
"MLTXN-000615","CUST-ML-0508","3103","UPI","Mobile","IN","IN","1","175","2","4062","false","0"
"MLTXN-000616","CUST-ML-0575","1860","CARD","Mobile","SA","SA","0","139","3","931","false","0"
"MLTXN-000617","CUST-ML-0455","1706","CARD","Desktop","IN","IN","0","1125","24","623","false","0"
"MLTXN-000618","CUST-ML-0588","1415","UPI","Desktop","IN","IN","0","507","13","2238","false","0"
"MLTXN-000619","CUST-ML-0115","350","UPI","Mobile","GB","GB","0","446","12","642","false","0"
"MLTXN-000620","CUST-ML-0033","461","CARD","Mobile","GB","GB","0","260","10","1338","false","0"
"MLTXN-000621","CUST-ML-0168","380","CARD","Mobile","GB","GB","0","809","27","326","false","0"
"MLTXN-000622","CUST-ML-0168","141","CARD","Mobile","GB","GB","1","809","28","369","false","0"
"MLTXN-000623","CUST-ML-0076","2185","NETBANKING","Mobile","IN","IN","0","196","5","2599","false","0"
"MLTXN-000624","CUST-ML-0449","10046","UPI","Desktop","IN","IN","0","515","8","2648","false","0"
"MLTXN-000625","CUST-ML-0197","1629","CARD","Mobile","IN","IN","0","13","2","1796","false","0"
"MLTXN-000626","CUST-ML-0468","1532","UPI","Mobile","IN","IN","2","244","8","2138","false","0"
"MLTXN-000627","CUST-ML-0278","2296","UPI","Mobile","IN","US","1","534","15","1932","false","0"
"MLTXN-000628","CUST-ML-0318","2355","NETBANKING","Desktop","IN","IN","0","750","25","3831","false","0"
"MLTXN-000629","CUST-ML-0201","539","UPI","Desktop","IN","IN","1","1259","32","670","false","0"
"MLTXN-000630","CUST-ML-0454","1168","NETBANKING","Mobile","IN","IN","2","8","2","890","false","0"
"MLTXN-000631","CUST-ML-0505","654","CARD","Mobile","IN","IN","0","493","19","500","false","1"
"MLTXN-000632","CUST-ML-0297","1605","UPI","Mobile","IN","US","0","12","3","982","false","0"
"MLTXN-000633","CUST-ML-0183","2050","CARD","Mobile","IN","IN","0","8","2","1590","false","0"
"MLTXN-000634","CUST-ML-0426","5475","UPI","Mobile","US","US","0","403","14","6074","false","0"
"MLTXN-000635","CUST-ML-0208","5550","CARD","Desktop","IN","IN","0","405","10","5788","false","0"
"MLTXN-000636","CUST-ML-0339","2390","NETBANKING","Mobile","IN","IN","1","593","16","2028","false","0"
"MLTXN-000637","CUST-ML-0050","1066","WALLET","Desktop","IN","IN","0","33","2","367","false","0"
"MLTXN-000638","CUST-ML-0529","462","UPI","Mobile","DE","DE","0","542","10","1183","false","0"
"MLTXN-000639","CUST-ML-0034","7312","NETBANKING","Desktop","IN","IN","1","1118","12","2764","false","1"
"MLTXN-000640","CUST-ML-0412","956","UPI","Mobile","IN","IN","6","590","14","968","false","0"
"MLTXN-000641","CUST-ML-0417","390","BANK_TRANSFER","Mobile","IN","IN","0","207","6","1028","false","0"
"MLTXN-000642","CUST-ML-0288","1365","CARD","Mobile","IN","DE","0","605","15","2371","false","0"
"MLTXN-000643","CUST-ML-0246","2162","UPI","Mobile","AU","AU","5","665","8","1653","false","0"
"MLTXN-000644","CUST-ML-0193","1689","UPI","Mobile","IN","IN","6","565","13","1367","false","0"
"MLTXN-000645","CUST-ML-0036","390","UPI","Desktop","IN","IN","0","947","10","579","false","0"
"MLTXN-000646","CUST-ML-0273","429","UPI","Mobile","IN","IN","0","421","10","450","false","0"
"MLTXN-000647","CUST-ML-0269","763","UPI","Mobile","GB","GB","1","1053","38","1005","false","0"
"MLTXN-000648","CUST-ML-0304","18598","CARD","Mobile","IN","IN","0","759","15","1568","false","0"
"MLTXN-000649","CUST-ML-0138","21657","CARD","Mobile","IN","IN","0","21","2","8708","false","0"
"MLTXN-000650","CUST-ML-0316","4385","CARD","Desktop","IN","IN","0","483","13","2935","false","0"
"MLTXN-000651","CUST-ML-0461","509","UPI","Mobile","AU","AU","1","534","15","618","false","0"
"MLTXN-000652","CUST-ML-0101","2668","CARD","Mobile","IN","IN","0","333","7","1584","false","0"
"MLTXN-000653","CUST-ML-0524","2754","CARD","Mobile","IN","IN","2","653","25","3483","false","0"
"MLTXN-000654","CUST-ML-0037","1926","NETBANKING","Tablet","IN","IN","0","121","3","3477","false","0"
"MLTXN-000655","CUST-ML-0138","22347","BANK_TRANSFER","Mobile","IN","IN","0","21","3","10843","false","0"
"MLTXN-000656","CUST-ML-0249","416","UPI","Mobile","IN","IN","1","21","1","518","false","0"
"MLTXN-000657","CUST-ML-0362","5141","NETBANKING","Desktop","IN","IN","0","126","5","724","false","0"
"MLTXN-000658","CUST-ML-0533","4876","CARD","Desktop","AE","AE","0","16","2","6831","false","1"
"MLTXN-000659","CUST-ML-0554","2650","UPI","Mobile","IN","IN","0","21","1","1960","false","0"
"MLTXN-000660","CUST-ML-0324","888","UPI","Mobile","IN","IN","1","21","2","1051","false","0"
"MLTXN-000661","CUST-ML-0241","7470","CARD","Mobile","IN","IN","2","9","0","3184","true","0"
"MLTXN-000662","CUST-ML-0500","1179","CARD","Desktop","SG","SG","1","309","7","1865","false","1"
"MLTXN-000663","CUST-ML-0162","1848","WALLET","Tablet","SG","SG","0","9","2","902","false","1"
"MLTXN-000664","CUST-ML-0434","1147","CARD","Mobile","US","US","0","575","22","1360","false","0"
"MLTXN-000665","CUST-ML-0470","384","BANK_TRANSFER","Mobile","IN","IN","0","870","30","711","false","0"
"MLTXN-000666","CUST-ML-0215","593","UPI","Mobile","IN","IN","0","284","9","638","false","0"
"MLTXN-000667","CUST-ML-0441","569","UPI","Mobile","AE","IN","0","595","13","972","false","0"
"MLTXN-000668","CUST-ML-0557","692","UPI","Mobile","IN","US","2","3","3","1245","false","1"
"MLTXN-000669","CUST-ML-0278","2997","CARD","Mobile","US","US","0","534","16","2449","false","0"
"MLTXN-000670","CUST-ML-0315","2757","CARD","Mobile","US","US","0","82","3","1595","false","0"
"MLTXN-000671","CUST-ML-0241","3227","CARD","Mobile","IN","IN","0","9","1","3806","true","0"
"MLTXN-000672","CUST-ML-0280","855","UPI","Mobile","IN","IN","1","13","2","643","false","0"
"MLTXN-000673","CUST-ML-0261","29179","UPI","Desktop","IN","IN","1","385","5","4072","false","1"
"MLTXN-000674","CUST-ML-0186","7763","UPI","Tablet","AE","IN","6","8","1","8084","true","0"
"MLTXN-000675","CUST-ML-0006","414","UPI","Mobile","IN","IN","1","204","7","359","false","0"
"MLTXN-000676","CUST-ML-0446","2911","UPI","Mobile","SA","IN","0","8","1","2711","true","0"
"MLTXN-000677","CUST-ML-0186","9322","WALLET","Tablet","IN","IN","0","8","2","5821","false","0"
"MLTXN-000678","CUST-ML-0059","991","NETBANKING","Mobile","SA","SA","1","408","7","2643","false","0"
"MLTXN-000679","CUST-ML-0528","712","UPI","Desktop","IN","IN","0","594","20","486","false","0"
"MLTXN-000680","CUST-ML-0208","4184","UPI","Desktop","IN","IN","1","405","11","8247","false","0"
"MLTXN-000681","CUST-ML-0274","2197","NETBANKING","Mobile","IN","IN","0","531","12","2289","false","0"
"MLTXN-000682","CUST-ML-0508","5498","CARD","Mobile","US","IN","0","175","3","3209","false","0"
"MLTXN-000683","CUST-ML-0467","1232","CARD","Desktop","AU","US","0","886","34","1939","false","0"
"MLTXN-000684","CUST-ML-0016","4807","UPI","Mobile","GB","GB","0","740","17","3886","false","0"
"MLTXN-000685","CUST-ML-0010","593","BANK_TRANSFER","Mobile","US","US","1","20","3","595","false","0"
"MLTXN-000686","CUST-ML-0078","1187","WALLET","Desktop","IN","IN","0","559","16","1199","false","0"
"MLTXN-000687","CUST-ML-0200","480","UPI","Mobile","AE","AE","0","21","3","953","false","0"
"MLTXN-000688","CUST-ML-0094","8109","BANK_TRANSFER","Mobile","IN","IN","1","4","3","4599","false","0"
"MLTXN-000689","CUST-ML-0577","6762","CARD","Mobile","IN","IN","0","555","14","2937","false","1"
"MLTXN-000690","CUST-ML-0363","4623","UPI","Mobile","SG","SG","0","661","18","4472","false","0"
"MLTXN-000691","CUST-ML-0011","2658","CARD","Mobile","US","US","0","584","21","1697","false","0"
"MLTXN-000692","CUST-ML-0152","5658","UPI","Mobile","IN","IN","0","170","6","2890","false","0"
"MLTXN-000693","CUST-ML-0597","2539","UPI","Mobile","AE","AE","0","773","15","2493","false","0"
"MLTXN-000694","CUST-ML-0157","573","CARD","Desktop","DE","DE","0","802","21","824","false","0"
"MLTXN-000695","CUST-ML-0474","1025","UPI","Mobile","IN","IN","0","937","33","1957","false","0"
"MLTXN-000696","CUST-ML-0413","2488","UPI","Mobile","US","US","0","6","2","1636","false","0"
"MLTXN-000697","CUST-ML-0318","4359","CARD","Desktop","IN","IN","0","750","26","4624","false","1"
"MLTXN-000698","CUST-ML-0089","3115","CARD","Desktop","IN","IN","0","730","8","4460","false","0"
"MLTXN-000699","CUST-ML-0543","1357","NETBANKING","Mobile","IN","IN","0","317","10","1879","false","0"
"MLTXN-000700","CUST-ML-0462","2297","CARD","Desktop","IN","IN","0","580","22","1565","false","0"
"MLTXN-000701","CUST-ML-0112","567","CARD","Desktop","IN","IN","1","434","5","777","false","0"
"MLTXN-000702","CUST-ML-0267","2834","UPI","Mobile","IN","IN","0","377","8","1699","false","0"
"MLTXN-000703","CUST-ML-0088","3678","UPI","Mobile","IN","IN","1","4","5","1738","false","0"
"MLTXN-000704","CUST-ML-0579","1524","NETBANKING","Desktop","IN","IN","0","11","1","895","true","1"
"MLTXN-000705","CUST-ML-0241","3383","UPI","Mobile","IN","IN","0","9","2","3257","false","0"
"MLTXN-000706","CUST-ML-0101","1104","CARD","Desktop","IN","IN","1","333","8","1885","false","1"
"MLTXN-000707","CUST-ML-0058","2918","BANK_TRANSFER","Mobile","AU","AU","1","344","10","1647","false","0"
"MLTXN-000708","CUST-ML-0017","325","CARD","Mobile","IN","IN","0","521","8","1114","false","0"
"MLTXN-000709","CUST-ML-0414","18965","UPI","Mobile","IN","IN","0","499","8","4278","false","0"
"MLTXN-000710","CUST-ML-0387","2460","UPI","Mobile","IN","IN","0","638","12","2009","false","0"
"MLTXN-000711","CUST-ML-0385","3073","WALLET","Mobile","SG","SG","0","859","20","5265","false","0"
"MLTXN-000712","CUST-ML-0491","1249","WALLET","Mobile","DE","DE","0","460","11","1538","false","0"
"MLTXN-000713","CUST-ML-0224","1790","UPI","Desktop","IN","IN","0","227","4","1448","false","0"
"MLTXN-000714","CUST-ML-0550","9352","BANK_TRANSFER","Desktop","IN","IN","2","698","8","4533","false","0"
"MLTXN-000715","CUST-ML-0425","3679","NETBANKING","Mobile","IN","IN","0","384","14","1599","false","0"
"MLTXN-000716","CUST-ML-0272","2291","WALLET","Mobile","US","US","2","11","4","5143","false","0"
"MLTXN-000717","CUST-ML-0320","980","WALLET","Mobile","IN","IN","0","379","14","815","false","0"
"MLTXN-000718","CUST-ML-0187","846","NETBANKING","Mobile","IN","IN","1","1333","33","729","false","0"
"MLTXN-000719","CUST-ML-0451","1623","CARD","Mobile","CA","CA","0","923","25","921","false","0"
"MLTXN-000720","CUST-ML-0096","7708","NETBANKING","Mobile","IN","IN","2","185","5","2867","false","0"
"MLTXN-000721","CUST-ML-0129","2409","NETBANKING","Mobile","DE","DE","0","1094","15","3564","false","0"
"MLTXN-000722","CUST-ML-0222","2161","UPI","Mobile","IN","IN","0","109","3","1835","false","0"
"MLTXN-000723","CUST-ML-0456","726","CARD","Mobile","IN","IN","0","351","13","1398","false","0"
"MLTXN-000724","CUST-ML-0467","642","CARD","Desktop","US","US","0","886","35","2036","false","0"
"MLTXN-000725","CUST-ML-0490","3689","CARD","Mobile","CA","CA","2","33","3","2146","false","1"
"MLTXN-000726","CUST-ML-0294","512","NETBANKING","Mobile","IN","IN","0","538","21","637","false","0"
"MLTXN-000727","CUST-ML-0054","1927","CARD","Mobile","AU","AU","0","359","10","2018","false","0"
"MLTXN-000728","CUST-ML-0284","982","NETBANKING","Desktop","IN","US","0","913","10","774","false","1"
"MLTXN-000729","CUST-ML-0345","10191","NETBANKING","Mobile","US","US","0","942","34","2241","false","0"
"MLTXN-000730","CUST-ML-0330","1144","UPI","Mobile","IN","IN","0","775","29","1256","false","0"
"MLTXN-000731","CUST-ML-0201","384","UPI","Mobile","IN","IN","1","1259","33","765","false","0"
"MLTXN-000732","CUST-ML-0028","2917","CARD","Desktop","GB","IN","0","858","25","2843","false","0"
"MLTXN-000733","CUST-ML-0288","1233","CARD","Mobile","DE","DE","0","605","16","2152","false","0"
"MLTXN-000734","CUST-ML-0189","582","UPI","Mobile","IN","IN","1","14","3","816","false","0"
"MLTXN-000735","CUST-ML-0398","567","UPI","Mobile","IN","IN","1","12","2","815","false","0"
"MLTXN-000736","CUST-ML-0348","1721","BANK_TRANSFER","Mobile","IN","IN","0","959","21","1733","false","0"
"MLTXN-000737","CUST-ML-0520","1137","CARD","Mobile","IN","IN","0","896","17","1926","false","0"
"MLTXN-000738","CUST-ML-0123","1259","CARD","Mobile","IN","IN","1","1189","11","1242","false","0"
"MLTXN-000739","CUST-ML-0478","515","WALLET","Mobile","IN","IN","1","630","18","1229","false","0"
"MLTXN-000740","CUST-ML-0491","2688","UPI","Mobile","DE","DE","0","460","12","1571","false","0"
"MLTXN-000741","CUST-ML-0525","669","UPI","Desktop","US","US","0","776","11","963","false","0"
"MLTXN-000742","CUST-ML-0205","1367","CARD","Desktop","IN","IN","5","573","13","2057","false","0"
"MLTXN-000743","CUST-ML-0203","6464","CARD","Mobile","SA","SA","0","598","7","6585","false","0"
"MLTXN-000744","CUST-ML-0288","776","UPI","Mobile","DE","DE","0","605","17","2048","false","0"
"MLTXN-000745","CUST-ML-0513","3536","UPI","Desktop","IN","IN","0","578","19","6887","false","0"
"MLTXN-000746","CUST-ML-0113","746","CARD","Mobile","IN","IN","0","551","22","1735","false","0"
"MLTXN-000747","CUST-ML-0233","2255","WALLET","Mobile","IN","IN","0","247","8","1223","false","0"
"MLTXN-000748","CUST-ML-0263","1585","UPI","Tablet","IN","IN","0","310","4","2125","false","0"
"MLTXN-000749","CUST-ML-0310","2779","CARD","Desktop","US","IN","0","21","1","2898","false","0"
"MLTXN-000750","CUST-ML-0574","1239","WALLET","Mobile","IN","IN","0","352","6","2113","false","0"
"MLTXN-000751","CUST-ML-0198","5305","NETBANKING","Mobile","IN","IN","1","307","9","6434","false","0"
"MLTXN-000752","CUST-ML-0272","2586","UPI","Mobile","US","US","0","11","5","3009","false","0"
"MLTXN-000753","CUST-ML-0096","1045","UPI","Mobile","IN","IN","1","185","6","4179","false","0"
"MLTXN-000754","CUST-ML-0446","505","UPI","Mobile","IN","IN","0","8","2","2342","false","0"
"MLTXN-000755","CUST-ML-0469","2695","CARD","Mobile","IN","IN","0","288","7","2838","false","0"
"MLTXN-000756","CUST-ML-0190","898","UPI","Mobile","IN","IN","0","173","9","1559","false","0"
"MLTXN-000757","CUST-ML-0424","3304","CARD","Desktop","IN","IN","0","957","35","3458","false","0"
"MLTXN-000758","CUST-ML-0122","700","NETBANKING","Mobile","IN","IN","1","41","2","402","false","0"
"MLTXN-000759","CUST-ML-0129","3891","NETBANKING","Mobile","IN","DE","0","1094","16","3921","false","0"
"MLTXN-000760","CUST-ML-0200","819","UPI","Desktop","AE","AE","1","21","4","823","false","0"
"MLTXN-000761","CUST-ML-0152","7340","UPI","Mobile","IN","IN","0","170","7","3144","false","0"
"MLTXN-000762","CUST-ML-0128","984","NETBANKING","Mobile","IN","IN","1","39","4","1381","false","0"
"MLTXN-000763","CUST-ML-0393","1497","CARD","Mobile","AE","AE","0","21","1","1291","false","0"
"MLTXN-000764","CUST-ML-0182","3408","WALLET","Desktop","IN","IN","0","639","20","3032","false","0"
"MLTXN-000765","CUST-ML-0126","4800","UPI","Desktop","IN","IN","0","734","27","5427","false","0"
"MLTXN-000766","CUST-ML-0030","1168","UPI","Desktop","IN","IN","0","723","13","1275","false","1"
"MLTXN-000767","CUST-ML-0121","2990","CARD","Mobile","IN","IN","0","21","1","3417","false","0"
"MLTXN-000768","CUST-ML-0442","3223","NETBANKING","Mobile","AE","AE","0","157","7","5457","false","1"
"MLTXN-000769","CUST-ML-0507","495","WALLET","Mobile","IN","IN","1","377","11","691","false","0"
"MLTXN-000770","CUST-ML-0188","549","CARD","Mobile","IN","IN","0","21","2","1646","false","0"
"MLTXN-000771","CUST-ML-0086","1533","CARD","Mobile","SG","SG","0","525","16","1520","false","0"
"MLTXN-000772","CUST-ML-0013","232","CARD","Mobile","CA","CA","3","418","14","339","false","1"
"MLTXN-000773","CUST-ML-0274","2463","CARD","Mobile","IN","IN","0","531","13","2327","false","0"
"MLTXN-000774","CUST-ML-0456","12954","CARD","Mobile","IN","IN","0","351","14","1342","false","0"
"MLTXN-000775","CUST-ML-0270","16845","UPI","Mobile","GB","GB","0","21","2","9833","false","0"
"MLTXN-000776","CUST-ML-0597","5177","WALLET","Mobile","AE","AE","0","773","16","2174","false","0"
"MLTXN-000777","CUST-ML-0475","2058","NETBANKING","Mobile","IN","IN","3","18","4","1644","false","0"
"MLTXN-000778","CUST-ML-0417","1494","BANK_TRANSFER","Mobile","IN","IN","0","207","7","1110","false","0"
"MLTXN-000779","CUST-ML-0297","924","WALLET","Mobile","US","US","2","12","4","1815","false","1"
"MLTXN-000780","CUST-ML-0160","2484","UPI","Mobile","US","US","0","412","7","2583","false","0"
"MLTXN-000781","CUST-ML-0254","7280","CARD","Tablet","IN","IN","0","851","30","3235","false","0"
"MLTXN-000782","CUST-ML-0206","5755","CARD","Desktop","AE","AE","0","21","3","4474","false","1"
"MLTXN-000783","CUST-ML-0231","925","UPI","Mobile","IN","IN","2","464","13","1591","false","0"
"MLTXN-000784","CUST-ML-0022","2918","CARD","Desktop","IN","IN","1","21","2","2396","false","0"
"MLTXN-000785","CUST-ML-0436","2273","UPI","Mobile","IN","IN","0","3","1","2893","true","0"
"MLTXN-000786","CUST-ML-0449","3356","UPI","Desktop","IN","IN","0","515","9","2705","false","0"
"MLTXN-000787","CUST-ML-0325","4924","UPI","Desktop","GB","IN","0","769","22","7833","false","1"
"MLTXN-000788","CUST-ML-0344","817","CARD","Mobile","SA","SA","0","209","7","938","false","0"
"MLTXN-000789","CUST-ML-0211","1955","WALLET","Mobile","IN","IN","1","528","5","1927","false","0"
"MLTXN-000790","CUST-ML-0076","1471","NETBANKING","Mobile","IN","IN","0","196","6","1969","false","0"
"MLTXN-000791","CUST-ML-0577","2317","NETBANKING","Mobile","IN","IN","0","555","15","3383","false","0"
"MLTXN-000792","CUST-ML-0189","562","UPI","Mobile","IN","IN","0","14","4","902","false","0"
"MLTXN-000793","CUST-ML-0368","1411","UPI","Mobile","IN","IN","0","1041","29","1036","false","0"
"MLTXN-000794","CUST-ML-0439","823","NETBANKING","Mobile","IN","IN","0","348","14","1168","false","0"
"MLTXN-000795","CUST-ML-0462","1108","NETBANKING","Desktop","IN","IN","0","580","23","1762","false","0"
"MLTXN-000796","CUST-ML-0256","1852","UPI","Mobile","IN","IN","2","1020","13","1684","false","0"
"MLTXN-000797","CUST-ML-0583","2077","NETBANKING","Mobile","IN","IN","0","599","16","1691","false","0"
"MLTXN-000798","CUST-ML-0211","1867","CARD","Mobile","IN","IN","0","528","6","1194","false","0"
"MLTXN-000799","CUST-ML-0058","1398","UPI","Mobile","AU","AU","1","344","11","2378","false","0"
"MLTXN-000800","CUST-ML-0181","1863","UPI","Mobile","IN","IN","0","318","10","808","false","0"
"MLTXN-000801","CUST-ML-0589","3681","CARD","Tablet","IN","IN","0","1066","36","3290","false","0"
"MLTXN-000802","CUST-ML-0220","1614","CARD","Mobile","SG","SG","2","475","9","816","false","1"
"MLTXN-000803","CUST-ML-0500","1977","UPI","Mobile","SG","SG","0","309","8","1862","false","0"
"MLTXN-000804","CUST-ML-0326","2164","CARD","Mobile","IN","IN","1","6","1","758","true","1"
"MLTXN-000805","CUST-ML-0591","22665","UPI","Desktop","SG","IN","0","741","6","2010","false","1"
"MLTXN-000806","CUST-ML-0504","8943","CARD","Desktop","IN","IN","0","193","6","3902","false","0"
"MLTXN-000807","CUST-ML-0551","1505","UPI","Mobile","IN","IN","0","124","3","1048","false","0"
"MLTXN-000808","CUST-ML-0456","14049","CARD","Mobile","IN","IN","1","351","15","1507","false","0"
"MLTXN-000809","CUST-ML-0155","1746","CARD","Mobile","CA","CA","1","384","6","1806","false","0"
"MLTXN-000810","CUST-ML-0093","4476","NETBANKING","Mobile","IN","IN","0","664","8","2229","false","0"
"MLTXN-000811","CUST-ML-0487","762","CARD","Desktop","IN","IN","1","329","11","1336","false","0"
"MLTXN-000812","CUST-ML-0592","2841","UPI","Desktop","CA","CA","0","860","33","2888","false","0"
"MLTXN-000813","CUST-ML-0568","3784","UPI","Desktop","IN","IN","2","307","6","1325","false","0"
"MLTXN-000814","CUST-ML-0007","2341","CARD","Desktop","AE","AE","0","793","19","1564","false","0"
"MLTXN-000815","CUST-ML-0407","298","CARD","Mobile","IN","IN","0","1","2","566","false","0"
"MLTXN-000816","CUST-ML-0382","4962","UPI","Desktop","AE","AE","0","327","7","10388","false","0"
"MLTXN-000817","CUST-ML-0429","2186","WALLET","Desktop","IN","IN","0","79","3","1622","false","0"
"MLTXN-000818","CUST-ML-0416","170","CARD","Mobile","US","US","0","655","14","383","false","0"
"MLTXN-000819","CUST-ML-0516","22164","WALLET","Desktop","IN","IN","2","353","11","1358","false","0"
"MLTXN-000820","CUST-ML-0228","1437","CARD","Mobile","IN","IN","0","870","18","2028","false","0"
"MLTXN-000821","CUST-ML-0183","1474","UPI","Mobile","IN","IN","0","8","3","2416","false","0"
"MLTXN-000822","CUST-ML-0352","2134","CARD","Desktop","IN","IN","0","3","4","1911","false","0"
"MLTXN-000823","CUST-ML-0209","911","CARD","Desktop","IN","IN","1","18","2","1571","false","1"
"MLTXN-000824","CUST-ML-0102","1245","BANK_TRANSFER","Mobile","AE","AE","0","748","17","737","false","1"
"MLTXN-000825","CUST-ML-0430","695","CARD","Mobile","SG","SG","0","1402","15","1054","false","0"
"MLTXN-000826","CUST-ML-0277","10400","UPI","Mobile","SG","SG","0","731","10","4113","false","0"
"MLTXN-000827","CUST-ML-0217","341","CARD","Tablet","IN","US","0","141","4","753","false","0"
"MLTXN-000828","CUST-ML-0309","1444","CARD","Mobile","IN","IN","0","643","7","4092","false","0"
"MLTXN-000829","CUST-ML-0255","1203","UPI","Mobile","US","US","0","832","24","909","false","0"
"MLTXN-000830","CUST-ML-0182","1507","CARD","Desktop","IN","IN","0","639","21","3224","false","0"
"MLTXN-000831","CUST-ML-0222","564","UPI","Mobile","IN","IN","0","109","4","2076","false","0"
"MLTXN-000832","CUST-ML-0508","10459","UPI","Mobile","IN","IN","0","175","4","3684","false","0"
"MLTXN-000833","CUST-ML-0112","1652","CARD","Desktop","IN","IN","0","434","6","958","false","0"
"MLTXN-000834","CUST-ML-0367","2074","NETBANKING","Mobile","IN","IN","0","564","6","1184","false","0"
"MLTXN-000835","CUST-ML-0297","398","UPI","Mobile","US","US","0","12","5","1832","false","1"
"MLTXN-000836","CUST-ML-0037","2743","NETBANKING","Tablet","IN","IN","0","121","4","3573","false","1"
"MLTXN-000837","CUST-ML-0439","655","NETBANKING","Mobile","IN","IN","2","348","15","1157","false","0"
"MLTXN-000838","CUST-ML-0492","709","NETBANKING","Mobile","IN","IN","0","541","15","2069","false","0"
"MLTXN-000839","CUST-ML-0374","2818","UPI","Desktop","IN","IN","0","630","21","1888","false","0"
"MLTXN-000840","CUST-ML-0380","15295","UPI","Desktop","IN","IN","0","13","2","11899","false","0"
"MLTXN-000841","CUST-ML-0316","2032","UPI","Desktop","IN","IN","0","483","14","2069","false","1"
"MLTXN-000842","CUST-ML-0314","13463","UPI","Tablet","IN","IN","0","638","17","1909","false","0"
"MLTXN-000843","CUST-ML-0222","2831","UPI","Mobile","IN","IN","0","109","5","2072","false","0"
"MLTXN-000844","CUST-ML-0405","13578","NETBANKING","Mobile","AE","AE","0","450","12","6186","false","0"
"MLTXN-000845","CUST-ML-0221","3469","WALLET","Mobile","IN","IN","0","208","2","3089","false","0"
"MLTXN-000846","CUST-ML-0209","2161","UPI","Desktop","GB","IN","0","18","3","1379","false","1"
"MLTXN-000847","CUST-ML-0027","203","CARD","Tablet","SG","SG","1","699","20","484","false","0"
"MLTXN-000848","CUST-ML-0136","1577","CARD","Desktop","IN","IN","0","847","9","1790","false","1"
"MLTXN-000849","CUST-ML-0144","579","CARD","Mobile","GB","GB","0","973","36","1032","false","0"
"MLTXN-000850","CUST-ML-0042","4484","CARD","Mobile","US","US","1","1097","33","2075","false","0"
"MLTXN-000851","CUST-ML-0115","493","UPI","Mobile","GB","GB","0","446","13","676","false","0"
"MLTXN-000852","CUST-ML-0294","631","CARD","Mobile","IN","IN","1","538","22","663","false","1"
"MLTXN-000853","CUST-ML-0132","1571","CARD","Mobile","IN","IN","0","609","15","1363","false","0"
"MLTXN-000854","CUST-ML-0089","3890","CARD","Desktop","IN","IN","0","730","9","2777","false","0"
"MLTXN-000855","CUST-ML-0300","510","NETBANKING","Mobile","AE","IN","2","565","15","425","false","0"
"MLTXN-000856","CUST-ML-0547","2253","NETBANKING","Mobile","GB","GB","0","514","14","3054","false","0"
"MLTXN-000857","CUST-ML-0458","1695","NETBANKING","Desktop","SG","SG","0","782","16","2345","false","0"
"MLTXN-000858","CUST-ML-0322","3783","CARD","Mobile","IN","IN","0","18","2","3386","false","0"
"MLTXN-000859","CUST-ML-0247","1782","NETBANKING","Desktop","IN","IN","0","167","5","2367","false","0"
"MLTXN-000860","CUST-ML-0077","1938","NETBANKING","Mobile","IN","IN","0","228","9","3068","false","0"
"MLTXN-000861","CUST-ML-0027","885","CARD","Tablet","SG","SG","2","699","21","398","false","0"
"MLTXN-000862","CUST-ML-0108","948","CARD","Mobile","CA","IN","2","500","7","1943","false","0"
"MLTXN-000863","CUST-ML-0342","390","CARD","Mobile","AE","AE","0","20","4","1162","false","1"
"MLTXN-000864","CUST-ML-0557","1188","NETBANKING","Desktop","US","US","0","3","4","1521","false","0"
"MLTXN-000865","CUST-ML-0008","2685","UPI","Mobile","US","US","0","21","1","834","false","1"
"MLTXN-000866","CUST-ML-0527","1472","UPI","Desktop","IN","IN","1","468","12","1464","false","0"
"MLTXN-000867","CUST-ML-0251","441","NETBANKING","Mobile","IN","IN","0","957","26","810","false","0"
"MLTXN-000868","CUST-ML-0243","2098","CARD","Mobile","IN","IN","1","430","5","2546","false","0"
"MLTXN-000869","CUST-ML-0053","1584","UPI","Desktop","IN","IN","0","1406","50","1720","false","0"
"MLTXN-000870","CUST-ML-0537","1498","UPI","Desktop","IN","IN","4","327","7","2070","false","0"
"MLTXN-000871","CUST-ML-0244","1507","UPI","Tablet","IN","IN","1","515","20","1064","false","0"
"MLTXN-000872","CUST-ML-0536","834","NETBANKING","Desktop","SA","SA","1","4","2","575","false","0"
"MLTXN-000873","CUST-ML-0394","4163","UPI","Mobile","IN","IN","0","455","19","3120","false","0"
"MLTXN-000874","CUST-ML-0330","487","CARD","Mobile","AU","IN","0","775","30","1057","false","0"
"MLTXN-000875","CUST-ML-0162","2396","WALLET","Mobile","SG","SG","0","9","3","810","false","1"
"MLTXN-000876","CUST-ML-0001","2197","UPI","Desktop","IN","IN","1","232","7","2648","false","0"
"MLTXN-000877","CUST-ML-0322","4631","CARD","Mobile","IN","IN","0","18","3","3534","false","0"
"MLTXN-000878","CUST-ML-0162","956","WALLET","Mobile","SG","SG","0","9","4","981","false","0"
"MLTXN-000879","CUST-ML-0072","872","NETBANKING","Mobile","CA","CA","0","424","9","1097","false","1"
"MLTXN-000880","CUST-ML-0142","4225","WALLET","Mobile","AU","AU","0","1084","17","995","false","0"
"MLTXN-000881","CUST-ML-0600","4613","CARD","Desktop","SG","SG","0","157","8","4371","false","0"
"MLTXN-000882","CUST-ML-0229","5384","CARD","Desktop","IN","IN","1","14","5","1924","false","1"
"MLTXN-000883","CUST-ML-0468","772","UPI","Mobile","IN","IN","0","244","9","1719","false","0"
"MLTXN-000884","CUST-ML-0459","1646","UPI","Mobile","IN","IN","0","359","8","1408","false","0"
"MLTXN-000885","CUST-ML-0173","3232","CARD","Mobile","US","US","0","469","15","2735","false","0"
"MLTXN-000886","CUST-ML-0372","2038","UPI","Mobile","IN","IN","0","431","9","2245","false","0"
"MLTXN-000887","CUST-ML-0375","5339","UPI","Desktop","IN","IN","0","183","3","8520","false","0"
"MLTXN-000888","CUST-ML-0346","1632","UPI","Desktop","US","US","0","279","3","3334","false","0"
"MLTXN-000889","CUST-ML-0230","8382","UPI","Mobile","IN","IN","2","470","8","1319","false","1"
"MLTXN-000890","CUST-ML-0576","1990","CARD","Mobile","IN","IN","0","669","14","1400","false","1"
"MLTXN-000891","CUST-ML-0164","7152","UPI","Tablet","IN","IN","0","150","4","3992","false","0"
"MLTXN-000892","CUST-ML-0585","2158","UPI","Mobile","IN","IN","2","547","10","1767","false","0"
"MLTXN-000893","CUST-ML-0049","639","CARD","Mobile","US","US","0","486","13","898","false","0"
"MLTXN-000894","CUST-ML-0031","9275","NETBANKING","Mobile","SG","IN","0","17","2","12682","false","0"
"MLTXN-000895","CUST-ML-0478","2772","UPI","Mobile","IN","IN","0","630","19","958","false","0"
"MLTXN-000896","CUST-ML-0270","10977","CARD","Mobile","GB","GB","0","21","3","10947","false","0"
"MLTXN-000897","CUST-ML-0581","1505","UPI","Desktop","AU","AU","0","620","24","1044","false","0"
"MLTXN-000898","CUST-ML-0519","973","CARD","Mobile","CA","CA","0","69","5","1413","false","0"
"MLTXN-000899","CUST-ML-0071","2590","WALLET","Mobile","IN","IN","0","21","4","2446","false","0"
"MLTXN-000900","CUST-ML-0530","13590","UPI","Desktop","IN","IN","2","558","9","5008","false","0"
"MLTXN-000901","CUST-ML-0083","2364","WALLET","Desktop","AE","AE","0","601","17","3555","false","0"
"MLTXN-000902","CUST-ML-0296","567","UPI","Desktop","IN","IN","0","373","11","2701","false","0"
"MLTXN-000903","CUST-ML-0326","903","UPI","Mobile","IN","IN","6","6","2","1053","false","0"
"MLTXN-000904","CUST-ML-0197","3808","CARD","Mobile","IN","IN","0","13","3","1897","false","0"
"MLTXN-000905","CUST-ML-0111","2838","UPI","Tablet","DE","DE","1","756","16","1629","false","0"
"MLTXN-000906","CUST-ML-0541","1167","NETBANKING","Desktop","IN","SA","0","1116","26","1149","false","0"
"MLTXN-000907","CUST-ML-0555","5138","CARD","Mobile","IN","IN","1","314","12","2010","false","0"
"MLTXN-000908","CUST-ML-0490","827","CARD","Mobile","CA","CA","1","33","4","2441","false","0"
"MLTXN-000909","CUST-ML-0287","2545","UPI","Mobile","SA","SA","2","21","3","4546","false","0"
"MLTXN-000910","CUST-ML-0124","1258","NETBANKING","Mobile","IN","IN","2","54","4","1664","false","0"
"MLTXN-000911","CUST-ML-0020","333","UPI","Mobile","AE","AE","2","279","8","213","false","0"
"MLTXN-000912","CUST-ML-0569","15506","UPI","Mobile","US","US","0","624","8","5546","false","0"
"MLTXN-000913","CUST-ML-0292","4187","CARD","Mobile","DE","DE","0","11","1","3162","true","0"
"MLTXN-000914","CUST-ML-0011","1577","CARD","Mobile","US","US","0","584","22","1638","false","0"
"MLTXN-000915","CUST-ML-0423","110","WALLET","Mobile","IN","IN","0","9","3","374","false","0"
"MLTXN-000916","CUST-ML-0001","3455","UPI","Mobile","IN","IN","2","232","8","3297","false","0"
"MLTXN-000917","CUST-ML-0033","2760","CARD","Mobile","GB","GB","0","260","11","1409","false","0"
"MLTXN-000918","CUST-ML-0200","840","UPI","Desktop","AE","AE","0","21","5","788","false","0"
"MLTXN-000919","CUST-ML-0597","1260","UPI","Mobile","AE","AE","0","773","17","2315","false","0"
"MLTXN-000920","CUST-ML-0255","1332","UPI","Mobile","US","US","1","832","25","1086","false","0"
"MLTXN-000921","CUST-ML-0356","2205","UPI","Mobile","US","US","0","551","20","3797","false","0"
"MLTXN-000922","CUST-ML-0026","1709","CARD","Mobile","US","US","0","772","15","2270","false","1"
"MLTXN-000923","CUST-ML-0573","1276","CARD","Desktop","IN","IN","0","189","3","1495","false","0"
"MLTXN-000924","CUST-ML-0264","841","CARD","Mobile","IN","IN","0","331","7","1082","false","0"
"MLTXN-000925","CUST-ML-0337","464","UPI","Desktop","IN","IN","0","21","3","607","false","1"
"MLTXN-000926","CUST-ML-0124","975","NETBANKING","Mobile","IN","IN","0","54","5","1574","false","0"
"MLTXN-000927","CUST-ML-0417","523","CARD","Mobile","IN","IN","0","207","8","1239","false","0"
"MLTXN-000928","CUST-ML-0317","519","CARD","Mobile","IN","IN","1","142","5","655","false","0"
"MLTXN-000929","CUST-ML-0223","1074","CARD","Mobile","IN","IN","0","607","13","1762","false","0"
"MLTXN-000930","CUST-ML-0205","1103","UPI","Desktop","IN","IN","0","573","14","3079","false","0"
"MLTXN-000931","CUST-ML-0354","1305","WALLET","Mobile","IN","IN","0","279","7","686","false","0"
"MLTXN-000932","CUST-ML-0158","772","WALLET","Mobile","US","US","0","857","7","1163","false","0"
"MLTXN-000933","CUST-ML-0421","1187","CARD","Mobile","IN","IN","0","955","28","1036","false","0"
"MLTXN-000934","CUST-ML-0036","600","UPI","Mobile","IN","IN","0","947","11","448","false","0"
"MLTXN-000935","CUST-ML-0094","4466","UPI","Mobile","IN","IN","0","4","4","5517","false","0"
"MLTXN-000936","CUST-ML-0151","5681","UPI","Mobile","IN","IN","1","868","21","2607","false","0"
"MLTXN-000937","CUST-ML-0424","4669","CARD","Mobile","IN","IN","0","957","36","4871","false","0"
"MLTXN-000938","CUST-ML-0392","981","NETBANKING","Desktop","IN","IN","1","921","22","946","false","0"
"MLTXN-000939","CUST-ML-0593","2956","CARD","Mobile","IN","IN","1","723","25","2929","false","0"
"MLTXN-000940","CUST-ML-0250","1294","UPI","Tablet","IN","IN","0","235","10","1826","false","1"
"MLTXN-000941","CUST-ML-0022","2668","CARD","Desktop","IN","IN","0","21","3","2124","false","0"
"MLTXN-000942","CUST-ML-0067","539","UPI","Desktop","IN","IN","0","21","3","826","false","0"
"MLTXN-000943","CUST-ML-0003","13954","NETBANKING","Mobile","AU","AU","0","21","1","4740","false","0"
"MLTXN-000944","CUST-ML-0185","4754","CARD","Mobile","IN","IN","0","404","8","4262","false","0"
"MLTXN-000945","CUST-ML-0315","925","CARD","Mobile","US","US","0","82","4","1520","false","0"
"MLTXN-000946","CUST-ML-0507","524","WALLET","Mobile","IN","IN","1","377","12","818","false","1"
"MLTXN-000947","CUST-ML-0593","8271","CARD","Mobile","IN","IN","0","723","26","2602","false","0"
"MLTXN-000948","CUST-ML-0244","523","NETBANKING","Tablet","IN","IN","0","515","21","967","false","0"
"MLTXN-000949","CUST-ML-0075","1942","CARD","Mobile","IN","IN","0","594","15","2186","false","0"
"MLTXN-000950","CUST-ML-0086","1130","CARD","Desktop","SG","SG","4","525","17","967","false","0"
"MLTXN-000951","CUST-ML-0472","719","UPI","Desktop","IN","IN","5","1165","29","817","false","1"
"MLTXN-000952","CUST-ML-0094","2719","UPI","Mobile","IN","IN","0","4","5","3810","false","0"
"MLTXN-000953","CUST-ML-0549","592","CARD","Mobile","IN","IN","0","20","2","285","false","0"
"MLTXN-000954","CUST-ML-0222","802","UPI","Mobile","IN","IN","4","109","6","1846","false","0"
"MLTXN-000955","CUST-ML-0285","1937","UPI","Mobile","IN","IN","0","553","11","785","false","0"
"MLTXN-000956","CUST-ML-0354","8335","WALLET","Mobile","IN","IN","1","279","8","549","false","0"
"MLTXN-000957","CUST-ML-0291","2035","UPI","Mobile","IN","IN","0","579","15","2016","false","0"
"MLTXN-000958","CUST-ML-0311","705","UPI","Desktop","AE","AE","1","141","6","1921","false","0"
"MLTXN-000959","CUST-ML-0464","5393","WALLET","Desktop","US","US","0","1096","22","2976","false","0"
"MLTXN-000960","CUST-ML-0216","3228","UPI","Tablet","AE","AE","1","546","9","2662","false","0"
"MLTXN-000961","CUST-ML-0366","1089","CARD","Mobile","IN","IN","0","860","15","783","false","0"
"MLTXN-000962","CUST-ML-0520","2370","UPI","Mobile","IN","IN","0","896","18","2235","false","0"
"MLTXN-000963","CUST-ML-0161","4343","CARD","Mobile","IN","IN","1","20","3","8668","false","0"
"MLTXN-000964","CUST-ML-0316","3251","CARD","Desktop","AU","IN","0","483","15","2662","false","0"
"MLTXN-000965","CUST-ML-0089","4943","CARD","Mobile","IN","IN","5","730","10","3061","false","1"
"MLTXN-000966","CUST-ML-0099","23679","CARD","Desktop","IN","IN","0","529","20","4639","false","0"
"MLTXN-000967","CUST-ML-0421","1078","WALLET","Mobile","US","IN","3","955","29","1643","false","1"
"MLTXN-000968","CUST-ML-0244","1197","NETBANKING","Tablet","IN","IN","0","515","22","1278","false","0"
"MLTXN-000969","CUST-ML-0354","1011","WALLET","Desktop","IN","IN","0","279","9","514","false","1"
"MLTXN-000970","CUST-ML-0483","2045","WALLET","Mobile","IN","IN","0","486","18","1716","false","0"
"MLTXN-000971","CUST-ML-0169","3667","UPI","Desktop","IN","US","0","3","1","1759","true","0"
"MLTXN-000972","CUST-ML-0578","1936","UPI","Mobile","IN","IN","0","428","13","2821","false","0"
"MLTXN-000973","CUST-ML-0335","14612","UPI","Mobile","IN","IN","0","972","32","2444","false","0"
"MLTXN-000974","CUST-ML-0040","923","UPI","Mobile","IN","IN","0","3","3","1539","false","0"
"MLTXN-000975","CUST-ML-0512","3296","UPI","Mobile","IN","IN","1","877","11","2280","false","0"
"MLTXN-000976","CUST-ML-0263","4404","BANK_TRANSFER","Tablet","IN","IN","0","310","5","1887","false","0"
"MLTXN-000977","CUST-ML-0350","1362","UPI","Mobile","AU","AU","0","1028","12","2105","false","0"
"MLTXN-000978","CUST-ML-0250","1911","UPI","Tablet","IN","IN","0","235","11","2052","false","0"
"MLTXN-000979","CUST-ML-0301","18365","UPI","Mobile","US","US","1","938","22","8706","false","0"
"MLTXN-000980","CUST-ML-0447","760","UPI","Mobile","IN","IN","0","8","1","2169","true","0"
"MLTXN-000981","CUST-ML-0589","6901","UPI","Tablet","IN","IN","0","1066","37","3924","false","0"
"MLTXN-000982","CUST-ML-0382","3805","UPI","Desktop","AE","AE","1","327","8","7251","false","1"
"MLTXN-000983","CUST-ML-0236","197","CARD","Desktop","AE","AE","0","311","11","539","false","0"
"MLTXN-000984","CUST-ML-0140","823","CARD","Mobile","SG","SG","2","601","16","821","false","1"
"MLTXN-000985","CUST-ML-0218","5528","UPI","Mobile","IN","IN","0","136","2","3814","false","0"
"MLTXN-000986","CUST-ML-0188","645","CARD","Mobile","IN","IN","0","21","3","1433","false","1"
"MLTXN-000987","CUST-ML-0378","837","UPI","Mobile","CA","CA","0","460","16","1034","false","0"
"MLTXN-000988","CUST-ML-0313","6563","WALLET","Mobile","IN","IN","0","709","10","1383","false","0"
"MLTXN-000989","CUST-ML-0565","3016","UPI","Mobile","DE","DE","1","616","19","1017","false","0"
"MLTXN-000990","CUST-ML-0447","1728","WALLET","Mobile","IN","IN","0","8","2","1794","false","1"
"MLTXN-000991","CUST-ML-0160","3797","UPI","Mobile","US","US","0","412","8","1839","false","0"
"MLTXN-000992","CUST-ML-0307","1879","CARD","Mobile","IN","IN","1","165","3","1306","false","0"
"MLTXN-000993","CUST-ML-0233","943","WALLET","Mobile","DE","IN","1","247","9","1629","false","0"
"MLTXN-000994","CUST-ML-0436","2943","UPI","Mobile","IN","IN","0","3","2","3546","false","0"
"MLTXN-000995","CUST-ML-0158","1201","WALLET","Mobile","US","US","0","857","8","1283","false","0"
"MLTXN-000996","CUST-ML-0219","657","CARD","Mobile","IN","IN","1","483","8","1875","false","1"
"MLTXN-000997","CUST-ML-0208","8839","UPI","Desktop","IN","IN","0","405","12","6955","false","0"
"MLTXN-000998","CUST-ML-0503","346","UPI","Mobile","SG","DE","0","507","7","779","false","0"
"MLTXN-000999","CUST-ML-0524","2709","CARD","Mobile","IN","IN","0","653","26","2870","false","0"
"MLTXN-001000","CUST-ML-0099","5730","CARD","Mobile","IN","IN","1","529","21","6642","false","0"
"MLTXN-001001","CUST-ML-0318","3228","CARD","Desktop","IN","IN","0","750","27","3796","false","0"
"MLTXN-001002","CUST-ML-0050","597","CARD","Desktop","IN","IN","0","33","3","470","false","0"
"MLTXN-001003","CUST-ML-0186","4432","UPI","Tablet","IN","IN","1","8","3","6023","false","0"
"MLTXN-001004","CUST-ML-0137","1413","UPI","Desktop","IN","IN","0","575","15","1098","false","1"
"MLTXN-001005","CUST-ML-0217","1917","UPI","Tablet","US","US","2","141","5","1375","false","1"
"MLTXN-001006","CUST-ML-0322","3101","CARD","Mobile","IN","IN","0","18","4","3478","false","0"
"MLTXN-001007","CUST-ML-0245","2319","CARD","Desktop","IN","IN","0","473","13","3597","false","0"
"MLTXN-001008","CUST-ML-0588","2181","CARD","Desktop","IN","IN","4","507","14","1429","false","0"
"MLTXN-001009","CUST-ML-0151","5374","CARD","Mobile","IN","IN","0","868","22","2269","false","1"
"MLTXN-001010","CUST-ML-0227","2842","UPI","Mobile","IN","IN","1","646","16","4408","false","0"
"MLTXN-001011","CUST-ML-0235","1799","NETBANKING","Desktop","IN","IN","0","368","14","1432","false","0"
"MLTXN-001012","CUST-ML-0366","3946","CARD","Mobile","IN","IN","0","860","16","776","false","0"
"MLTXN-001013","CUST-ML-0378","639","BANK_TRANSFER","Mobile","CA","CA","0","460","17","815","false","0"
"MLTXN-001014","CUST-ML-0143","170876","UPI","Mobile","SG","SG","1","67","4","14550","false","1"
"MLTXN-001015","CUST-ML-0378","1095","BANK_TRANSFER","Mobile","SG","CA","0","460","18","967","false","0"
"MLTXN-001016","CUST-ML-0212","1099","BANK_TRANSFER","Desktop","SA","SA","0","21","1","1470","false","0"
"MLTXN-001017","CUST-ML-0233","1499","WALLET","Mobile","IN","IN","2","247","10","1998","false","0"
"MLTXN-001018","CUST-ML-0388","2608","NETBANKING","Desktop","IN","IN","1","15","2","1665","false","0"
"MLTXN-001019","CUST-ML-0284","593","NETBANKING","Desktop","US","US","1","913","11","618","false","0"
"MLTXN-001020","CUST-ML-0569","3807","UPI","Mobile","US","US","1","624","9","6999","false","0"
"MLTXN-001021","CUST-ML-0396","1939","UPI","Mobile","US","US","0","702","16","1814","false","0"
"MLTXN-001022","CUST-ML-0450","874","CARD","Mobile","IN","IN","0","4","3","794","false","0"
"MLTXN-001023","CUST-ML-0556","3098","UPI","Mobile","AE","AE","6","14","2","3417","false","0"
"MLTXN-001024","CUST-ML-0593","1904","UPI","Mobile","IN","IN","1","723","27","1698","false","0"
"MLTXN-001025","CUST-ML-0064","449","CARD","Tablet","IN","IN","0","21","1","359","false","0"
"MLTXN-001026","CUST-ML-0080","2741","BANK_TRANSFER","Mobile","IN","IN","0","1152","16","2222","false","0"
"MLTXN-001027","CUST-ML-0228","1402","CARD","Mobile","IN","IN","0","870","19","1549","false","0"
"MLTXN-001028","CUST-ML-0218","7805","UPI","Mobile","IN","IN","0","136","3","4771","false","0"
"MLTXN-001029","CUST-ML-0288","1625","CARD","Mobile","DE","DE","2","605","18","2100","false","0"
"MLTXN-001030","CUST-ML-0554","2267","UPI","Mobile","IN","IN","0","21","2","2130","false","0"
"MLTXN-001031","CUST-ML-0055","3610","NETBANKING","Mobile","US","US","0","525","10","7082","false","0"
"MLTXN-001032","CUST-ML-0445","1122","UPI","Mobile","AU","AU","2","15","2","1352","false","1"
"MLTXN-001033","CUST-ML-0275","5479","UPI","Mobile","IN","IN","2","227","6","5001","false","0"
"MLTXN-001034","CUST-ML-0313","19312","UPI","Mobile","IN","IN","0","709","11","1594","false","0"
"MLTXN-001035","CUST-ML-0291","5956","UPI","Mobile","GB","IN","2","579","16","1529","false","0"
"MLTXN-001036","CUST-ML-0085","4254","CARD","Mobile","IN","IN","1","36","1","1160","false","0"
"MLTXN-001037","CUST-ML-0557","491","CARD","Desktop","US","US","0","3","5","1005","false","0"
"MLTXN-001038","CUST-ML-0157","954","UPI","Mobile","DE","DE","0","802","22","621","false","0"
"MLTXN-001039","CUST-ML-0060","1653","CARD","Desktop","IN","IN","0","1112","28","2736","false","0"
"MLTXN-001040","CUST-ML-0570","1168","CARD","Mobile","GB","GB","0","542","19","1104","false","0"
"MLTXN-001041","CUST-ML-0249","325","CARD","Mobile","IN","IN","0","21","2","595","false","0"
"MLTXN-001042","CUST-ML-0348","3641","BANK_TRANSFER","Desktop","IN","IN","0","959","22","2193","false","1"
"MLTXN-001043","CUST-ML-0507","433","WALLET","Mobile","IN","IN","1","377","13","795","false","0"
"MLTXN-001044","CUST-ML-0047","2431","NETBANKING","Mobile","US","US","0","21","1","2009","false","0"
"MLTXN-001045","CUST-ML-0487","988","CARD","Desktop","US","IN","1","329","12","1222","false","0"
"MLTXN-001046","CUST-ML-0177","4496","CARD","Tablet","US","US","0","244","6","1455","false","0"
"MLTXN-001047","CUST-ML-0319","37985","WALLET","Mobile","DE","DE","0","209","8","4667","false","0"
"MLTXN-001048","CUST-ML-0335","1020","UPI","Mobile","IN","IN","0","972","33","2317","false","1"
"MLTXN-001049","CUST-ML-0518","2228","UPI","Mobile","IN","IN","0","1107","35","3830","false","0"
"MLTXN-001050","CUST-ML-0361","1196","NETBANKING","Mobile","IN","IN","2","1322","18","324","false","1"
"MLTXN-001051","CUST-ML-0199","3041","UPI","Desktop","IN","IN","0","338","10","2193","false","0"
"MLTXN-001052","CUST-ML-0187","739","NETBANKING","Mobile","IN","IN","0","1333","34","671","false","0"
"MLTXN-001053","CUST-ML-0142","418","WALLET","Mobile","AU","AU","0","1084","18","1012","false","0"
"MLTXN-001054","CUST-ML-0482","1885","UPI","Mobile","SG","SG","0","1269","12","1533","false","0"
"MLTXN-001055","CUST-ML-0020","309","NETBANKING","Desktop","AE","AE","0","279","9","300","false","0"
"MLTXN-001056","CUST-ML-0145","16048","NETBANKING","Mobile","IN","IN","1","667","17","3366","false","0"
"MLTXN-001057","CUST-ML-0017","1499","CARD","Mobile","IN","IN","0","521","9","592","false","0"
"MLTXN-001058","CUST-ML-0281","1426","NETBANKING","Mobile","IN","IN","0","836","14","495","false","1"
"MLTXN-001059","CUST-ML-0187","320","NETBANKING","Mobile","IN","IN","0","1333","35","661","false","0"
"MLTXN-001060","CUST-ML-0137","1887","UPI","Desktop","IN","IN","0","575","16","738","false","0"
"MLTXN-001061","CUST-ML-0305","1178","WALLET","Mobile","IN","US","1","21","4","782","false","0"
"MLTXN-001062","CUST-ML-0546","1176","CARD","Mobile","AU","AU","0","597","20","832","false","0"
"MLTXN-001063","CUST-ML-0099","8183","UPI","Mobile","IN","IN","1","529","22","6932","false","0"
"MLTXN-001064","CUST-ML-0212","1556","BANK_TRANSFER","Desktop","SA","SA","2","21","2","1783","false","0"
"MLTXN-001065","CUST-ML-0176","796","UPI","Desktop","GB","GB","0","21","2","1547","false","0"
"MLTXN-001066","CUST-ML-0414","7950","CARD","Mobile","IN","IN","1","499","9","4801","false","0"
"MLTXN-001067","CUST-ML-0214","8530","WALLET","Mobile","US","US","2","16","2","1875","false","1"
"MLTXN-001068","CUST-ML-0281","448","NETBANKING","Mobile","IN","IN","0","836","15","528","false","0"
"MLTXN-001069","CUST-ML-0157","425","CARD","Mobile","IN","DE","0","802","23","779","false","0"
"MLTXN-001070","CUST-ML-0139","2939","CARD","Desktop","IN","AE","2","546","19","1046","false","0"
"MLTXN-001071","CUST-ML-0466","1116","UPI","Mobile","GB","GB","0","6","2","1235","false","0"
"MLTXN-001072","CUST-ML-0324","409","NETBANKING","Mobile","IN","IN","0","21","3","1063","false","0"
"MLTXN-001073","CUST-ML-0154","1395","UPI","Desktop","SA","SA","0","20","2","1887","false","0"
"MLTXN-001074","CUST-ML-0444","541","UPI","Mobile","US","US","1","659","10","2056","false","0"
"MLTXN-001075","CUST-ML-0558","6137","NETBANKING","Mobile","AU","AU","1","505","9","4116","false","0"
"MLTXN-001076","CUST-ML-0188","651","CARD","Mobile","IN","IN","0","21","4","1037","false","1"
"MLTXN-001077","CUST-ML-0499","1823","UPI","Desktop","IN","IN","0","189","10","2754","false","0"
"MLTXN-001078","CUST-ML-0363","1463","UPI","Mobile","SG","SG","0","661","19","4352","false","0"
"MLTXN-001079","CUST-ML-0482","1025","UPI","Mobile","SG","SG","0","1269","13","1502","false","0"
"MLTXN-001080","CUST-ML-0275","6126","CARD","Mobile","IN","IN","0","227","7","6765","false","0"
"MLTXN-001081","CUST-ML-0454","536","NETBANKING","Mobile","IN","IN","0","8","3","847","false","1"
"MLTXN-001082","CUST-ML-0285","1913","UPI","Tablet","IN","IN","0","553","12","1393","false","0"
"MLTXN-001083","CUST-ML-0477","1151","NETBANKING","Mobile","IN","IN","1","412","12","1274","false","0"
"MLTXN-001084","CUST-ML-0399","4600","CARD","Desktop","IN","IN","0","111","4","3084","false","0"
"MLTXN-001085","CUST-ML-0383","5878","UPI","Mobile","IN","US","0","21","1","1728","false","0"
"MLTXN-001086","CUST-ML-0517","1838","CARD","Mobile","AU","AU","0","202","9","1401","false","0"
"MLTXN-001087","CUST-ML-0376","2560","CARD","Mobile","IN","IN","0","683","15","2090","false","0"
"MLTXN-001088","CUST-ML-0425","2010","UPI","Mobile","IN","IN","0","384","15","1687","false","0"
"MLTXN-001089","CUST-ML-0579","775","NETBANKING","Desktop","IN","IN","0","11","2","1179","false","0"
"MLTXN-001090","CUST-ML-0347","2259","UPI","Mobile","IN","IN","0","49","2","1728","false","0"
"MLTXN-001091","CUST-ML-0564","1876","BANK_TRANSFER","Mobile","AU","AU","1","64","6","2884","false","0"
"MLTXN-001092","CUST-ML-0139","1136","CARD","Desktop","AE","AE","0","546","20","1006","false","0"
"MLTXN-001093","CUST-ML-0097","1258","CARD","Mobile","SA","SA","0","639","9","1641","false","0"
"MLTXN-001094","CUST-ML-0217","606","UPI","Tablet","US","US","1","141","6","1278","false","0"
"MLTXN-001095","CUST-ML-0193","734","UPI","Mobile","IN","IN","0","565","14","1575","false","0"
"MLTXN-001096","CUST-ML-0057","574","UPI","Tablet","AU","AU","0","203","6","704","false","0"
"MLTXN-001097","CUST-ML-0106","590","UPI","Mobile","IN","IN","1","469","11","669","false","0"
"MLTXN-001098","CUST-ML-0329","1604","CARD","Desktop","DE","DE","0","548","12","1379","false","0"
"MLTXN-001099","CUST-ML-0384","838","UPI","Desktop","IN","IN","1","18","5","484","false","1"
"MLTXN-001100","CUST-ML-0518","47097","UPI","Mobile","IN","IN","0","1107","36","2906","false","0"
"MLTXN-001101","CUST-ML-0234","983","UPI","Mobile","IN","IN","0","328","13","911","false","0"
"MLTXN-001102","CUST-ML-0156","3073","NETBANKING","Mobile","GB","GB","0","690","21","3418","false","0"
"MLTXN-001103","CUST-ML-0564","2054","BANK_TRANSFER","Mobile","AU","AU","1","64","7","2835","false","0"
"MLTXN-001104","CUST-ML-0135","912","UPI","Mobile","IN","IN","0","329","11","970","false","0"
"MLTXN-001105","CUST-ML-0347","2212","BANK_TRANSFER","Desktop","IN","IN","2","49","3","1663","false","0"
"MLTXN-001106","CUST-ML-0586","491","UPI","Mobile","GB","GB","0","608","11","361","false","0"
"MLTXN-001107","CUST-ML-0001","21987","UPI","Mobile","IN","IN","1","232","9","2471","false","0"
"MLTXN-001108","CUST-ML-0378","1049","BANK_TRANSFER","Mobile","CA","CA","1","460","19","1260","false","0"
"MLTXN-001109","CUST-ML-0121","4307","CARD","Mobile","IN","IN","0","21","2","4397","false","1"
"MLTXN-001110","CUST-ML-0502","4883","UPI","Desktop","GB","GB","1","754","21","6650","false","0"
"MLTXN-001111","CUST-ML-0425","961","UPI","Mobile","IN","IN","0","384","16","1521","false","0"
"MLTXN-001112","CUST-ML-0335","1562","UPI","Mobile","IN","IN","0","972","34","2628","false","0"
"MLTXN-001113","CUST-ML-0362","1915","NETBANKING","Mobile","IN","IN","0","126","6","1292","false","0"
"MLTXN-001114","CUST-ML-0502","5086","UPI","Desktop","GB","GB","1","754","22","6797","false","0"
"MLTXN-001115","CUST-ML-0122","853","NETBANKING","Mobile","IN","IN","1","41","3","323","false","0"
"MLTXN-001116","CUST-ML-0101","4240","CARD","Mobile","IN","IN","1","333","9","1554","false","0"
"MLTXN-001117","CUST-ML-0098","7118","CARD","Desktop","IN","IN","0","257","7","3491","false","0"
"MLTXN-001118","CUST-ML-0546","560","UPI","Mobile","AU","AU","0","597","21","863","false","0"
"MLTXN-001119","CUST-ML-0165","464","UPI","Mobile","IN","IN","0","44","2","1518","false","0"
"MLTXN-001120","CUST-ML-0420","7595","NETBANKING","Desktop","US","US","2","276","10","2348","false","0"
"MLTXN-001121","CUST-ML-0315","1596","CARD","Mobile","US","US","1","82","5","1335","false","0"
"MLTXN-001122","CUST-ML-0508","5130","UPI","Mobile","IN","IN","0","175","5","3884","false","0"
"MLTXN-001123","CUST-ML-0295","297","CARD","Mobile","IN","IN","0","880","14","1016","false","0"
"MLTXN-001124","CUST-ML-0389","1162","CARD","Mobile","IN","IN","0","315","3","882","false","0"
"MLTXN-001125","CUST-ML-0549","222","CARD","Mobile","IN","IN","0","20","3","273","false","0"
"MLTXN-001126","CUST-ML-0598","1397","UPI","Mobile","SG","SG","0","208","7","1245","false","0"
"MLTXN-001127","CUST-ML-0440","1017","NETBANKING","Mobile","SG","SG","0","204","5","1770","false","0"
"MLTXN-001128","CUST-ML-0281","303","NETBANKING","Mobile","IN","IN","1","836","16","636","false","0"
"MLTXN-001129","CUST-ML-0131","4643","UPI","Mobile","IN","IN","2","223","6","3230","false","0"
"MLTXN-001130","CUST-ML-0255","1178","UPI","Mobile","US","US","0","832","26","1103","false","0"
"MLTXN-001131","CUST-ML-0544","812","CARD","Mobile","IN","IN","6","20","1","756","false","1"
"MLTXN-001132","CUST-ML-0506","623","BANK_TRANSFER","Mobile","IN","IN","0","17","1","546","false","0"
"MLTXN-001133","CUST-ML-0143","8593","UPI","Mobile","SG","SG","0","67","5","9778","false","0"
"MLTXN-001134","CUST-ML-0483","1026","WALLET","Mobile","IN","IN","0","486","19","1502","false","0"
"MLTXN-001135","CUST-ML-0256","623","UPI","Desktop","IN","IN","1","1020","14","1962","false","0"
"MLTXN-001136","CUST-ML-0253","2044","CARD","Mobile","IN","IN","0","593","21","926","false","0"
"MLTXN-001137","CUST-ML-0452","1580","NETBANKING","Mobile","IN","IN","0","498","12","1097","false","0"
"MLTXN-001138","CUST-ML-0175","2573","CARD","Mobile","AE","AE","2","209","2","1310","false","0"
"MLTXN-001139","CUST-ML-0134","1421","CARD","Mobile","IN","IN","0","181","8","1447","false","0"
"MLTXN-001140","CUST-ML-0559","6021","CARD","Mobile","AU","AU","0","179","5","5747","false","0"
"MLTXN-001141","CUST-ML-0095","4214","UPI","Mobile","IN","IN","0","764","17","4025","false","0"
"MLTXN-001142","CUST-ML-0147","1895","UPI","Mobile","IN","IN","1","14","1","2531","true","0"
"MLTXN-001143","CUST-ML-0346","4438","CARD","Desktop","US","US","1","279","4","3987","false","0"
"MLTXN-001144","CUST-ML-0129","1669","NETBANKING","Mobile","DE","DE","1","1094","17","4146","false","0"
"MLTXN-001145","CUST-ML-0159","3766","UPI","Mobile","SG","SG","0","394","8","2420","false","0"
"MLTXN-001146","CUST-ML-0479","1015","UPI","Mobile","AE","AE","0","548","9","1188","false","0"
"MLTXN-001147","CUST-ML-0407","394","NETBANKING","Mobile","IN","IN","0","1","3","697","false","0"
"MLTXN-001148","CUST-ML-0162","414","WALLET","Mobile","SG","SG","0","9","5","1129","false","0"
"MLTXN-001149","CUST-ML-0084","2845","NETBANKING","Mobile","IN","IN","1","602","23","1921","false","0"
"MLTXN-001150","CUST-ML-0425","4208","UPI","Tablet","IN","IN","5","384","17","1888","false","0"
"MLTXN-001151","CUST-ML-0339","1039","NETBANKING","Mobile","IN","IN","0","593","17","1450","false","0"
"MLTXN-001152","CUST-ML-0444","1293","UPI","Desktop","US","US","0","659","11","2061","false","0"
"MLTXN-001153","CUST-ML-0132","767","CARD","Mobile","IN","IN","1","609","16","1029","false","0"
"MLTXN-001154","CUST-ML-0273","335","UPI","Mobile","GB","IN","0","421","11","448","false","0"
"MLTXN-001155","CUST-ML-0403","2219","CARD","Tablet","US","US","0","594","12","867","false","0"
"MLTXN-001156","CUST-ML-0125","9597","CARD","Mobile","SG","SG","0","350","9","4519","false","0"
"MLTXN-001157","CUST-ML-0509","4928","CARD","Mobile","CA","CA","1","509","16","3122","false","1"
"MLTXN-001158","CUST-ML-0248","11710","CARD","Mobile","IN","IN","0","479","13","4181","false","0"
"MLTXN-001159","CUST-ML-0434","1316","CARD","Mobile","SG","US","0","575","23","1771","false","0"
"MLTXN-001160","CUST-ML-0196","2776","CARD","Desktop","IN","IN","0","423","14","4333","false","0"
"MLTXN-001161","CUST-ML-0033","492","BANK_TRANSFER","Mobile","GB","GB","0","260","12","790","false","0"
"MLTXN-001162","CUST-ML-0290","6694","CARD","Mobile","US","US","0","526","9","2714","false","0"
"MLTXN-001163","CUST-ML-0352","11140","CARD","Desktop","IN","IN","0","3","5","2943","false","0"
"MLTXN-001164","CUST-ML-0183","4865","UPI","Mobile","IN","IN","0","8","4","2751","false","0"
"MLTXN-001165","CUST-ML-0144","964","CARD","Mobile","GB","GB","0","973","37","792","false","0"
"MLTXN-001166","CUST-ML-0172","1133","UPI","Mobile","SA","SA","0","21","1","961","false","0"
"MLTXN-001167","CUST-ML-0470","551","BANK_TRANSFER","Tablet","IN","IN","0","870","31","912","false","0"
"MLTXN-001168","CUST-ML-0213","1217","CARD","Desktop","IN","IN","1","20","2","1068","false","0"
"MLTXN-001169","CUST-ML-0437","805","CARD","Mobile","IN","IN","0","863","26","976","false","0"
"MLTXN-001170","CUST-ML-0552","3208","UPI","Mobile","AE","AE","1","746","9","2805","false","0"
"MLTXN-001171","CUST-ML-0108","3302","WALLET","Mobile","IN","IN","1","500","8","2221","false","0"
"MLTXN-001172","CUST-ML-0062","1409","CARD","Desktop","SA","SA","2","527","8","4631","false","1"
"MLTXN-001173","CUST-ML-0501","2076","CARD","Mobile","US","US","0","714","28","830","false","0"
"MLTXN-001174","CUST-ML-0005","1493","BANK_TRANSFER","Mobile","IN","IN","0","215","4","1336","false","0"
"MLTXN-001175","CUST-ML-0547","1314","NETBANKING","Mobile","GB","GB","0","514","15","3457","false","0"
"MLTXN-001176","CUST-ML-0126","4241","UPI","Desktop","IN","IN","0","734","28","5575","false","1"
"MLTXN-001177","CUST-ML-0489","1471","NETBANKING","Mobile","IN","IN","1","8","4","2807","false","0"
"MLTXN-001178","CUST-ML-0088","1115","UPI","Mobile","IN","IN","1","4","6","1765","false","0"
"MLTXN-001179","CUST-ML-0201","856","UPI","Mobile","IN","IN","0","1259","34","657","false","0"
"MLTXN-001180","CUST-ML-0362","2189","NETBANKING","Mobile","IN","IN","0","126","7","933","false","0"
"MLTXN-001181","CUST-ML-0526","1235","WALLET","Mobile","IN","IN","0","504","18","903","false","0"
"MLTXN-001182","CUST-ML-0225","2475","UPI","Mobile","IN","IN","0","1125","11","2201","false","0"
"MLTXN-001183","CUST-ML-0146","6705","UPI","Desktop","SA","SA","2","296","8","3547","false","0"
"MLTXN-001184","CUST-ML-0031","10910","NETBANKING","Mobile","IN","IN","0","17","3","12224","false","0"
"MLTXN-001185","CUST-ML-0138","11251","CARD","Mobile","IN","IN","0","21","4","13099","false","0"
"MLTXN-001186","CUST-ML-0061","3537","NETBANKING","Mobile","IN","IN","0","21","1","4653","false","0"
"MLTXN-001187","CUST-ML-0291","1099","UPI","Mobile","IN","IN","0","579","17","1636","false","0"
"MLTXN-001188","CUST-ML-0210","446","CARD","Mobile","IN","IN","0","987","23","853","false","0"
"MLTXN-001189","CUST-ML-0130","2281","UPI","Mobile","IN","IN","1","21","1","1296","false","0"
"MLTXN-001190","CUST-ML-0419","2596","WALLET","Desktop","IN","IN","2","457","16","885","false","0"
"MLTXN-001191","CUST-ML-0318","3539","NETBANKING","Desktop","IN","IN","0","750","28","4310","false","0"
"MLTXN-001192","CUST-ML-0456","1909","CARD","Mobile","IN","IN","0","351","16","1075","false","0"
"MLTXN-001193","CUST-ML-0184","9804","CARD","Mobile","IN","IN","0","18","2","4561","false","0"
"MLTXN-001194","CUST-ML-0341","2984","UPI","Mobile","IN","IN","1","656","9","1095","false","0"
"MLTXN-001195","CUST-ML-0034","1097","NETBANKING","Desktop","SA","IN","0","1118","13","3037","false","0"
"MLTXN-001196","CUST-ML-0523","2822","UPI","Mobile","IN","IN","2","21","3","1465","false","0"
"MLTXN-001197","CUST-ML-0275","11925","UPI","Desktop","IN","IN","0","227","8","5810","false","0"
"MLTXN-001198","CUST-ML-0350","2118","NETBANKING","Mobile","AU","AU","0","1028","13","2380","false","0"
"MLTXN-001199","CUST-ML-0139","684","CARD","Desktop","AE","AE","1","546","21","1435","false","0"
"MLTXN-001200","CUST-ML-0515","6164","CARD","Mobile","IN","IN","2","529","6","2414","false","0"
"MLTXN-001201","CUST-ML-0203","4235","WALLET","Mobile","SA","SA","0","598","8","7089","false","0"
"MLTXN-001202","CUST-ML-0356","4681","UPI","Mobile","US","US","0","551","21","2811","false","0"
"MLTXN-001203","CUST-ML-0156","9452","CARD","Desktop","GB","GB","6","690","22","5589","false","0"
"MLTXN-001204","CUST-ML-0178","4509","WALLET","Desktop","GB","GB","0","18","2","2888","false","0"
"MLTXN-001205","CUST-ML-0278","2065","CARD","Mobile","US","US","0","534","17","2428","false","0"
"MLTXN-001206","CUST-ML-0010","381","CARD","Mobile","US","US","0","20","4","731","false","1"
"MLTXN-001207","CUST-ML-0303","1281","UPI","Mobile","IN","IN","1","127","8","1077","false","0"
"MLTXN-001208","CUST-ML-0119","2263","WALLET","Mobile","IN","IN","1","482","6","3104","false","0"
"MLTXN-001209","CUST-ML-0379","1658","UPI","Desktop","IN","IN","0","158","8","1307","false","0"
"MLTXN-001210","CUST-ML-0239","333","WALLET","Desktop","IN","IN","1","393","10","374","false","0"
"MLTXN-001211","CUST-ML-0427","524","BANK_TRANSFER","Mobile","IN","IN","0","21","1","1088","false","0"
"MLTXN-001212","CUST-ML-0050","689","WALLET","Desktop","IN","IN","0","33","4","544","false","0"
"MLTXN-001213","CUST-ML-0088","1871","UPI","Mobile","IN","IN","1","4","7","2130","false","0"
"MLTXN-001214","CUST-ML-0521","5104","WALLET","Mobile","GB","GB","0","1080","30","4205","false","0"
"MLTXN-001215","CUST-ML-0041","477","UPI","Tablet","IN","IN","0","412","5","751","false","0"
"MLTXN-001216","CUST-ML-0217","1779","UPI","Tablet","US","US","0","141","7","1263","false","0"
"MLTXN-001217","CUST-ML-0216","25350","UPI","Tablet","AE","AE","0","546","10","2375","false","0"
"MLTXN-001218","CUST-ML-0588","617","CARD","Desktop","IN","IN","0","507","15","1159","false","0"
"MLTXN-001219","CUST-ML-0533","8801","CARD","Desktop","AE","AE","2","16","3","7868","false","0"
"MLTXN-001220","CUST-ML-0130","1627","UPI","Mobile","IN","IN","0","21","2","1790","false","0"
"MLTXN-001221","CUST-ML-0098","18628","WALLET","Desktop","IN","IN","0","257","8","3577","false","0"
"MLTXN-001222","CUST-ML-0064","963","CARD","Mobile","IN","IN","0","21","2","300","false","0"
"MLTXN-001223","CUST-ML-0260","2014","NETBANKING","Mobile","IN","IN","0","628","22","1795","false","1"
"MLTXN-001224","CUST-ML-0174","971","UPI","Mobile","IN","IN","1","18","2","1825","false","0"
"MLTXN-001225","CUST-ML-0304","1160","UPI","Mobile","IN","IN","1","759","16","1699","false","1"
"MLTXN-001226","CUST-ML-0590","3215","CARD","Desktop","IN","IN","0","237","4","1242","false","0"
"MLTXN-001227","CUST-ML-0029","2387","UPI","Desktop","SG","SG","0","528","6","3197","false","0"
"MLTXN-001228","CUST-ML-0187","564","NETBANKING","Mobile","IN","IN","0","1333","36","662","false","1"
"MLTXN-001229","CUST-ML-0565","721","UPI","Mobile","DE","DE","0","616","20","712","false","0"
"MLTXN-001230","CUST-ML-0437","438","BANK_TRANSFER","Mobile","IN","IN","0","863","27","805","false","0"
"MLTXN-001231","CUST-ML-0097","1123","CARD","Mobile","SA","SA","1","639","10","1737","false","0"
"MLTXN-001232","CUST-ML-0207","14370","NETBANKING","Mobile","IN","IN","0","10","0","2530","true","1"
"MLTXN-001233","CUST-ML-0289","3857","UPI","Mobile","SA","SA","0","21","3","3205","false","0"
"MLTXN-001234","CUST-ML-0406","568","UPI","Mobile","IN","IN","0","17","1","918","false","0"
"MLTXN-001235","CUST-ML-0091","8540","UPI","Mobile","CA","CA","0","651","19","2302","false","0"
"MLTXN-001236","CUST-ML-0593","1332","CARD","Mobile","IN","IN","0","723","28","2197","false","0"
"MLTXN-001237","CUST-ML-0448","378","UPI","Mobile","AU","AU","0","595","8","252","false","0"
"MLTXN-001238","CUST-ML-0037","7662","WALLET","Tablet","IN","IN","0","121","5","3029","false","1"
"MLTXN-001239","CUST-ML-0403","569","CARD","Desktop","US","US","1","594","13","1000","false","0"
"MLTXN-001240","CUST-ML-0181","341","UPI","Mobile","IN","IN","0","318","11","559","false","0"
"MLTXN-001241","CUST-ML-0512","793","CARD","Tablet","IN","IN","1","877","12","2222","false","0"
"MLTXN-001242","CUST-ML-0332","342","UPI","Mobile","DE","DE","0","294","7","526","false","0"
"MLTXN-001243","CUST-ML-0482","2416","CARD","Desktop","SG","SG","0","1269","14","1409","false","0"
"MLTXN-001244","CUST-ML-0419","1488","UPI","Mobile","IN","IN","2","457","17","2044","false","0"
"MLTXN-001245","CUST-ML-0370","1853","WALLET","Mobile","SG","SG","1","21","1","2377","false","0"
"MLTXN-001246","CUST-ML-0580","1665","CARD","Desktop","IN","IN","0","20","0","2578","false","0"
"MLTXN-001247","CUST-ML-0342","1075","CARD","Mobile","AE","AE","0","20","5","1319","false","1"
"MLTXN-001248","CUST-ML-0141","2286","CARD","Mobile","CA","CA","0","223","7","2617","false","0"
"MLTXN-001249","CUST-ML-0540","661","WALLET","Mobile","AU","AU","0","714","26","1399","false","0"
"MLTXN-001250","CUST-ML-0570","663","CARD","Desktop","GB","GB","0","542","20","1067","false","1"
"MLTXN-001251","CUST-ML-0410","2573","NETBANKING","Mobile","AE","AE","0","21","2","846","false","0"
"MLTXN-001252","CUST-ML-0175","3766","NETBANKING","Mobile","AE","AE","0","209","3","1531","false","0"
"MLTXN-001253","CUST-ML-0208","19074","UPI","Desktop","GB","IN","0","405","13","7558","false","0"
"MLTXN-001254","CUST-ML-0232","2060","UPI","Mobile","SG","SG","0","503","13","652","false","1"
"MLTXN-001255","CUST-ML-0203","7878","UPI","Mobile","SA","SA","0","598","9","7774","false","0"
"MLTXN-001256","CUST-ML-0392","857","NETBANKING","Desktop","IN","IN","0","921","23","1152","false","0"
"MLTXN-001257","CUST-ML-0324","1648","NETBANKING","Mobile","IN","IN","0","21","4","942","false","1"
"MLTXN-001258","CUST-ML-0598","1440","UPI","Mobile","SG","SG","0","208","8","1455","false","0"
"MLTXN-001259","CUST-ML-0593","1865","WALLET","Mobile","IN","IN","0","723","29","2090","false","1"
"MLTXN-001260","CUST-ML-0148","6754","UPI","Mobile","IN","IN","0","929","16","4169","false","0"
"MLTXN-001261","CUST-ML-0179","8168","CARD","Mobile","IN","IN","1","541","14","6179","false","0"
"MLTXN-001262","CUST-ML-0125","4931","CARD","Mobile","SG","SG","0","350","10","4985","false","0"
"MLTXN-001263","CUST-ML-0206","5627","CARD","Desktop","AE","AE","1","21","4","4573","false","0"
"MLTXN-001264","CUST-ML-0291","1477","UPI","Mobile","US","IN","2","579","18","1147","false","1"
"MLTXN-001265","CUST-ML-0197","1385","CARD","Mobile","IN","IN","0","13","4","1587","false","1"
"MLTXN-001266","CUST-ML-0430","1667","CARD","Desktop","SG","SG","0","1402","16","1166","false","0"
"MLTXN-001267","CUST-ML-0030","1430","CARD","Desktop","IN","IN","0","723","14","1539","false","0"
"MLTXN-001268","CUST-ML-0315","973","CARD","Mobile","US","US","0","82","6","1566","false","0"
"MLTXN-001269","CUST-ML-0408","710","WALLET","Desktop","IN","IN","0","11","3","1278","false","0"
"MLTXN-001270","CUST-ML-0210","1205","UPI","Mobile","IN","IN","1","987","24","732","false","0"
"MLTXN-001271","CUST-ML-0029","13898","UPI","Desktop","AE","SG","0","528","7","3739","false","1"
"MLTXN-001272","CUST-ML-0284","1489","NETBANKING","Desktop","US","US","0","913","12","588","false","0"
"MLTXN-001273","CUST-ML-0395","1502","CARD","Mobile","AU","AU","0","20","0","1636","false","0"
"MLTXN-001274","CUST-ML-0428","1201","UPI","Desktop","IN","IN","0","512","6","1836","false","0"
"MLTXN-001275","CUST-ML-0187","847","NETBANKING","Mobile","IN","IN","0","1333","37","738","false","0"
"MLTXN-001276","CUST-ML-0178","1068","UPI","Desktop","GB","GB","0","18","3","2122","false","0"
"MLTXN-001277","CUST-ML-0223","7235","CARD","Mobile","IN","IN","0","607","14","1303","false","0"
"MLTXN-001278","CUST-ML-0546","1606","UPI","Mobile","AU","AU","0","597","22","905","false","0"
"MLTXN-001279","CUST-ML-0439","399","CARD","Mobile","IN","IN","0","348","16","1447","false","0"
"MLTXN-001280","CUST-ML-0549","251","CARD","Mobile","IN","IN","0","20","4","242","false","0"
"MLTXN-001281","CUST-ML-0599","1643","CARD","Desktop","IN","IN","0","964","29","1497","false","0"
"MLTXN-001282","CUST-ML-0467","1390","CARD","Desktop","US","US","1","886","36","1765","false","0"
"MLTXN-001283","CUST-ML-0370","2004","NETBANKING","Mobile","SG","SG","0","21","2","1817","false","0"
"MLTXN-001284","CUST-ML-0198","9646","NETBANKING","Mobile","IN","IN","0","307","10","6255","false","0"
"MLTXN-001285","CUST-ML-0591","1147","NETBANKING","Desktop","IN","IN","1","741","7","1527","false","1"
"MLTXN-001286","CUST-ML-0094","5365","UPI","Tablet","IN","IN","0","4","6","4660","false","0"
"MLTXN-001287","CUST-ML-0127","3038","CARD","Desktop","GB","GB","0","831","13","1964","false","0"
"MLTXN-001288","CUST-ML-0132","1052","CARD","Mobile","IN","IN","2","609","17","1031","false","0"
"MLTXN-001289","CUST-ML-0541","1095","NETBANKING","Desktop","SA","SA","0","1116","27","860","false","0"
"MLTXN-001290","CUST-ML-0060","2638","CARD","Desktop","IN","IN","0","1112","29","2088","false","0"
"MLTXN-001291","CUST-ML-0365","404","UPI","Mobile","IN","IN","0","527","17","1120","false","0"
"MLTXN-001292","CUST-ML-0547","3659","NETBANKING","Desktop","GB","GB","2","514","16","2734","false","0"
"MLTXN-001293","CUST-ML-0025","3490","BANK_TRANSFER","Mobile","IN","IN","1","29","2","1373","false","1"
"MLTXN-001294","CUST-ML-0571","1074","NETBANKING","Mobile","IN","IN","0","18","0","1595","false","0"
"MLTXN-001295","CUST-ML-0014","7338","CARD","Mobile","IN","IN","2","619","22","8749","false","0"
"MLTXN-001296","CUST-ML-0462","2127","CARD","Desktop","IN","IN","0","580","24","1501","false","0"
"MLTXN-001297","CUST-ML-0566","1882","CARD","Mobile","SG","SG","1","717","13","3424","false","0"
"MLTXN-001298","CUST-ML-0241","4984","UPI","Mobile","IN","IN","0","9","3","3570","false","0"
"MLTXN-001299","CUST-ML-0219","3354","CARD","Mobile","IN","IN","0","483","9","2170","false","0"
"MLTXN-001300","CUST-ML-0069","3097","CARD","Desktop","GB","GB","0","455","14","1717","false","0"
"MLTXN-001301","CUST-ML-0198","5829","NETBANKING","Mobile","IN","IN","6","307","11","3964","false","0"
"MLTXN-001302","CUST-ML-0591","2494","UPI","Desktop","IN","IN","1","741","8","1181","false","0"
"MLTXN-001303","CUST-ML-0265","1349","UPI","Mobile","IN","IN","0","476","4","1475","false","0"
"MLTXN-001304","CUST-ML-0418","3524","CARD","Mobile","AE","AE","0","386","14","2256","false","1"
"MLTXN-001305","CUST-ML-0176","1244","UPI","Desktop","GB","GB","2","21","3","1979","false","0"
"MLTXN-001306","CUST-ML-0567","27608","CARD","Mobile","SG","SG","0","1004","23","1563","false","0"
"MLTXN-001307","CUST-ML-0099","1520","WALLET","Mobile","IN","IN","0","529","23","6043","false","0"
"MLTXN-001308","CUST-ML-0008","370","UPI","Mobile","US","US","0","21","2","814","false","0"
"MLTXN-001309","CUST-ML-0193","3473","UPI","Mobile","IN","IN","2","565","15","1495","false","0"
"MLTXN-001310","CUST-ML-0420","3895","CARD","Mobile","US","US","0","276","11","1920","false","0"
"MLTXN-001311","CUST-ML-0095","3471","WALLET","Mobile","IN","IN","0","764","18","2632","false","1"
"MLTXN-001312","CUST-ML-0063","1898","UPI","Mobile","IN","IN","0","15","3","1819","false","0"
"MLTXN-001313","CUST-ML-0282","904","NETBANKING","Desktop","GB","IN","0","318","9","806","false","0"
"MLTXN-001314","CUST-ML-0413","2333","UPI","Mobile","GB","US","0","6","3","1385","false","0"
"MLTXN-001315","CUST-ML-0374","2332","UPI","Desktop","IN","IN","0","630","22","1581","false","0"
"MLTXN-001316","CUST-ML-0098","7314","CARD","Desktop","IN","IN","1","257","9","3023","false","0"
"MLTXN-001317","CUST-ML-0494","10242","CARD","Mobile","AE","AE","1","21","2","4899","false","0"
"MLTXN-001318","CUST-ML-0271","3078","WALLET","Mobile","IN","IN","0","9","3","5288","false","0"
"MLTXN-001319","CUST-ML-0317","727","CARD","Mobile","US","IN","0","142","6","738","false","1"
"MLTXN-001320","CUST-ML-0356","563","UPI","Mobile","US","US","2","551","22","2646","false","0"
"MLTXN-001321","CUST-ML-0124","1164","NETBANKING","Mobile","IN","IN","0","54","6","1541","false","0"
"MLTXN-001322","CUST-ML-0459","3231","UPI","Desktop","IN","IN","0","359","9","1816","false","0"
"MLTXN-001323","CUST-ML-0553","1989","UPI","Desktop","IN","IN","0","18","0","2658","false","0"
"MLTXN-001324","CUST-ML-0158","1379","WALLET","Mobile","US","US","0","857","9","901","false","1"
"MLTXN-001325","CUST-ML-0254","7677","CARD","Tablet","IN","IN","0","851","31","3339","false","0"
"MLTXN-001326","CUST-ML-0363","2124","CARD","Mobile","SG","SG","0","661","20","4515","false","0"
"MLTXN-001327","CUST-ML-0141","2094","CARD","Mobile","CA","CA","1","223","8","2034","false","0"
"MLTXN-001328","CUST-ML-0363","3830","UPI","Mobile","SG","SG","0","661","21","5381","false","0"
"MLTXN-001329","CUST-ML-0120","541","CARD","Mobile","US","US","0","709","20","933","false","0"
"MLTXN-001330","CUST-ML-0571","1532","WALLET","Mobile","SG","IN","0","18","1","1759","false","0"
"MLTXN-001331","CUST-ML-0252","399","UPI","Desktop","IN","IN","0","1066","41","1180","false","0"
"MLTXN-001332","CUST-ML-0432","4901","NETBANKING","Desktop","IN","IN","4","308","5","3597","false","0"
"MLTXN-001333","CUST-ML-0561","907","WALLET","Desktop","GB","GB","0","78","2","1260","false","0"
"MLTXN-001334","CUST-ML-0188","1625","CARD","Mobile","IN","IN","0","21","5","1781","false","0"
"MLTXN-001335","CUST-ML-0580","1913","UPI","Mobile","IN","IN","0","20","1","3429","false","0"
"MLTXN-001336","CUST-ML-0193","4380","UPI","Mobile","IN","IN","1","565","16","1920","false","0"
"MLTXN-001337","CUST-ML-0216","1722","UPI","Tablet","AE","AE","1","546","11","2798","false","0"
"MLTXN-001338","CUST-ML-0310","1039","NETBANKING","Desktop","IN","IN","0","21","2","1993","false","0"
"MLTXN-001339","CUST-ML-0459","1293","UPI","Desktop","IN","IN","0","359","10","1727","false","1"
"MLTXN-001340","CUST-ML-0259","1176","UPI","Mobile","IN","IN","0","253","7","1412","false","0"
"MLTXN-001341","CUST-ML-0319","4743","WALLET","Mobile","DE","DE","0","209","9","4649","false","0"
"MLTXN-001342","CUST-ML-0571","1518","NETBANKING","Mobile","IN","IN","1","18","2","1945","false","0"
"MLTXN-001343","CUST-ML-0154","2258","UPI","Desktop","SA","SA","1","20","3","2363","false","0"
"MLTXN-001344","CUST-ML-0181","1212","UPI","Mobile","IN","IN","1","318","12","860","false","0"
"MLTXN-001345","CUST-ML-0294","2777","UPI","Mobile","IN","IN","1","538","23","541","false","0"
"MLTXN-001346","CUST-ML-0061","4428","CARD","Mobile","IN","IN","0","21","2","3236","false","1"
"MLTXN-001347","CUST-ML-0485","1055","CARD","Mobile","IN","IN","0","134","4","1104","false","0"
"MLTXN-001348","CUST-ML-0225","820","UPI","Desktop","IN","IN","0","1125","12","2214","false","0"
"MLTXN-001349","CUST-ML-0235","1608","CARD","Mobile","IN","IN","0","368","15","1888","false","0"
"MLTXN-001350","CUST-ML-0190","1616","CARD","Mobile","IN","IN","0","173","10","1808","false","0"
"MLTXN-001351","CUST-ML-0202","13490","UPI","Desktop","IN","IN","0","293","12","8206","false","0"
"MLTXN-001352","CUST-ML-0070","2896","CARD","Mobile","AE","AE","0","420","15","1520","false","0"
"MLTXN-001353","CUST-ML-0227","9498","UPI","Mobile","IN","IN","0","646","17","4035","false","0"
"MLTXN-001354","CUST-ML-0402","6068","UPI","Desktop","AE","AE","0","16","3","2340","false","0"
"MLTXN-001355","CUST-ML-0486","1251","CARD","Mobile","SG","SG","0","230","3","986","false","1"
"MLTXN-001356","CUST-ML-0304","15562","UPI","Mobile","IN","IN","5","759","17","1476","false","0"
"MLTXN-001357","CUST-ML-0291","4025","UPI","Mobile","IN","IN","1","579","19","1465","false","0"
"MLTXN-001358","CUST-ML-0478","1090","UPI","Mobile","IN","IN","1","630","20","1084","false","0"
"MLTXN-001359","CUST-ML-0285","1854","NETBANKING","Mobile","IN","IN","0","553","13","780","false","0"
"MLTXN-001360","CUST-ML-0466","5460","CARD","Mobile","GB","GB","0","6","3","1183","false","0"
"MLTXN-001361","CUST-ML-0146","3171","CARD","Desktop","SA","SA","0","296","9","3795","false","0"
"MLTXN-001362","CUST-ML-0584","818","CARD","Mobile","IN","IN","0","755","24","536","false","0"
"MLTXN-001363","CUST-ML-0542","444","CARD","Desktop","US","US","0","400","5","428","false","1"
"MLTXN-001364","CUST-ML-0003","5889","NETBANKING","Mobile","AU","AU","0","21","2","4589","false","0"
"MLTXN-001365","CUST-ML-0199","3882","WALLET","Desktop","IN","IN","0","338","11","2039","false","0"
"MLTXN-001366","CUST-ML-0485","325","CARD","Desktop","IN","IN","0","134","5","1556","false","0"
"MLTXN-001367","CUST-ML-0337","800","UPI","Desktop","IN","IN","0","21","4","610","false","0"
"MLTXN-001368","CUST-ML-0001","12001","UPI","Mobile","IN","IN","0","232","10","3559","false","1"
"MLTXN-001369","CUST-ML-0440","1511","UPI","Mobile","SG","SG","0","204","6","945","false","0"
"MLTXN-001370","CUST-ML-0091","3090","CARD","Mobile","CA","CA","0","651","20","2437","false","0"
"MLTXN-001371","CUST-ML-0199","5251","CARD","Mobile","IN","IN","2","338","12","2889","false","0"
"MLTXN-001372","CUST-ML-0527","1137","UPI","Mobile","US","IN","0","468","13","2907","false","0"
"MLTXN-001373","CUST-ML-0143","9051","UPI","Mobile","SG","SG","2","67","6","13523","false","0"
"MLTXN-001374","CUST-ML-0534","3638","UPI","Desktop","IN","IN","0","21","4","3830","false","0"
"MLTXN-001375","CUST-ML-0494","3595","CARD","Mobile","AE","AE","1","21","3","4946","false","0"
"MLTXN-001376","CUST-ML-0409","977","CARD","Mobile","IN","IN","0","191","4","662","false","0"
"MLTXN-001377","CUST-ML-0173","2583","CARD","Mobile","US","US","1","469","16","1797","false","0"
"MLTXN-001378","CUST-ML-0224","846","UPI","Desktop","IN","IN","0","227","5","2117","false","0"
"MLTXN-001379","CUST-ML-0275","3458","UPI","Mobile","US","IN","0","227","9","7897","false","0"
"MLTXN-001380","CUST-ML-0566","6499","CARD","Mobile","SG","SG","1","717","14","4547","false","0"
"MLTXN-001381","CUST-ML-0182","2169","WALLET","Desktop","IN","IN","0","639","22","3569","false","0"
"MLTXN-001382","CUST-ML-0324","2080","CARD","Mobile","SA","IN","0","21","5","1581","false","0"
"MLTXN-001383","CUST-ML-0593","767","CARD","Mobile","IN","IN","0","723","30","1660","false","1"
"MLTXN-001384","CUST-ML-0460","1528","UPI","Desktop","IN","IN","0","780","16","700","false","0"
"MLTXN-001385","CUST-ML-0365","2306","CARD","Mobile","IN","IN","0","527","18","1005","false","0"
"MLTXN-001386","CUST-ML-0414","2708","CARD","Desktop","IN","IN","0","499","10","5561","false","0"
"MLTXN-001387","CUST-ML-0010","462","UPI","Mobile","US","US","0","20","5","614","false","0"
"MLTXN-001388","CUST-ML-0209","1519","UPI","Desktop","IN","IN","0","18","4","1297","false","0"
"MLTXN-001389","CUST-ML-0385","3082","WALLET","Mobile","SG","SG","1","859","21","4656","false","0"
"MLTXN-001390","CUST-ML-0346","6650","CARD","Desktop","US","US","0","279","5","3001","false","1"
"MLTXN-001391","CUST-ML-0585","1817","UPI","Mobile","DE","IN","0","547","11","2120","false","1"
"MLTXN-001392","CUST-ML-0349","478","NETBANKING","Desktop","IN","IN","0","14","0","1335","true","0"
"MLTXN-001393","CUST-ML-0028","5968","BANK_TRANSFER","Desktop","IN","IN","0","858","26","3175","false","0"
"MLTXN-001394","CUST-ML-0422","4868","NETBANKING","Mobile","IN","IN","0","21","3","6682","false","0"
"MLTXN-001395","CUST-ML-0007","1271","UPI","Mobile","IN","AE","4","793","20","2146","false","0"
"MLTXN-001396","CUST-ML-0167","565","UPI","Mobile","US","IN","0","5","2","1281","false","0"
"MLTXN-001397","CUST-ML-0469","6175","CARD","Mobile","IN","IN","6","288","8","3823","false","0"
"MLTXN-001398","CUST-ML-0392","2067","NETBANKING","Desktop","IN","IN","2","921","24","1438","false","0"
"MLTXN-001399","CUST-ML-0012","1605","WALLET","Mobile","IN","IN","0","10","4","2539","false","0"
"MLTXN-001400","CUST-ML-0277","2641","UPI","Mobile","SG","SG","0","731","11","4362","false","0"
"MLTXN-001401","CUST-ML-0573","15472","CARD","Desktop","IN","IN","1","189","4","1195","false","1"
"MLTXN-001402","CUST-ML-0522","1386","CARD","Mobile","US","US","1","943","14","1434","false","0"
"MLTXN-001403","CUST-ML-0168","478","CARD","Mobile","GB","GB","0","809","29","499","false","0"
"MLTXN-001404","CUST-ML-0206","2825","CARD","Mobile","AE","AE","1","21","5","5678","false","0"
"MLTXN-001405","CUST-ML-0212","2895","BANK_TRANSFER","Desktop","SA","SA","1","21","3","1203","false","0"
"MLTXN-001406","CUST-ML-0231","2200","UPI","Mobile","IN","IN","1","464","14","1500","false","0"
"MLTXN-001407","CUST-ML-0253","960","CARD","Mobile","IN","IN","0","593","22","629","false","0"
"MLTXN-001408","CUST-ML-0142","607","WALLET","Mobile","AU","AU","0","1084","19","909","false","0"
"MLTXN-001409","CUST-ML-0016","1179","CARD","Mobile","GB","GB","0","740","18","3112","false","1"
"MLTXN-001410","CUST-ML-0239","1425","UPI","Desktop","IN","IN","0","393","11","463","false","0"
"MLTXN-001411","CUST-ML-0570","1488","CARD","Mobile","GB","GB","2","542","21","1268","false","0"
"MLTXN-001412","CUST-ML-0523","5830","CARD","Mobile","IN","IN","1","21","4","1560","false","1"
"MLTXN-001413","CUST-ML-0486","3578","CARD","Mobile","SG","SG","0","230","4","1215","false","0"
"MLTXN-001414","CUST-ML-0434","877","CARD","Mobile","US","US","0","575","24","1423","false","0"
"MLTXN-001415","CUST-ML-0587","10320","UPI","Desktop","IN","IN","1","553","16","2711","false","0"
"MLTXN-001416","CUST-ML-0336","2610","BANK_TRANSFER","Mobile","IN","IN","0","504","13","2262","false","0"
"MLTXN-001417","CUST-ML-0564","1595","BANK_TRANSFER","Mobile","AU","AU","0","64","8","2453","false","0"
"MLTXN-001418","CUST-ML-0031","2883","UPI","Mobile","IN","IN","0","17","4","13359","false","0"
"MLTXN-001419","CUST-ML-0221","1401","UPI","Mobile","IN","IN","0","208","3","2826","false","1"
"MLTXN-001420","CUST-ML-0312","2146","NETBANKING","Mobile","GB","GB","0","2","5","2663","false","0"
"MLTXN-001421","CUST-ML-0511","3047","CARD","Desktop","IN","IN","2","416","15","2653","false","0"
"MLTXN-001422","CUST-ML-0505","338","UPI","Mobile","IN","IN","0","493","20","435","false","0"
"MLTXN-001423","CUST-ML-0368","1254","UPI","Mobile","IN","IN","0","1041","30","1064","false","0"
"MLTXN-001424","CUST-ML-0204","2221","UPI","Desktop","SA","IN","0","384","11","2164","false","1"
"MLTXN-001425","CUST-ML-0226","1795","BANK_TRANSFER","Mobile","IN","IN","1","896","20","980","false","0"
"MLTXN-001426","CUST-ML-0455","1939","CARD","Desktop","IN","IN","1","1125","25","532","false","0"
"MLTXN-001427","CUST-ML-0364","694","CARD","Mobile","GB","GB","1","167","2","931","false","0"
"MLTXN-001428","CUST-ML-0153","1257","WALLET","Mobile","IN","IN","0","630","11","1272","false","0"
"MLTXN-001429","CUST-ML-0238","8096","UPI","Mobile","IN","IN","0","853","19","5388","false","1"
"MLTXN-001430","CUST-ML-0060","1306","CARD","Desktop","IN","IN","1","1112","30","3300","false","0"
"MLTXN-001431","CUST-ML-0243","1300","NETBANKING","Mobile","IN","IN","2","430","6","2779","false","0"
"MLTXN-001432","CUST-ML-0067","1012","UPI","Mobile","IN","IN","0","21","4","754","false","0"
"MLTXN-001433","CUST-ML-0430","929","CARD","Mobile","SG","SG","0","1402","17","909","false","1"
"MLTXN-001434","CUST-ML-0102","816","BANK_TRANSFER","Desktop","AE","AE","0","748","18","903","false","0"
"MLTXN-001435","CUST-ML-0440","1341","NETBANKING","Mobile","SG","SG","0","204","7","1119","false","1"
"MLTXN-001436","CUST-ML-0372","3852","UPI","Desktop","IN","IN","0","431","10","1633","false","0"
"MLTXN-001437","CUST-ML-0036","630","UPI","Mobile","IN","IN","0","947","12","370","false","0"
"MLTXN-001438","CUST-ML-0096","3797","NETBANKING","Mobile","IN","IN","0","185","7","4592","false","0"
"MLTXN-001439","CUST-ML-0392","6650","NETBANKING","Mobile","IN","IN","0","921","25","1547","false","0"
"MLTXN-001440","CUST-ML-0328","680","CARD","Desktop","US","US","2","21","3","594","false","0"
"MLTXN-001441","CUST-ML-0475","1207","CARD","Desktop","IN","IN","1","18","5","1464","false","0"
"MLTXN-001442","CUST-ML-0302","697","UPI","Tablet","IN","IN","0","961","21","1552","false","0"
"MLTXN-001443","CUST-ML-0258","836","WALLET","Mobile","IN","IN","0","72","4","933","false","0"
"MLTXN-001444","CUST-ML-0045","162","UPI","Mobile","IN","IN","0","472","6","471","false","0"
"MLTXN-001445","CUST-ML-0265","6065","UPI","Mobile","IN","IN","0","476","5","1906","false","1"
"MLTXN-001446","CUST-ML-0051","5856","WALLET","Mobile","IN","IN","0","133","6","4087","false","0"
"MLTXN-001447","CUST-ML-0558","4126","NETBANKING","Desktop","AU","AU","0","505","10","2590","false","0"
"MLTXN-001448","CUST-ML-0202","4759","CARD","Desktop","IN","IN","2","293","13","7570","false","0"
"MLTXN-001449","CUST-ML-0541","229","CARD","Desktop","SA","SA","1","1116","28","1574","false","0"
"MLTXN-001450","CUST-ML-0473","615","NETBANKING","Mobile","IN","IN","1","21","2","1232","false","0"
"MLTXN-001451","CUST-ML-0567","991","WALLET","Mobile","SG","SG","0","1004","24","1640","false","0"
"MLTXN-001452","CUST-ML-0188","1351","CARD","Mobile","GB","IN","0","21","6","1123","false","0"
"MLTXN-001453","CUST-ML-0298","5914","UPI","Mobile","IN","IN","0","440","15","2342","false","0"
"MLTXN-001454","CUST-ML-0272","7412","CARD","Mobile","US","US","0","11","6","2686","false","1"
"MLTXN-001455","CUST-ML-0147","6059","UPI","Mobile","IN","IN","0","14","2","1791","false","0"
"MLTXN-001456","CUST-ML-0162","470","WALLET","Desktop","SG","SG","0","9","6","957","false","0"
"MLTXN-001457","CUST-ML-0073","717","NETBANKING","Mobile","IN","IN","0","637","10","854","false","0"
"MLTXN-001458","CUST-ML-0112","1263","CARD","Desktop","IN","IN","5","434","7","950","false","0"
"MLTXN-001459","CUST-ML-0017","1519","CARD","Mobile","IN","IN","0","521","10","982","false","0"
"MLTXN-001460","CUST-ML-0384","529","UPI","Desktop","IN","IN","0","18","6","668","false","0"
"MLTXN-001461","CUST-ML-0597","1322","UPI","Mobile","AE","AE","2","773","18","1865","false","0"
"MLTXN-001462","CUST-ML-0118","1042","CARD","Mobile","US","US","0","586","17","1764","false","0"
"MLTXN-001463","CUST-ML-0374","2164","UPI","Desktop","IN","IN","0","630","23","1564","false","0"
"MLTXN-001464","CUST-ML-0551","1284","UPI","Mobile","IN","IN","0","124","4","1309","false","0"
"MLTXN-001465","CUST-ML-0229","595","UPI","Mobile","IN","IN","0","14","6","1589","false","0"
"MLTXN-001466","CUST-ML-0526","1400","WALLET","Mobile","IN","IN","0","504","19","1139","false","0"
"MLTXN-001467","CUST-ML-0199","1708","UPI","Mobile","IN","IN","1","338","13","2070","false","0"
"MLTXN-001468","CUST-ML-0164","5483","UPI","Tablet","IN","IN","1","150","5","3728","false","0"
"MLTXN-001469","CUST-ML-0073","918","NETBANKING","Mobile","IN","IN","0","637","11","968","false","0"
"MLTXN-001470","CUST-ML-0546","1464","UPI","Mobile","IN","AU","0","597","23","913","false","0"
"MLTXN-001471","CUST-ML-0578","4145","UPI","Mobile","IN","IN","0","428","14","3505","false","0"
"MLTXN-001472","CUST-ML-0289","1503","BANK_TRANSFER","Desktop","SA","SA","0","21","4","2514","false","0"
"MLTXN-001473","CUST-ML-0230","1124","UPI","Mobile","IN","IN","1","470","9","1537","false","0"
"MLTXN-001474","CUST-ML-0445","489","CARD","Mobile","AU","AU","0","15","3","923","false","0"
"MLTXN-001475","CUST-ML-0027","708","UPI","Desktop","SG","SG","0","699","22","389","false","0"
"MLTXN-001476","CUST-ML-0397","285","UPI","Mobile","IN","IN","1","853","32","298","false","0"
"MLTXN-001477","CUST-ML-0047","14693","NETBANKING","Mobile","US","US","0","21","2","1899","false","0"
"MLTXN-001478","CUST-ML-0189","659","UPI","Mobile","IN","IN","1","14","5","592","false","1"
"MLTXN-001479","CUST-ML-0084","1838","UPI","Desktop","IN","IN","0","602","24","3010","false","0"
"MLTXN-001480","CUST-ML-0306","9511","WALLET","Mobile","IN","IN","0","369","12","3107","false","0"
"MLTXN-001481","CUST-ML-0410","2754","CARD","Desktop","IN","AE","2","21","3","1085","false","1"
"MLTXN-001482","CUST-ML-0290","2747","CARD","Tablet","US","US","0","526","10","2614","false","0"
"MLTXN-001483","CUST-ML-0542","589","CARD","Desktop","US","US","0","400","6","654","false","0"
"MLTXN-001484","CUST-ML-0541","1095","NETBANKING","Desktop","SA","SA","0","1116","29","1338","false","0"
"MLTXN-001485","CUST-ML-0167","843","CARD","Mobile","IN","IN","0","5","3","1222","false","0"
"MLTXN-001486","CUST-ML-0292","2950","NETBANKING","Mobile","DE","DE","1","11","2","2912","false","0"
"MLTXN-001487","CUST-ML-0393","764","CARD","Desktop","AE","AE","0","21","2","1625","false","0"
"MLTXN-001488","CUST-ML-0413","1957","CARD","Mobile","US","US","1","6","4","1441","false","0"
"MLTXN-001489","CUST-ML-0171","1868","CARD","Desktop","IN","IN","0","2","3","2953","false","0"
"MLTXN-001490","CUST-ML-0046","1065","CARD","Mobile","SG","SG","0","146","4","1065","false","0"
"MLTXN-001491","CUST-ML-0404","1516","CARD","Desktop","SA","SA","0","15","3","2692","false","1"
"MLTXN-001492","CUST-ML-0544","898","CARD","Mobile","IN","IN","1","20","2","1073","false","1"
"MLTXN-001493","CUST-ML-0154","4265","CARD","Desktop","SA","SA","0","20","4","1835","false","0"
"MLTXN-001494","CUST-ML-0395","2027","CARD","Mobile","AU","AU","5","20","1","1717","false","0"
"MLTXN-001495","CUST-ML-0222","2164","UPI","Mobile","IN","IN","0","109","7","1671","false","0"
"MLTXN-001496","CUST-ML-0435","1335","UPI","Desktop","SA","SA","0","14","1","1548","true","0"
"MLTXN-001497","CUST-ML-0213","1772","UPI","Mobile","IN","IN","0","20","3","1258","false","1"
"MLTXN-001498","CUST-ML-0096","2598","NETBANKING","Desktop","IN","IN","1","185","8","3240","false","1"
"MLTXN-001499","CUST-ML-0004","2083","UPI","Tablet","IN","IN","0","279","3","1538","false","0"
"MLTXN-001500","CUST-ML-0385","6872","WALLET","Mobile","SG","SG","2","859","22","4683","false","1"
"MLTXN-001501","CUST-ML-0462","2244","NETBANKING","Desktop","IN","IN","0","580","25","1570","false","0"
"MLTXN-001502","CUST-ML-0595","2869","UPI","Mobile","IN","IN","0","86","4","1410","false","1"
"MLTXN-001503","CUST-ML-0212","1071","BANK_TRANSFER","Desktop","SA","SA","0","21","4","1046","false","0"
"MLTXN-001504","CUST-ML-0124","2112","NETBANKING","Mobile","IN","IN","0","54","7","1228","false","0"
"MLTXN-001505","CUST-ML-0064","199","CARD","Tablet","IN","IN","0","21","3","403","false","0"
"MLTXN-001506","CUST-ML-0256","2458","WALLET","Desktop","IN","IN","0","1020","15","2485","false","0"
"MLTXN-001507","CUST-ML-0470","998","BANK_TRANSFER","Mobile","IN","IN","0","870","32","595","false","0"
"MLTXN-001508","CUST-ML-0303","423","UPI","Mobile","IN","IN","0","127","9","757","false","0"
"MLTXN-001509","CUST-ML-0433","7487","CARD","Tablet","US","US","1","610","5","3224","false","0"
"MLTXN-001510","CUST-ML-0224","1234","UPI","Desktop","IN","IN","0","227","6","2034","false","0"
"MLTXN-001511","CUST-ML-0268","1177","NETBANKING","Desktop","IN","IN","5","489","11","677","false","0"
"MLTXN-001512","CUST-ML-0016","1551","UPI","Mobile","GB","GB","0","740","19","2729","false","0"
"MLTXN-001513","CUST-ML-0139","1890","CARD","Desktop","AE","AE","0","546","22","1126","false","0"
"MLTXN-001514","CUST-ML-0160","1733","UPI","Mobile","US","US","0","412","9","2727","false","0"
"MLTXN-001515","CUST-ML-0525","1751","UPI","Desktop","US","US","0","776","12","789","false","0"
"MLTXN-001516","CUST-ML-0197","1049","CARD","Mobile","AU","IN","0","13","5","2419","false","0"
"MLTXN-001517","CUST-ML-0034","5951","NETBANKING","Desktop","IN","IN","0","1118","14","3690","false","0"
"MLTXN-001518","CUST-ML-0578","2855","UPI","Mobile","IN","IN","0","428","15","2020","false","0"
"MLTXN-001519","CUST-ML-0393","2109","CARD","Mobile","AE","AE","0","21","3","1287","false","0"
"MLTXN-001520","CUST-ML-0557","708","WALLET","Desktop","SG","US","1","3","6","1317","false","1"
"MLTXN-001521","CUST-ML-0409","515","CARD","Mobile","IN","IN","2","191","5","666","false","0"
"MLTXN-001522","CUST-ML-0306","2782","WALLET","Mobile","DE","IN","0","369","13","3344","false","0"
"MLTXN-001523","CUST-ML-0116","495","CARD","Desktop","IN","IN","2","11","1","774","true","1"
"MLTXN-001524","CUST-ML-0002","848","CARD","Mobile","IN","IN","0","520","11","471","false","0"
"MLTXN-001525","CUST-ML-0453","1002","BANK_TRANSFER","Desktop","IN","IN","0","522","8","1889","false","0"
"MLTXN-001526","CUST-ML-0103","1909","UPI","Desktop","DE","DE","2","329","4","2468","false","1"
"MLTXN-001527","CUST-ML-0114","1289","WALLET","Desktop","IN","IN","0","4","1","831","true","0"
"MLTXN-001528","CUST-ML-0179","12737","CARD","Mobile","IN","IN","0","541","15","7044","false","0"
"MLTXN-001529","CUST-ML-0456","537","CARD","Mobile","IN","IN","1","351","17","1672","false","0"
"MLTXN-001530","CUST-ML-0495","1009","UPI","Desktop","IN","IN","0","363","7","1148","false","1"
"MLTXN-001531","CUST-ML-0091","7203","UPI","Mobile","CA","CA","0","651","21","2167","false","0"
"MLTXN-001532","CUST-ML-0383","1892","CARD","Mobile","US","US","2","21","2","2371","false","0"
"MLTXN-001533","CUST-ML-0556","1503","UPI","Mobile","AE","AE","2","14","3","3846","false","0"
"MLTXN-001534","CUST-ML-0027","484","UPI","Tablet","SG","SG","1","699","23","381","false","1"
"MLTXN-001535","CUST-ML-0567","3232","CARD","Mobile","SG","SG","0","1004","25","1423","false","0"
"MLTXN-001536","CUST-ML-0373","1078","UPI","Mobile","IN","IN","0","908","25","1023","false","0"
"MLTXN-001537","CUST-ML-0165","1117","UPI","Mobile","IN","IN","0","44","3","1444","false","0"
"MLTXN-001538","CUST-ML-0016","1322","UPI","Mobile","GB","GB","0","740","20","2921","false","0"
"MLTXN-001539","CUST-ML-0537","1960","UPI","Desktop","IN","IN","0","327","8","2800","false","0"
"MLTXN-001540","CUST-ML-0388","6796","NETBANKING","Mobile","IN","IN","0","15","3","1974","false","1"
"MLTXN-001541","CUST-ML-0260","3335","NETBANKING","Mobile","IN","IN","0","628","23","1573","false","0"
"MLTXN-001542","CUST-ML-0084","2009","NETBANKING","Mobile","IN","IN","0","602","25","2508","false","0"
"MLTXN-001543","CUST-ML-0064","304","UPI","Mobile","IN","IN","0","21","4","333","false","0"
"MLTXN-001544","CUST-ML-0162","1088","NETBANKING","Mobile","SG","SG","0","9","7","911","false","0"
"MLTXN-001545","CUST-ML-0380","13390","UPI","Desktop","AE","IN","0","13","3","11310","false","0"
"MLTXN-001546","CUST-ML-0541","442","NETBANKING","Desktop","SA","SA","0","1116","30","1058","false","0"
"MLTXN-001547","CUST-ML-0322","3989","CARD","Mobile","IN","IN","0","18","5","5542","false","0"
"MLTXN-001548","CUST-ML-0404","1385","UPI","Desktop","SA","SA","0","15","4","2731","false","0"
"MLTXN-001549","CUST-ML-0505","253","WALLET","Mobile","IN","IN","1","493","21","397","false","0"
"MLTXN-001550","CUST-ML-0444","1364","UPI","Mobile","US","US","0","659","12","2174","false","0"
"MLTXN-001551","CUST-ML-0214","4780","WALLET","Mobile","US","US","0","16","3","1383","false","0"
"MLTXN-001552","CUST-ML-0536","860","NETBANKING","Desktop","SA","SA","1","4","3","653","false","0"
"MLTXN-001553","CUST-ML-0232","1230","CARD","Mobile","SG","SG","1","503","14","1288","false","1"
"MLTXN-001554","CUST-ML-0142","1863","WALLET","Mobile","AU","AU","1","1084","20","1200","false","0"
"MLTXN-001555","CUST-ML-0365","768","CARD","Mobile","IN","IN","0","527","19","1310","false","0"
"MLTXN-001556","CUST-ML-0430","651","WALLET","Mobile","SG","SG","0","1402","18","837","false","0"
"MLTXN-001557","CUST-ML-0301","9127","UPI","Mobile","US","US","0","938","23","6705","false","0"
"MLTXN-001558","CUST-ML-0243","1298","CARD","Mobile","IN","IN","2","430","7","2133","false","0"
"MLTXN-001559","CUST-ML-0002","1174","BANK_TRANSFER","Mobile","IN","IN","0","520","12","849","false","0"
"MLTXN-001560","CUST-ML-0230","1195","UPI","Mobile","IN","IN","0","470","10","1548","false","0"
"MLTXN-001561","CUST-ML-0409","5854","CARD","Mobile","IN","IN","0","191","6","1136","false","0"
"MLTXN-001562","CUST-ML-0046","1181","CARD","Mobile","SG","SG","0","146","5","802","false","0"
"MLTXN-001563","CUST-ML-0024","850","UPI","Mobile","GB","AU","1","77","4","1039","false","1"
"MLTXN-001564","CUST-ML-0132","165","CARD","Mobile","IN","IN","1","609","18","852","false","0"
"MLTXN-001565","CUST-ML-0257","1503","UPI","Desktop","IN","IN","1","797","14","1579","false","0"
"MLTXN-001566","CUST-ML-0035","638","UPI","Mobile","IN","IN","2","403","9","1367","false","0"
"MLTXN-001567","CUST-ML-0150","1221","CARD","Tablet","SG","IN","0","1160","37","2088","false","0"
"MLTXN-001568","CUST-ML-0261","6026","UPI","Mobile","IN","IN","2","385","6","2783","false","0"
"MLTXN-001569","CUST-ML-0492","786","WALLET","Mobile","IN","IN","1","541","16","1349","false","0"
"MLTXN-001570","CUST-ML-0120","458","CARD","Mobile","US","US","0","709","21","1216","false","1"
"MLTXN-001571","CUST-ML-0260","3676","NETBANKING","Mobile","IN","IN","0","628","24","2034","false","0"
"MLTXN-001572","CUST-ML-0331","3582","NETBANKING","Mobile","IN","IN","1","517","14","4208","false","1"
"MLTXN-001573","CUST-ML-0532","534","NETBANKING","Desktop","IN","IN","0","705","26","1529","false","0"
"MLTXN-001574","CUST-ML-0198","4202","UPI","Mobile","IN","IN","0","307","12","5979","false","0"
"MLTXN-001575","CUST-ML-0463","4567","UPI","Mobile","IN","IN","0","822","31","3131","false","1"
"MLTXN-001576","CUST-ML-0155","2477","UPI","Mobile","CA","CA","0","384","7","2383","false","0"
"MLTXN-001577","CUST-ML-0547","4276","NETBANKING","Mobile","GB","GB","2","514","17","3127","false","0"
"MLTXN-001578","CUST-ML-0009","5960","UPI","Mobile","IN","IN","4","448","14","8570","false","1"
"MLTXN-001579","CUST-ML-0054","1334","CARD","Mobile","AU","AU","0","359","11","1085","false","0"
"MLTXN-001580","CUST-ML-0576","2429","BANK_TRANSFER","Mobile","IN","IN","0","669","15","1100","false","0"
"MLTXN-001581","CUST-ML-0036","338","UPI","Mobile","IN","IN","1","947","13","370","false","0"
"MLTXN-001582","CUST-ML-0070","3331","WALLET","Desktop","AE","AE","0","420","16","2264","false","0"
"MLTXN-001583","CUST-ML-0004","1825","NETBANKING","Tablet","IN","IN","1","279","4","1681","false","1"
"MLTXN-001584","CUST-ML-0433","3227","CARD","Tablet","US","US","0","610","6","2337","false","0"
"MLTXN-001585","CUST-ML-0123","955","CARD","Mobile","IN","IN","0","1189","12","1379","false","0"
"MLTXN-001586","CUST-ML-0143","11152","CARD","Desktop","SG","SG","0","67","7","9801","false","0"
"MLTXN-001587","CUST-ML-0522","1944","CARD","Mobile","US","US","0","943","15","2189","false","0"
"MLTXN-001588","CUST-ML-0206","31109","CARD","Mobile","AE","AE","1","21","6","6623","false","0"
"MLTXN-001589","CUST-ML-0551","344","UPI","Mobile","IN","IN","3","124","5","1023","false","0"
"MLTXN-001590","CUST-ML-0580","3850","CARD","Desktop","IN","IN","0","20","2","4534","false","0"
"MLTXN-001591","CUST-ML-0536","425","UPI","Desktop","SA","SA","0","4","4","728","false","1"
"MLTXN-001592","CUST-ML-0056","215","UPI","Mobile","IN","IN","1","349","13","469","false","0"
"MLTXN-001593","CUST-ML-0291","1334","UPI","Desktop","IN","IN","0","579","20","2205","false","0"
"MLTXN-001594","CUST-ML-0122","451","NETBANKING","Mobile","IN","IN","0","41","4","476","false","0"
"MLTXN-001595","CUST-ML-0416","216","CARD","Mobile","US","US","0","655","15","399","false","0"
"MLTXN-001596","CUST-ML-0512","2168","BANK_TRANSFER","Tablet","IN","IN","0","877","13","1856","false","0"
"MLTXN-001597","CUST-ML-0265","864","UPI","Mobile","IN","IN","1","476","6","1944","false","0"
"MLTXN-001598","CUST-ML-0145","4621","NETBANKING","Mobile","IN","IN","0","667","18","3192","false","0"
"MLTXN-001599","CUST-ML-0182","2108","WALLET","Desktop","IN","IN","0","639","23","3306","false","0"
"MLTXN-001600","CUST-ML-0037","2589","BANK_TRANSFER","Tablet","IN","IN","0","121","6","3297","false","0"
"MLTXN-001601","CUST-ML-0116","792","CARD","Desktop","IN","IN","0","11","2","982","false","0"
"MLTXN-001602","CUST-ML-0161","3254","BANK_TRANSFER","Mobile","IN","IN","3","20","4","8610","false","0"
"MLTXN-001603","CUST-ML-0274","2624","UPI","Mobile","IN","IN","0","531","14","2289","false","1"
"MLTXN-001604","CUST-ML-0133","1178","CARD","Desktop","IN","IN","0","294","7","2536","false","0"
"MLTXN-001605","CUST-ML-0412","1024","UPI","Desktop","US","IN","0","590","15","802","false","0"
"MLTXN-001606","CUST-ML-0547","8127","CARD","Mobile","GB","GB","0","514","18","2384","false","0"
"MLTXN-001607","CUST-ML-0244","1249","NETBANKING","Tablet","IN","IN","1","515","23","1044","false","0"
"MLTXN-001608","CUST-ML-0072","11150","CARD","Mobile","CA","CA","0","424","10","885","false","1"
"MLTXN-001609","CUST-ML-0128","800","NETBANKING","Mobile","IN","IN","0","39","5","1097","false","0"
"MLTXN-001610","CUST-ML-0095","3677","UPI","Desktop","IN","IN","0","764","19","2728","false","0"
"MLTXN-001611","CUST-ML-0070","2235","WALLET","Mobile","SA","AE","1","420","17","2181","false","0"
"MLTXN-001612","CUST-ML-0453","748","CARD","Desktop","IN","IN","0","522","9","1715","false","1"
"MLTXN-001613","CUST-ML-0046","1827","CARD","Mobile","SG","SG","1","146","6","1001","false","0"
"MLTXN-001614","CUST-ML-0129","3006","NETBANKING","Mobile","DE","DE","0","1094","18","3995","false","0"
"MLTXN-001615","CUST-ML-0375","8804","UPI","Desktop","IN","IN","0","183","4","9972","false","0"
"MLTXN-001616","CUST-ML-0175","1793","NETBANKING","Mobile","AE","AE","0","209","4","1403","false","0"
"MLTXN-001617","CUST-ML-0075","2435","CARD","Mobile","SG","IN","2","594","16","2291","false","0"
"MLTXN-001618","CUST-ML-0301","10319","WALLET","Mobile","US","US","0","938","24","9263","false","0"
"MLTXN-001619","CUST-ML-0377","695","CARD","Tablet","IN","IN","0","660","25","1315","false","0"
"MLTXN-001620","CUST-ML-0205","2061","UPI","Desktop","IN","IN","1","573","15","2642","false","0"
"MLTXN-001621","CUST-ML-0510","705","UPI","Desktop","CA","CA","1","551","15","656","false","0"
"MLTXN-001622","CUST-ML-0177","2752","UPI","Tablet","US","US","0","244","7","872","false","0"
"MLTXN-001623","CUST-ML-0413","2798","UPI","Mobile","US","US","1","6","5","1244","false","0"
"MLTXN-001624","CUST-ML-0197","3733","CARD","Mobile","IN","IN","0","13","6","1962","false","0"
"MLTXN-001625","CUST-ML-0394","1731","BANK_TRANSFER","Tablet","IN","IN","1","455","20","3925","false","0"
"MLTXN-001626","CUST-ML-0189","1029","CARD","Mobile","IN","IN","0","14","6","551","false","0"
"MLTXN-001627","CUST-ML-0584","508","CARD","Mobile","IN","IN","0","755","25","817","false","0"
"MLTXN-001628","CUST-ML-0156","2242","NETBANKING","Mobile","GB","GB","2","690","23","3869","false","0"
"MLTXN-001629","CUST-ML-0526","508","WALLET","Mobile","IN","IN","2","504","20","1038","false","0"
"MLTXN-001630","CUST-ML-0232","10531","UPI","Desktop","SG","SG","6","503","15","978","false","1"
"MLTXN-001631","CUST-ML-0592","4933","NETBANKING","Desktop","CA","CA","0","860","34","3636","false","0"
"MLTXN-001632","CUST-ML-0334","710","CARD","Mobile","IN","IN","0","462","12","441","false","0"
"MLTXN-001633","CUST-ML-0552","3919","CARD","Mobile","AE","AE","0","746","10","2338","false","0"
"MLTXN-001634","CUST-ML-0395","912","CARD","Mobile","AU","AU","0","20","2","1889","false","0"
"MLTXN-001635","CUST-ML-0455","756","CARD","Mobile","IN","IN","0","1125","26","558","false","0"
"MLTXN-001636","CUST-ML-0371","736","UPI","Mobile","IN","IN","0","567","18","883","false","0"
"MLTXN-001637","CUST-ML-0382","3056","UPI","Desktop","AE","AE","0","327","9","7551","false","0"
"MLTXN-001638","CUST-ML-0359","998","UPI","Mobile","IN","IN","1","15","0","912","false","1"
"MLTXN-001639","CUST-ML-0239","457","WALLET","Desktop","IN","IN","0","393","12","537","false","0"
"MLTXN-001640","CUST-ML-0546","988","UPI","Mobile","AU","AU","0","597","24","1159","false","0"
"MLTXN-001641","CUST-ML-0208","7803","UPI","Desktop","IN","IN","0","405","14","5744","false","0"
"MLTXN-001642","CUST-ML-0014","6812","CARD","Desktop","IN","IN","0","619","23","7605","false","0"
"MLTXN-001643","CUST-ML-0190","8115","UPI","Mobile","IN","IN","0","173","11","1596","false","0"
"MLTXN-001644","CUST-ML-0209","4444","CARD","Desktop","IN","IN","2","18","5","730","false","0"
"MLTXN-001645","CUST-ML-0081","1099","CARD","Mobile","IN","IN","1","873","29","1239","false","0"
"MLTXN-001646","CUST-ML-0396","18929","WALLET","Mobile","US","US","1","702","17","2159","false","1"
"MLTXN-001647","CUST-ML-0299","1648","CARD","Desktop","US","US","0","354","10","1302","false","0"
"MLTXN-001648","CUST-ML-0511","3384","CARD","Desktop","IN","IN","0","416","16","2354","false","1"
"MLTXN-001649","CUST-ML-0244","2338","NETBANKING","Tablet","IN","IN","0","515","24","1103","false","0"
"MLTXN-001650","CUST-ML-0007","935","UPI","Tablet","AE","AE","1","793","21","2390","false","0"
"MLTXN-001651","CUST-ML-0326","2061","UPI","Mobile","IN","IN","2","6","3","1198","false","0"
"MLTXN-001652","CUST-ML-0455","1106","CARD","Mobile","IN","IN","0","1125","27","766","false","0"
"MLTXN-001653","CUST-ML-0215","635","CARD","Mobile","IN","IN","1","284","10","427","false","0"
"MLTXN-001654","CUST-ML-0321","1651","BANK_TRANSFER","Desktop","US","US","0","277","10","1137","false","0"
"MLTXN-001655","CUST-ML-0563","2840","UPI","Mobile","IN","IN","0","10","2","1357","false","0"
"MLTXN-001656","CUST-ML-0177","1789","WALLET","Tablet","US","US","0","244","8","1154","false","0"
"MLTXN-001657","CUST-ML-0511","2025","BANK_TRANSFER","Desktop","IN","IN","0","416","17","2176","false","0"
"MLTXN-001658","CUST-ML-0215","423","CARD","Desktop","IN","IN","0","284","11","511","false","0"
"MLTXN-001659","CUST-ML-0562","11349","CARD","Mobile","AE","AE","0","561","9","4855","false","0"
"MLTXN-001660","CUST-ML-0451","1108","CARD","Mobile","CA","CA","0","923","26","1135","false","0"
"MLTXN-001661","CUST-ML-0258","876","WALLET","Mobile","IN","IN","1","72","5","966","false","0"
"MLTXN-001662","CUST-ML-0161","3967","UPI","Mobile","IN","IN","0","20","5","6494","false","1"
"MLTXN-001663","CUST-ML-0549","428","CARD","Mobile","IN","IN","0","20","5","425","false","1"
"MLTXN-001664","CUST-ML-0071","29442","WALLET","Desktop","IN","IN","0","21","5","3152","false","1"
"MLTXN-001665","CUST-ML-0016","3769","UPI","Mobile","GB","GB","0","740","21","3422","false","0"
"MLTXN-001666","CUST-ML-0313","1751","UPI","Mobile","IN","IN","0","709","12","1054","false","0"
"MLTXN-001667","CUST-ML-0279","3152","CARD","Mobile","SG","SG","0","19","1","3494","false","0"
"MLTXN-001668","CUST-ML-0481","1533","UPI","Desktop","IN","IN","6","940","29","1958","false","1"
"MLTXN-001669","CUST-ML-0474","1888","UPI","Mobile","IN","IN","0","937","34","1625","false","0"
"MLTXN-001670","CUST-ML-0080","3805","UPI","Mobile","IN","IN","0","1152","17","2262","false","0"
"MLTXN-001671","CUST-ML-0032","6570","CARD","Desktop","SG","IN","0","493","6","2910","false","0"
"MLTXN-001672","CUST-ML-0446","2458","UPI","Mobile","IN","IN","0","8","3","3382","false","1"
"MLTXN-001673","CUST-ML-0436","2223","UPI","Tablet","IN","IN","1","3","3","3737","false","0"
"MLTXN-001674","CUST-ML-0156","3249","UPI","Mobile","GB","GB","0","690","24","3246","false","0"
"MLTXN-001675","CUST-ML-0536","426","NETBANKING","Desktop","SA","SA","0","4","5","880","false","1"
"MLTXN-001676","CUST-ML-0346","3271","WALLET","Desktop","IN","US","0","279","6","3475","false","0"
"MLTXN-001677","CUST-ML-0405","5884","UPI","Mobile","AE","AE","0","450","13","6231","false","0"
"MLTXN-001678","CUST-ML-0368","3221","UPI","Mobile","IN","IN","0","1041","31","1025","false","0"
"MLTXN-001679","CUST-ML-0593","17819","CARD","Mobile","IN","IN","0","723","31","1783","false","0"
"MLTXN-001680","CUST-ML-0238","13428","UPI","Mobile","IN","IN","0","853","20","3922","false","0"
"MLTXN-001681","CUST-ML-0168","907","CARD","Mobile","GB","GB","0","809","30","590","false","0"
"MLTXN-001682","CUST-ML-0544","1518","UPI","Mobile","IN","IN","0","20","3","932","false","0"
"MLTXN-001683","CUST-ML-0457","1590","CARD","Mobile","IN","IN","0","229","7","1351","false","0"
"MLTXN-001684","CUST-ML-0358","801","UPI","Mobile","GB","GB","0","455","11","1462","false","0"
"MLTXN-001685","CUST-ML-0532","199","CARD","Desktop","IN","IN","0","705","27","707","false","0"
"MLTXN-001686","CUST-ML-0385","4099","WALLET","Mobile","IN","SG","0","859","23","6317","false","0"
"MLTXN-001687","CUST-ML-0216","3236","CARD","Tablet","AE","AE","0","546","12","1997","false","0"
"MLTXN-001688","CUST-ML-0353","3934","CARD","Mobile","IN","IN","0","443","9","3061","false","0"
"MLTXN-001689","CUST-ML-0428","1440","UPI","Desktop","IN","IN","0","512","7","1038","false","0"
"MLTXN-001690","CUST-ML-0563","2399","UPI","Mobile","IN","IN","0","10","3","1962","false","0"
"MLTXN-001691","CUST-ML-0501","377","CARD","Tablet","US","US","1","714","29","1096","false","0"
"MLTXN-001692","CUST-ML-0310","3117","NETBANKING","Desktop","IN","IN","0","21","3","1775","false","0"
"MLTXN-001693","CUST-ML-0585","1150","UPI","Mobile","IN","IN","0","547","12","2423","false","0"
"MLTXN-001694","CUST-ML-0408","1478","WALLET","Tablet","IN","IN","0","11","4","1747","false","0"
"MLTXN-001695","CUST-ML-0400","7663","UPI","Mobile","IN","IN","0","256","8","845","false","1"
"MLTXN-001696","CUST-ML-0461","463","CARD","Mobile","AU","AU","0","534","16","467","false","0"
"MLTXN-001697","CUST-ML-0373","621","UPI","Mobile","IN","IN","0","908","26","926","false","0"
"MLTXN-001698","CUST-ML-0244","605","NETBANKING","Desktop","IN","IN","0","515","25","697","false","0"
"MLTXN-001699","CUST-ML-0370","747","NETBANKING","Mobile","SG","SG","1","21","3","2488","false","0"
"MLTXN-001700","CUST-ML-0226","1993","CARD","Mobile","IN","IN","1","896","21","1138","false","0"
"MLTXN-001701","CUST-ML-0353","2755","UPI","Mobile","IN","IN","1","443","10","2476","false","0"
"MLTXN-001702","CUST-ML-0403","826","CARD","Mobile","US","US","1","594","14","828","false","1"
"MLTXN-001703","CUST-ML-0139","596","CARD","Desktop","AE","AE","0","546","23","1219","false","1"
"MLTXN-001704","CUST-ML-0262","589","WALLET","Mobile","IN","IN","0","19","3","434","false","0"
"MLTXN-001705","CUST-ML-0569","5016","UPI","Mobile","US","US","1","624","10","6222","false","0"
"MLTXN-001706","CUST-ML-0469","2851","CARD","Mobile","IN","IN","0","288","9","3431","false","0"
"MLTXN-001707","CUST-ML-0588","1386","UPI","Desktop","IN","IN","0","507","16","1647","false","0"
"MLTXN-001708","CUST-ML-0577","3884","CARD","Mobile","IN","IN","1","555","16","3264","false","0"
"MLTXN-001709","CUST-ML-0565","1986","UPI","Mobile","DE","DE","0","616","21","859","false","0"
"MLTXN-001710","CUST-ML-0264","781","CARD","Mobile","IN","IN","0","331","8","1146","false","0"
"MLTXN-001711","CUST-ML-0310","1808","CARD","Desktop","IN","IN","1","21","4","2895","false","0"
"MLTXN-001712","CUST-ML-0447","2068","UPI","Mobile","IN","IN","0","8","3","2537","false","0"
"MLTXN-001713","CUST-ML-0389","1121","CARD","Desktop","IN","IN","0","315","4","773","false","0"
"MLTXN-001714","CUST-ML-0402","954","UPI","Desktop","AE","AE","2","16","4","906","false","0"
"MLTXN-001715","CUST-ML-0044","5186","CARD","Mobile","IN","IN","0","427","13","4726","false","0"
"MLTXN-001716","CUST-ML-0137","2681","CARD","Desktop","IN","IN","0","575","17","1223","false","0"
"MLTXN-001717","CUST-ML-0474","15206","UPI","Mobile","IN","IN","0","937","35","1880","false","1"
"MLTXN-001718","CUST-ML-0420","2620","WALLET","Desktop","US","US","0","276","12","2707","false","0"
"MLTXN-001719","CUST-ML-0278","2098","UPI","Desktop","US","US","0","534","18","2473","false","0"
"MLTXN-001720","CUST-ML-0496","2201","CARD","Desktop","IN","IN","0","732","12","2204","false","0"
"MLTXN-001721","CUST-ML-0337","193","UPI","Desktop","IN","IN","0","21","5","857","false","0"
"MLTXN-001722","CUST-ML-0554","1421","UPI","Mobile","IN","IN","0","21","3","2421","false","0"
"MLTXN-001723","CUST-ML-0243","1105","CARD","Mobile","IN","IN","1","430","8","2533","false","1"
"MLTXN-001724","CUST-ML-0316","1963","UPI","Desktop","IN","IN","3","483","16","1877","false","0"
"MLTXN-001725","CUST-ML-0527","399","UPI","Desktop","IN","IN","0","468","14","1597","false","0"
"MLTXN-001726","CUST-ML-0380","5567","UPI","Mobile","IN","IN","0","13","4","8866","false","0"
"MLTXN-001727","CUST-ML-0107","1482","BANK_TRANSFER","Mobile","AE","IN","0","14","5","620","false","0"
"MLTXN-001728","CUST-ML-0136","1207","NETBANKING","Desktop","IN","IN","1","847","10","1530","false","0"
"MLTXN-001729","CUST-ML-0011","664","CARD","Mobile","US","US","0","584","23","1809","false","0"
"MLTXN-001730","CUST-ML-0552","2811","UPI","Mobile","AE","AE","0","746","11","2657","false","1"
"MLTXN-001731","CUST-ML-0551","878","UPI","Mobile","IN","IN","0","124","6","967","false","0"
"MLTXN-001732","CUST-ML-0382","15388","CARD","Mobile","AE","AE","0","327","10","7792","false","0"
"MLTXN-001733","CUST-ML-0076","2323","NETBANKING","Mobile","IN","IN","0","196","7","1754","false","0"
"MLTXN-001734","CUST-ML-0006","166","UPI","Desktop","IN","IN","0","204","8","350","false","1"
"MLTXN-001735","CUST-ML-0404","1871","CARD","Desktop","SA","SA","0","15","5","2480","false","0"
"MLTXN-001736","CUST-ML-0303","1216","UPI","Desktop","IN","IN","0","127","10","1004","false","0"
"MLTXN-001737","CUST-ML-0524","2974","UPI","Mobile","IN","IN","0","653","27","1848","false","0"
"MLTXN-001738","CUST-ML-0535","10526","CARD","Mobile","IN","IN","0","969","19","4244","false","0"
"MLTXN-001739","CUST-ML-0222","1983","UPI","Mobile","IN","IN","0","109","8","2235","false","0"
"MLTXN-001740","CUST-ML-0519","1537","CARD","Desktop","CA","CA","2","69","6","1758","false","0"
"MLTXN-001741","CUST-ML-0082","3811","UPI","Mobile","IN","IN","0","499","5","1471","false","0"
"MLTXN-001742","CUST-ML-0071","3991","WALLET","Desktop","IN","IN","1","21","6","3474","false","0"
"MLTXN-001743","CUST-ML-0590","653","UPI","Mobile","IN","IN","0","237","5","1566","false","0"
"MLTXN-001744","CUST-ML-0242","337","NETBANKING","Desktop","IN","US","1","21","4","303","false","0"
"MLTXN-001745","CUST-ML-0507","2097","WALLET","Desktop","IN","IN","0","377","14","724","false","0"
"MLTXN-001746","CUST-ML-0503","1421","UPI","Mobile","IN","DE","2","507","8","402","false","0"
"MLTXN-001747","CUST-ML-0086","1068","CARD","Desktop","SG","SG","0","525","18","1123","false","0"
"MLTXN-001748","CUST-ML-0576","2764","CARD","Mobile","IN","IN","0","669","16","1218","false","0"
"MLTXN-001749","CUST-ML-0289","2323","UPI","Mobile","SA","SA","1","21","5","2751","false","0"
"MLTXN-001750","CUST-ML-0050","239","CARD","Desktop","IN","IN","0","33","5","548","false","0"
"MLTXN-001751","CUST-ML-0573","1264","CARD","Desktop","IN","IN","0","189","5","1023","false","0"
"MLTXN-001752","CUST-ML-0376","2143","CARD","Mobile","IN","IN","0","683","16","2626","false","0"
"MLTXN-001753","CUST-ML-0546","11097","UPI","Mobile","AU","AU","2","597","25","1189","false","0"
"MLTXN-001754","CUST-ML-0296","4399","UPI","Tablet","IN","IN","0","373","12","2710","false","1"
"MLTXN-001755","CUST-ML-0556","7117","UPI","Mobile","AE","AE","0","14","4","3439","false","0"
"MLTXN-001756","CUST-ML-0575","1256","CARD","Mobile","SA","SA","0","139","4","1445","false","0"
"MLTXN-001757","CUST-ML-0378","1701","BANK_TRANSFER","Mobile","CA","CA","0","460","20","921","false","0"
"MLTXN-001758","CUST-ML-0441","1307","UPI","Mobile","IN","IN","0","595","14","1110","false","0"
"MLTXN-001759","CUST-ML-0089","4600","CARD","Desktop","IN","IN","1","730","11","2482","false","1"
"MLTXN-001760","CUST-ML-0226","1902","NETBANKING","Mobile","IN","IN","0","896","22","747","false","0"
"MLTXN-001761","CUST-ML-0348","2155","BANK_TRANSFER","Mobile","IN","IN","0","959","23","2610","false","0"
"MLTXN-001762","CUST-ML-0360","4634","CARD","Mobile","IN","IN","2","21","1","2998","false","1"
"MLTXN-001763","CUST-ML-0226","715","NETBANKING","Mobile","IN","IN","2","896","23","1236","false","0"
"MLTXN-001764","CUST-ML-0465","1346","CARD","Mobile","DE","DE","0","664","22","1080","false","1"
"MLTXN-001765","CUST-ML-0459","1531","UPI","Mobile","IN","IN","6","359","11","2202","false","1"
"MLTXN-001766","CUST-ML-0060","9091","CARD","Desktop","IN","IN","0","1112","31","2517","false","0"
"MLTXN-001767","CUST-ML-0200","964","UPI","Desktop","AE","AE","1","21","6","1012","false","0"
"MLTXN-001768","CUST-ML-0521","1436","CARD","Desktop","GB","GB","1","1080","31","2620","false","0"
"MLTXN-001769","CUST-ML-0136","3763","CARD","Desktop","US","IN","1","847","11","2359","false","0"
"MLTXN-001770","CUST-ML-0019","7032","CARD","Mobile","IN","IN","0","63","3","3817","false","0"
"MLTXN-001771","CUST-ML-0466","2512","CARD","Mobile","IN","GB","0","6","4","1853","false","0"
"MLTXN-001772","CUST-ML-0134","2841","WALLET","Mobile","IN","IN","0","181","9","833","false","0"
"MLTXN-001773","CUST-ML-0426","10017","UPI","Mobile","US","US","0","403","15","8397","false","0"
"MLTXN-001774","CUST-ML-0453","2285","WALLET","Desktop","IN","IN","0","522","10","994","false","0"
"MLTXN-001775","CUST-ML-0395","14206","CARD","Mobile","AU","AU","0","20","3","1274","false","1"
"MLTXN-001776","CUST-ML-0164","4606","UPI","Mobile","IN","IN","0","150","6","3812","false","0"
"MLTXN-001777","CUST-ML-0020","256","UPI","Mobile","IN","AE","0","279","10","250","false","0"
"MLTXN-001778","CUST-ML-0191","726","NETBANKING","Desktop","IN","IN","0","60","4","564","false","0"
"MLTXN-001779","CUST-ML-0476","1300","CARD","Mobile","IN","IN","0","439","6","1990","false","0"
"MLTXN-001780","CUST-ML-0321","1019","UPI","Mobile","US","US","0","277","11","1853","false","0"
"MLTXN-001781","CUST-ML-0270","13357","UPI","Mobile","GB","GB","0","21","4","8117","false","0"
"MLTXN-001782","CUST-ML-0002","1357","WALLET","Mobile","IN","IN","0","520","13","882","false","0"
"MLTXN-001783","CUST-ML-0240","2091","WALLET","Desktop","IN","IN","0","21","1","1070","false","0"
"MLTXN-001784","CUST-ML-0067","3594","CARD","Mobile","IN","IN","0","21","5","720","false","1"
"MLTXN-001785","CUST-ML-0022","3720","CARD","Desktop","IN","IN","0","21","4","2131","false","0"
"MLTXN-001786","CUST-ML-0475","660","CARD","Desktop","IN","IN","0","18","6","1373","false","0"
"MLTXN-001787","CUST-ML-0537","1155","UPI","Desktop","IN","IN","0","327","9","2103","false","0"
"MLTXN-001788","CUST-ML-0349","1480","WALLET","Desktop","IN","IN","0","14","1","1168","true","0"
"MLTXN-001789","CUST-ML-0302","916","UPI","Tablet","IN","IN","0","961","22","1217","false","0"
"MLTXN-001790","CUST-ML-0136","1499","CARD","Desktop","IN","IN","2","847","12","1585","false","0"
"MLTXN-001791","CUST-ML-0258","1169","NETBANKING","Mobile","US","IN","1","72","6","905","false","0"
"MLTXN-001792","CUST-ML-0305","583","WALLET","Mobile","US","US","0","21","5","1072","false","0"
"MLTXN-001793","CUST-ML-0284","919","NETBANKING","Desktop","US","US","0","913","13","771","false","0"
"MLTXN-001794","CUST-ML-0285","570","UPI","Mobile","IN","IN","0","553","14","1089","false","0"
"MLTXN-001795","CUST-ML-0438","1180","WALLET","Mobile","IN","IN","1","508","12","1060","false","0"
"MLTXN-001796","CUST-ML-0225","1699","UPI","Mobile","IN","IN","0","1125","13","2315","false","0"
"MLTXN-001797","CUST-ML-0169","1049","UPI","Mobile","US","US","0","3","2","2091","false","0"
"MLTXN-001798","CUST-ML-0549","290","CARD","Mobile","IN","IN","1","20","6","369","false","0"
"MLTXN-001799","CUST-ML-0406","720","UPI","Mobile","IN","IN","1","17","2","736","false","0"
"MLTXN-001800","CUST-ML-0503","840","UPI","Mobile","DE","DE","0","507","9","778","false","0"
"MLTXN-001801","CUST-ML-0381","667","CARD","Desktop","IN","IN","5","867","16","578","false","0"
"MLTXN-001802","CUST-ML-0279","4111","CARD","Desktop","SG","SG","0","19","2","2965","false","0"
"MLTXN-001803","CUST-ML-0549","473","CARD","Mobile","IN","IN","0","20","7","299","false","0"
"MLTXN-001804","CUST-ML-0093","3060","NETBANKING","Mobile","IN","IN","0","664","9","2181","false","0"
"MLTXN-001805","CUST-ML-0365","1557","CARD","Mobile","IN","IN","0","527","20","1032","false","0"
"MLTXN-001806","CUST-ML-0070","1584","NETBANKING","Mobile","AE","AE","0","420","18","1648","false","0"
"MLTXN-001807","CUST-ML-0362","718","NETBANKING","Mobile","IN","IN","1","126","8","1232","false","0"
"MLTXN-001808","CUST-ML-0283","1643","CARD","Mobile","IN","IN","1","344","9","1211","false","0"
"MLTXN-001809","CUST-ML-0583","1365","NETBANKING","Tablet","CA","IN","0","599","17","2074","false","0"
"MLTXN-001810","CUST-ML-0066","307","BANK_TRANSFER","Desktop","IN","IN","0","216","10","506","false","0"
"MLTXN-001811","CUST-ML-0446","2580","UPI","Mobile","IN","IN","1","8","4","2399","false","0"
"MLTXN-001812","CUST-ML-0568","2310","UPI","Desktop","IN","IN","0","307","7","1594","false","0"
"MLTXN-001813","CUST-ML-0379","1103","UPI","Desktop","IN","IN","0","158","9","1246","false","0"
"MLTXN-001814","CUST-ML-0111","2008","UPI","Tablet","DE","DE","0","756","17","1604","false","0"
"MLTXN-001815","CUST-ML-0169","3371","UPI","Mobile","US","US","6","3","3","1808","false","1"
"MLTXN-001816","CUST-ML-0434","567","CARD","Mobile","US","US","0","575","25","2062","false","0"
"MLTXN-001817","CUST-ML-0162","1449","WALLET","Mobile","SG","SG","1","9","8","1012","false","0"
"MLTXN-001818","CUST-ML-0531","518","NETBANKING","Desktop","SG","SG","0","482","12","549","false","0"
"MLTXN-001819","CUST-ML-0127","2996","CARD","Desktop","GB","GB","0","831","14","2169","false","0"
"MLTXN-001820","CUST-ML-0465","1234","CARD","Mobile","DE","DE","0","664","23","880","false","0"
"MLTXN-001821","CUST-ML-0195","14650","UPI","Mobile","SA","SA","0","21","3","5581","false","0"
"MLTXN-001822","CUST-ML-0356","2872","UPI","Mobile","US","US","2","551","23","2620","false","0"
"MLTXN-001823","CUST-ML-0001","2337","UPI","Mobile","IN","IN","0","232","11","3324","false","1"
"MLTXN-001824","CUST-ML-0507","718","WALLET","Mobile","IN","IN","0","377","15","777","false","0"
"MLTXN-001825","CUST-ML-0243","6562","CARD","Mobile","IN","IN","0","430","9","3101","false","0"
"MLTXN-001826","CUST-ML-0031","5005","BANK_TRANSFER","Mobile","IN","IN","0","17","5","13504","false","0"
"MLTXN-001827","CUST-ML-0041","586","UPI","Desktop","IN","IN","0","412","6","508","false","0"
"MLTXN-001828","CUST-ML-0415","1868","CARD","Desktop","GB","GB","0","463","18","1035","false","0"
"MLTXN-001829","CUST-ML-0040","1625","NETBANKING","Mobile","IN","IN","0","3","4","1203","false","0"
"MLTXN-001830","CUST-ML-0063","2402","NETBANKING","Mobile","IN","IN","1","15","4","2539","false","0"
"MLTXN-001831","CUST-ML-0063","2677","NETBANKING","Mobile","IN","IN","0","15","5","2420","false","0"
"MLTXN-001832","CUST-ML-0484","1993","CARD","Mobile","IN","IN","0","264","10","2788","false","1"
"MLTXN-001833","CUST-ML-0222","1392","UPI","Mobile","IN","IN","0","109","9","2044","false","0"
"MLTXN-001834","CUST-ML-0556","1955","UPI","Mobile","AE","AE","4","14","5","3683","false","0"
"MLTXN-001835","CUST-ML-0504","3714","UPI","Desktop","IN","IN","0","193","7","4841","false","0"
"MLTXN-001836","CUST-ML-0195","3382","UPI","Mobile","SA","SA","0","21","4","5981","false","0"
"MLTXN-001837","CUST-ML-0170","2180","UPI","Mobile","IN","IN","0","373","10","1903","false","0"
"MLTXN-001838","CUST-ML-0345","739","NETBANKING","Mobile","US","US","0","942","35","2114","false","0"
"MLTXN-001839","CUST-ML-0359","1013","UPI","Mobile","IN","IN","3","15","1","828","false","1"
"MLTXN-001840","CUST-ML-0525","4235","WALLET","Desktop","US","US","0","776","13","753","false","0"
"MLTXN-001841","CUST-ML-0444","2758","UPI","Mobile","US","US","0","659","13","1865","false","0"
"MLTXN-001842","CUST-ML-0138","14824","CARD","Mobile","IN","IN","0","21","5","12099","false","0"
"MLTXN-001843","CUST-ML-0582","360","UPI","Tablet","SG","SG","0","321","4","705","false","0"
"MLTXN-001844","CUST-ML-0074","1931","CARD","Desktop","IN","IN","6","235","2","1158","false","0"
"MLTXN-001845","CUST-ML-0293","6233","NETBANKING","Mobile","AU","AU","0","1","2","2526","false","0"
"MLTXN-001846","CUST-ML-0202","3266","UPI","Desktop","IN","IN","1","293","14","6779","false","0"
"MLTXN-001847","CUST-ML-0401","499","UPI","Mobile","IN","IN","0","657","19","781","false","1"
"MLTXN-001848","CUST-ML-0507","477","WALLET","Mobile","IN","IN","0","377","16","702","false","0"
"MLTXN-001849","CUST-ML-0014","7175","CARD","Mobile","IN","IN","0","619","24","7135","false","0"
"MLTXN-001850","CUST-ML-0363","2488","UPI","Mobile","SG","SG","4","661","22","2692","false","0"
"MLTXN-001851","CUST-ML-0137","2932","CARD","Desktop","IN","IN","0","575","18","1304","false","0"
"MLTXN-001852","CUST-ML-0080","1802","BANK_TRANSFER","Mobile","IN","IN","0","1152","18","1944","false","0"
"MLTXN-001853","CUST-ML-0496","1993","CARD","Desktop","IN","IN","0","732","13","1442","false","0"
"MLTXN-001854","CUST-ML-0461","1261","CARD","Mobile","AU","AU","0","534","17","625","false","0"
"MLTXN-001855","CUST-ML-0138","25586","CARD","Mobile","IN","IN","1","21","6","13475","false","0"
"MLTXN-001856","CUST-ML-0169","1929","UPI","Mobile","US","US","0","3","4","2265","false","0"
"MLTXN-001857","CUST-ML-0173","3657","UPI","Mobile","US","US","5","469","17","2618","false","1"
"MLTXN-001858","CUST-ML-0190","1407","CARD","Mobile","IN","IN","0","173","12","1295","false","0"
"MLTXN-001859","CUST-ML-0273","547","UPI","Mobile","IN","IN","1","421","12","328","false","0"
"MLTXN-001860","CUST-ML-0071","4048","WALLET","Desktop","IN","IN","0","21","7","2424","false","0"
"MLTXN-001861","CUST-ML-0584","1829","CARD","Mobile","IN","IN","0","755","26","423","false","0"
"MLTXN-001862","CUST-ML-0193","2692","UPI","Mobile","IN","IN","2","565","17","1710","false","0"
"MLTXN-001863","CUST-ML-0282","1904","UPI","Mobile","IN","IN","0","318","10","937","false","0"
"MLTXN-001864","CUST-ML-0305","873","WALLET","Mobile","US","US","1","21","6","843","false","0"
"MLTXN-001865","CUST-ML-0059","1515","NETBANKING","Mobile","SA","SA","0","408","8","2268","false","0"
"MLTXN-001866","CUST-ML-0547","2262","NETBANKING","Mobile","GB","GB","0","514","19","2812","false","0"
"MLTXN-001867","CUST-ML-0066","1295","BANK_TRANSFER","Desktop","IN","IN","0","216","11","485","false","0"
"MLTXN-001868","CUST-ML-0186","4307","UPI","Tablet","IN","IN","0","8","4","6979","false","1"
"MLTXN-001869","CUST-ML-0155","3080","WALLET","Mobile","CA","CA","0","384","8","2015","false","0"
"MLTXN-001870","CUST-ML-0595","2723","UPI","Mobile","IN","IN","0","86","5","1000","false","0"
"MLTXN-001871","CUST-ML-0039","5189","NETBANKING","Mobile","IN","IN","0","909","14","2753","false","0"
"MLTXN-001872","CUST-ML-0273","216","UPI","Mobile","IN","IN","0","421","13","301","false","0"
"MLTXN-001873","CUST-ML-0323","5500","CARD","Mobile","CA","CA","0","399","10","1199","false","1"
"MLTXN-001874","CUST-ML-0403","1655","CARD","Tablet","US","US","0","594","15","1011","false","0"
"MLTXN-001875","CUST-ML-0173","3397","CARD","Mobile","US","US","1","469","18","2450","false","0"
"MLTXN-001876","CUST-ML-0558","4002","NETBANKING","Mobile","IN","AU","2","505","11","3340","false","1"
"MLTXN-001877","CUST-ML-0273","734","UPI","Mobile","IN","IN","0","421","14","488","false","0"
"MLTXN-001878","CUST-ML-0007","1940","UPI","Mobile","AE","AE","0","793","22","1985","false","0"
"MLTXN-001879","CUST-ML-0001","2235","UPI","Mobile","IN","IN","0","232","12","3100","false","0"
"MLTXN-001880","CUST-ML-0513","6244","UPI","Desktop","IN","IN","1","578","20","5053","false","0"
"MLTXN-001881","CUST-ML-0575","3990","CARD","Mobile","SA","SA","0","139","5","1028","false","0"
"MLTXN-001882","CUST-ML-0154","4616","CARD","Desktop","SA","SA","0","20","5","1941","false","0"
"MLTXN-001883","CUST-ML-0139","2130","CARD","Desktop","AE","AE","0","546","24","1588","false","0"
"MLTXN-001884","CUST-ML-0441","1342","UPI","Mobile","IN","IN","0","595","15","925","false","0"
"MLTXN-001885","CUST-ML-0087","3346","NETBANKING","Mobile","DE","DE","0","1125","35","1134","false","1"
"MLTXN-001886","CUST-ML-0237","2672","CARD","Desktop","SG","SG","0","504","18","2746","false","1"
"MLTXN-001887","CUST-ML-0356","4679","UPI","Desktop","US","US","1","551","24","3000","false","1"
"MLTXN-001888","CUST-ML-0472","748","UPI","Desktop","IN","IN","0","1165","30","1102","false","0"
"MLTXN-001889","CUST-ML-0373","830","UPI","Mobile","IN","IN","1","908","27","856","false","1"
"MLTXN-001890","CUST-ML-0242","521","WALLET","Desktop","US","US","1","21","5","437","false","0"
"MLTXN-001891","CUST-ML-0511","1031","CARD","Tablet","IN","IN","0","416","18","1790","false","0"
"MLTXN-001892","CUST-ML-0519","5203","CARD","Desktop","CA","CA","1","69","7","1424","false","0"
"MLTXN-001893","CUST-ML-0059","5020","NETBANKING","Mobile","SA","SA","0","408","9","2991","false","0"
"MLTXN-001894","CUST-ML-0213","3773","CARD","Mobile","IN","IN","0","20","4","1298","false","0"
"MLTXN-001895","CUST-ML-0088","2608","UPI","Mobile","GB","IN","1","4","8","1554","false","0"
"MLTXN-001896","CUST-ML-0270","6627","UPI","Mobile","GB","GB","0","21","5","12468","false","0"
"MLTXN-001897","CUST-ML-0579","398","CARD","Desktop","IN","IN","1","11","3","895","false","0"
"MLTXN-001898","CUST-ML-0319","2503","WALLET","Mobile","DE","DE","0","209","10","4723","false","0"
"MLTXN-001899","CUST-ML-0474","539","UPI","Mobile","IN","IN","1","937","36","1848","false","0"
"MLTXN-001900","CUST-ML-0266","778","UPI","Mobile","IN","US","0","1342","27","1413","false","0"
"MLTXN-001901","CUST-ML-0547","1575","NETBANKING","Desktop","IN","GB","1","514","20","3173","false","0"
"MLTXN-001902","CUST-ML-0054","786","CARD","Desktop","AU","AU","0","359","12","997","false","0"
"MLTXN-001903","CUST-ML-0172","965","CARD","Mobile","SA","SA","0","21","2","893","false","1"
"MLTXN-001904","CUST-ML-0167","1067","CARD","Mobile","IN","IN","0","5","4","1030","false","0"
"MLTXN-001905","CUST-ML-0003","4534","NETBANKING","Mobile","AU","AU","0","21","3","5751","false","0"
"MLTXN-001906","CUST-ML-0147","2654","UPI","Mobile","IN","IN","0","14","3","2219","false","0"
"MLTXN-001907","CUST-ML-0279","3250","CARD","Mobile","SG","SG","1","19","3","3674","false","0"
"MLTXN-001908","CUST-ML-0537","2093","UPI","Desktop","IN","IN","2","327","10","3038","false","0"
"MLTXN-001909","CUST-ML-0218","2248","UPI","Mobile","GB","IN","0","136","4","5056","false","0"
"MLTXN-001910","CUST-ML-0506","661","BANK_TRANSFER","Mobile","IN","IN","0","17","2","743","false","0"
"MLTXN-001911","CUST-ML-0337","672","UPI","Mobile","IN","IN","6","21","6","624","false","1"
"MLTXN-001912","CUST-ML-0381","431","BANK_TRANSFER","Desktop","IN","IN","0","867","17","687","false","0"
"MLTXN-001913","CUST-ML-0150","1304","CARD","Mobile","IN","IN","0","1160","38","2590","false","0"
"MLTXN-001914","CUST-ML-0222","799","CARD","Mobile","IN","IN","1","109","10","1830","false","0"
"MLTXN-001915","CUST-ML-0136","2759","CARD","Desktop","IN","IN","1","847","13","2268","false","0"
"MLTXN-001916","CUST-ML-0460","542","CARD","Mobile","IN","IN","0","780","17","953","false","0"
"MLTXN-001917","CUST-ML-0280","925","UPI","Mobile","IN","IN","1","13","3","690","false","0"
"MLTXN-001918","CUST-ML-0365","484","CARD","Mobile","IN","IN","0","527","21","1339","false","0"
"MLTXN-001919","CUST-ML-0154","1805","UPI","Desktop","SA","SA","1","20","6","1833","false","1"
"MLTXN-001920","CUST-ML-0420","2939","UPI","Desktop","US","US","0","276","13","2227","false","0"
"MLTXN-001921","CUST-ML-0584","1156","CARD","Mobile","IN","IN","0","755","27","401","false","0"
"MLTXN-001922","CUST-ML-0515","1711","CARD","Mobile","IN","IN","0","529","7","1814","false","0"
"MLTXN-001923","CUST-ML-0499","1519","UPI","Mobile","IN","IN","1","189","11","3228","false","0"
"MLTXN-001924","CUST-ML-0593","3008","CARD","Mobile","IN","IN","0","723","32","2189","false","0"
"MLTXN-001925","CUST-ML-0018","14745","UPI","Mobile","AU","AU","1","344","9","12346","false","0"
"MLTXN-001926","CUST-ML-0431","1826","NETBANKING","Mobile","IN","IN","0","438","14","1721","false","0"
"MLTXN-001927","CUST-ML-0013","98","CARD","Mobile","CA","CA","0","418","15","267","false","0"
"MLTXN-001928","CUST-ML-0135","1818","WALLET","Mobile","IN","IN","0","329","12","1364","false","1"
"MLTXN-001929","CUST-ML-0578","3184","NETBANKING","Mobile","IN","IN","0","428","16","3688","false","0"
"MLTXN-001930","CUST-ML-0313","1157","UPI","Mobile","IN","IN","1","709","13","1058","false","0"
"MLTXN-001931","CUST-ML-0066","281","CARD","Desktop","IN","IN","1","216","12","611","false","1"
"MLTXN-001932","CUST-ML-0181","286","UPI","Mobile","IN","IN","1","318","13","744","false","0"
"MLTXN-001933","CUST-ML-0071","5774","WALLET","Desktop","IN","IN","1","21","8","2471","false","0"
"MLTXN-001934","CUST-ML-0188","2223","UPI","Mobile","IN","IN","0","21","7","2307","false","0"
"MLTXN-001935","CUST-ML-0186","17957","UPI","Tablet","IN","IN","0","8","5","10193","false","0"
"MLTXN-001936","CUST-ML-0405","12462","UPI","Mobile","AE","AE","0","450","14","5309","false","0"
"MLTXN-001937","CUST-ML-0334","405","WALLET","Desktop","IN","IN","0","462","13","485","false","0"
"MLTXN-001938","CUST-ML-0351","612","CARD","Mobile","US","US","3","794","14","598","false","0"
"MLTXN-001939","CUST-ML-0011","896","CARD","Mobile","US","US","5","584","24","2364","false","1"
"MLTXN-001940","CUST-ML-0196","1592","CARD","Mobile","IN","IN","1","423","15","5278","false","0"
"MLTXN-001941","CUST-ML-0373","4693","UPI","Mobile","IN","IN","2","908","28","1212","false","1"
"MLTXN-001942","CUST-ML-0355","5005","WALLET","Mobile","CA","CA","0","490","10","2832","false","0"
"MLTXN-001943","CUST-ML-0486","663","CARD","Mobile","SG","SG","0","230","5","1018","false","0"
"MLTXN-001944","CUST-ML-0325","8230","UPI","Desktop","IN","IN","0","769","23","10750","false","0"
"MLTXN-001945","CUST-ML-0097","1715","CARD","Mobile","SA","SA","0","639","11","1504","false","0"
"MLTXN-001946","CUST-ML-0053","2643","UPI","Desktop","IN","IN","2","1406","51","1974","false","0"
"MLTXN-001947","CUST-ML-0146","5986","NETBANKING","Desktop","SA","SA","0","296","10","6568","false","0"
"MLTXN-001948","CUST-ML-0490","819","CARD","Mobile","CA","CA","0","33","5","1583","false","0"
"MLTXN-001949","CUST-ML-0476","1423","CARD","Mobile","IN","IN","1","439","7","1288","false","1"
"MLTXN-001950","CUST-ML-0231","701","NETBANKING","Desktop","IN","IN","0","464","15","1367","false","0"
"MLTXN-001951","CUST-ML-0404","2648","NETBANKING","Desktop","SA","SA","0","15","6","2179","false","0"
"MLTXN-001952","CUST-ML-0150","4362","CARD","Mobile","IN","IN","0","1160","39","1487","false","0"
"MLTXN-001953","CUST-ML-0311","2194","UPI","Desktop","AE","AE","1","141","7","1676","false","0"
"MLTXN-001954","CUST-ML-0114","704","WALLET","Desktop","IN","IN","0","4","2","712","false","0"
"MLTXN-001955","CUST-ML-0109","917","NETBANKING","Mobile","IN","IN","0","889","26","999","false","0"
"MLTXN-001956","CUST-ML-0048","1279","UPI","Mobile","US","US","0","163","3","2822","false","0"
"MLTXN-001957","CUST-ML-0113","726","WALLET","Mobile","IN","IN","3","551","23","1352","false","1"
"MLTXN-001958","CUST-ML-0051","8318","UPI","Mobile","IN","IN","1","133","7","3947","false","0"
"MLTXN-001959","CUST-ML-0177","1433","WALLET","Tablet","US","US","6","244","9","1470","false","0"
"MLTXN-001960","CUST-ML-0360","21495","CARD","Mobile","IN","IN","0","21","2","4121","false","1"
"MLTXN-001961","CUST-ML-0174","1894","UPI","Mobile","IN","IN","0","18","3","1526","false","0"
"MLTXN-001962","CUST-ML-0516","667","CARD","Desktop","IN","IN","1","353","12","1331","false","0"
"MLTXN-001963","CUST-ML-0592","7982","NETBANKING","Desktop","CA","CA","0","860","35","3184","false","0"
"MLTXN-001964","CUST-ML-0002","513","WALLET","Mobile","IN","IN","0","520","14","700","false","0"
"MLTXN-001965","CUST-ML-0313","454","UPI","Mobile","IN","IN","0","709","14","927","false","0"
"MLTXN-001966","CUST-ML-0430","512","CARD","Mobile","US","SG","0","1402","19","1163","false","0"
"MLTXN-001967","CUST-ML-0510","6562","UPI","Desktop","CA","CA","0","551","16","894","false","0"
"MLTXN-001968","CUST-ML-0528","293","UPI","Mobile","IN","IN","2","594","21","481","false","0"
"MLTXN-001969","CUST-ML-0368","714","BANK_TRANSFER","Mobile","IN","IN","0","1041","32","1348","false","0"
"MLTXN-001970","CUST-ML-0088","1818","UPI","Mobile","IN","IN","0","4","9","1696","false","0"
"MLTXN-001971","CUST-ML-0395","1973","CARD","Mobile","AU","AU","0","20","4","1385","false","0"
"MLTXN-001972","CUST-ML-0403","933","CARD","Tablet","US","US","2","594","16","838","false","0"
"MLTXN-001973","CUST-ML-0136","1396","CARD","Desktop","IN","IN","1","847","14","2073","false","0"
"MLTXN-001974","CUST-ML-0113","3546","WALLET","Mobile","IN","IN","0","551","24","2127","false","0"
"MLTXN-001975","CUST-ML-0517","1155","CARD","Mobile","AU","AU","2","202","10","1398","false","1"
"MLTXN-001976","CUST-ML-0452","662","NETBANKING","Mobile","IN","IN","1","498","13","1102","false","0"
"MLTXN-001977","CUST-ML-0025","2510","CARD","Mobile","IN","IN","1","29","3","1116","false","0"
"MLTXN-001978","CUST-ML-0093","1795","UPI","Mobile","IN","IN","0","664","10","3277","false","1"
"MLTXN-001979","CUST-ML-0416","289","CARD","Mobile","US","US","0","655","16","321","false","1"
"MLTXN-001980","CUST-ML-0052","1069","UPI","Mobile","IN","IN","0","735","12","586","false","0"
"MLTXN-001981","CUST-ML-0220","1550","UPI","Mobile","AU","SG","0","475","10","779","false","0"
"MLTXN-001982","CUST-ML-0154","3119","WALLET","Desktop","SA","SA","0","20","7","2091","false","0"
"MLTXN-001983","CUST-ML-0184","7316","CARD","Mobile","IN","IN","3","18","3","4872","false","0"
"MLTXN-001984","CUST-ML-0177","3197","CARD","Tablet","US","US","2","244","10","1553","false","0"
"MLTXN-001985","CUST-ML-0553","1427","UPI","Mobile","CA","IN","1","18","1","1554","false","0"
"MLTXN-001986","CUST-ML-0051","1946","CARD","Mobile","IN","IN","1","133","8","4101","false","0"
"MLTXN-001987","CUST-ML-0147","510","UPI","Mobile","IN","IN","0","14","4","2000","false","1"
"MLTXN-001988","CUST-ML-0533","2523","CARD","Desktop","AE","AE","2","16","4","9437","false","0"
"MLTXN-001989","CUST-ML-0320","837","CARD","Desktop","IN","IN","0","379","15","685","false","0"
"MLTXN-001990","CUST-ML-0600","5310","UPI","Desktop","SG","SG","1","157","9","2977","false","0"
"MLTXN-001991","CUST-ML-0577","3435","CARD","Mobile","IN","IN","0","555","17","3275","false","0"
"MLTXN-001992","CUST-ML-0379","2374","UPI","Desktop","IN","IN","1","158","10","1698","false","0"
"MLTXN-001993","CUST-ML-0463","2822","UPI","Mobile","IN","IN","0","822","32","2165","false","0"
"MLTXN-001994","CUST-ML-0479","512","UPI","Desktop","US","AE","2","548","10","1380","false","0"
"MLTXN-001995","CUST-ML-0207","4601","NETBANKING","Mobile","IN","IN","2","10","1","3938","true","0"
"MLTXN-001996","CUST-ML-0566","4826","CARD","Mobile","SG","SG","0","717","15","4148","false","0"
"MLTXN-001997","CUST-ML-0558","4378","NETBANKING","Mobile","AU","AU","6","505","12","3066","false","0"
"MLTXN-001998","CUST-ML-0142","673","WALLET","Mobile","AU","AU","0","1084","21","865","false","0"
"MLTXN-001999","CUST-ML-0091","2734","UPI","Mobile","CA","CA","0","651","22","2854","false","0"
"MLTXN-002000","CUST-ML-0560","1497","UPI","Desktop","US","US","6","10","2","1095","false","0"
"MLTXN-002001","CUST-ML-0555","3427","UPI","Mobile","IN","IN","1","314","13","1532","false","0"
"MLTXN-002002","CUST-ML-0047","23907","CARD","Mobile","US","US","2","21","3","2223","false","0"
"MLTXN-002003","CUST-ML-0525","947","UPI","Desktop","US","US","1","776","14","1195","false","0"
"MLTXN-002004","CUST-ML-0278","2512","CARD","Mobile","US","US","0","534","19","2986","false","0"
"MLTXN-002005","CUST-ML-0326","924","UPI","Mobile","IN","IN","0","6","4","1287","false","1"
"MLTXN-002006","CUST-ML-0020","142","UPI","Mobile","AE","AE","0","279","11","174","false","0"
"MLTXN-002007","CUST-ML-0051","6640","UPI","Mobile","IN","IN","0","133","9","2735","false","0"
"MLTXN-002008","CUST-ML-0239","380","WALLET","Mobile","IN","IN","1","393","13","541","false","0"
"MLTXN-002009","CUST-ML-0545","1504","UPI","Mobile","IN","IN","2","220","9","646","false","0"
"MLTXN-002010","CUST-ML-0126","5094","UPI","Desktop","IN","IN","1","734","29","4744","false","0"
"MLTXN-002011","CUST-ML-0224","898","UPI","Desktop","GB","IN","2","227","7","1519","false","0"
"MLTXN-002012","CUST-ML-0108","2582","WALLET","Mobile","IN","IN","0","500","9","1829","false","0"
"MLTXN-002013","CUST-ML-0598","2172","CARD","Mobile","SG","SG","2","208","9","1246","false","0"
"MLTXN-002014","CUST-ML-0366","920","CARD","Mobile","IN","IN","0","860","17","1118","false","0"
"MLTXN-002015","CUST-ML-0409","1410","UPI","Mobile","IN","IN","0","191","7","804","false","0"
"MLTXN-002016","CUST-ML-0032","2984","CARD","Desktop","IN","IN","0","493","7","4565","false","0"
"MLTXN-002017","CUST-ML-0209","3045","UPI","Desktop","SG","IN","0","18","6","1514","false","0"
"MLTXN-002018","CUST-ML-0440","2277","NETBANKING","Mobile","SG","SG","0","204","8","1006","false","0"
"MLTXN-002019","CUST-ML-0574","1984","CARD","Mobile","IN","IN","0","352","7","1773","false","0"
"MLTXN-002020","CUST-ML-0160","2868","UPI","Mobile","US","US","0","412","10","3383","false","0"
"MLTXN-002021","CUST-ML-0181","349","UPI","Mobile","IN","IN","1","318","14","701","false","0"
"MLTXN-002022","CUST-ML-0585","3050","CARD","Mobile","IN","IN","0","547","13","1983","false","0"
"MLTXN-002023","CUST-ML-0113","1095","NETBANKING","Mobile","IN","IN","2","551","25","1849","false","0"
"MLTXN-002024","CUST-ML-0132","251","CARD","Mobile","CA","IN","0","609","19","1124","false","0"
"MLTXN-002025","CUST-ML-0225","2058","UPI","Mobile","IN","IN","0","1125","14","2494","false","1"
"MLTXN-002026","CUST-ML-0325","9623","UPI","Desktop","IN","IN","0","769","24","7452","false","0"
"MLTXN-002027","CUST-ML-0151","2673","BANK_TRANSFER","Mobile","IN","IN","0","868","23","2628","false","0"
"MLTXN-002028","CUST-ML-0153","1133","WALLET","Mobile","IN","IN","1","630","12","1160","false","0"
"MLTXN-002029","CUST-ML-0249","767","NETBANKING","Mobile","IN","IN","0","21","3","504","false","1"
"MLTXN-002030","CUST-ML-0563","819","UPI","Mobile","IN","IN","0","10","4","1808","false","0"
"MLTXN-002031","CUST-ML-0569","6379","UPI","Mobile","US","US","0","624","11","7024","false","0"
"MLTXN-002032","CUST-ML-0418","1774","UPI","Mobile","AE","AE","0","386","15","4467","false","0"
"MLTXN-002033","CUST-ML-0217","1223","UPI","Tablet","US","US","0","141","8","1013","false","0"
"MLTXN-002034","CUST-ML-0160","22592","CARD","Mobile","US","US","1","412","11","2423","false","0"
"MLTXN-002035","CUST-ML-0357","1730","UPI","Mobile","IN","IN","1","296","4","627","false","1"
"MLTXN-002036","CUST-ML-0420","5298","WALLET","Desktop","US","US","1","276","14","2910","false","0"
"MLTXN-002037","CUST-ML-0452","391","NETBANKING","Mobile","IN","IN","1","498","14","1110","false","0"
"MLTXN-002038","CUST-ML-0567","3291","CARD","Mobile","SG","SG","0","1004","26","1307","false","0"
"MLTXN-002039","CUST-ML-0480","1178","CARD","Mobile","US","US","0","119","5","1581","false","0"
"MLTXN-002040","CUST-ML-0569","22675","UPI","Desktop","US","US","0","624","12","6698","false","0"
"MLTXN-002041","CUST-ML-0392","605","NETBANKING","Mobile","US","IN","0","921","26","1651","false","0"
"MLTXN-002042","CUST-ML-0092","2701","UPI","Desktop","IN","IN","0","702","9","1139","false","0"
"MLTXN-002043","CUST-ML-0103","3910","UPI","Mobile","DE","DE","0","329","5","2342","false","0"
"MLTXN-002044","CUST-ML-0006","842","UPI","Mobile","IN","IN","0","204","9","387","false","0"
"MLTXN-002045","CUST-ML-0046","767","UPI","Mobile","IN","SG","1","146","7","1128","false","0"
"MLTXN-002046","CUST-ML-0338","847","BANK_TRANSFER","Desktop","GB","GB","1","632","24","670","false","0"
"MLTXN-002047","CUST-ML-0284","501","NETBANKING","Desktop","IN","US","0","913","14","566","false","0"
"MLTXN-002048","CUST-ML-0135","3445","CARD","Desktop","IN","IN","1","329","13","1357","false","0"
"MLTXN-002049","CUST-ML-0477","1882","NETBANKING","Mobile","IN","IN","0","412","13","1387","false","0"
"MLTXN-002050","CUST-ML-0230","3742","UPI","Desktop","IN","IN","0","470","11","1885","false","0"
"MLTXN-002051","CUST-ML-0456","1748","CARD","Mobile","IN","IN","0","351","18","1388","false","0"
"MLTXN-002052","CUST-ML-0426","21616","UPI","Mobile","US","US","0","403","16","4228","false","1"
"MLTXN-002053","CUST-ML-0369","386","UPI","Mobile","IN","IN","0","473","16","1146","false","0"
"MLTXN-002054","CUST-ML-0253","1067","CARD","Mobile","IN","IN","0","593","23","743","false","0"
"MLTXN-002055","CUST-ML-0121","1374","CARD","Mobile","IN","IN","0","21","3","2306","false","0"
"MLTXN-002056","CUST-ML-0259","889","UPI","Mobile","IN","IN","2","253","8","1102","false","0"
"MLTXN-002057","CUST-ML-0101","1959","CARD","Mobile","IN","IN","1","333","10","1458","false","0"
"MLTXN-002058","CUST-ML-0335","2010","UPI","Mobile","IN","IN","2","972","35","2034","false","0"
"MLTXN-002059","CUST-ML-0379","1642","UPI","Desktop","US","IN","0","158","11","1454","false","0"
"MLTXN-002060","CUST-ML-0142","1004","WALLET","Mobile","AU","AU","1","1084","22","674","false","0"
"MLTXN-002061","CUST-ML-0028","906","CARD","Desktop","IN","IN","0","858","27","2800","false","0"
"MLTXN-002062","CUST-ML-0355","2477","WALLET","Mobile","SG","CA","1","490","11","3726","false","0"
"MLTXN-002063","CUST-ML-0037","7443","NETBANKING","Tablet","IN","IN","1","121","7","2770","false","0"
"MLTXN-002064","CUST-ML-0042","1618","CARD","Mobile","CA","US","0","1097","34","3743","false","0"
"MLTXN-002065","CUST-ML-0390","294","UPI","Mobile","SG","SG","0","1098","22","1383","false","0"
"MLTXN-002066","CUST-ML-0210","368","CARD","Mobile","IN","IN","0","987","25","960","false","0"
"MLTXN-002067","CUST-ML-0332","493","UPI","Mobile","DE","DE","1","294","8","669","false","0"
"MLTXN-002068","CUST-ML-0322","3255","CARD","Mobile","IN","IN","0","18","6","3676","false","1"
"MLTXN-002069","CUST-ML-0392","1985","WALLET","Desktop","IN","IN","0","921","27","1397","false","1"
"MLTXN-002070","CUST-ML-0590","1528","UPI","Mobile","IN","IN","2","237","6","1812","false","0"
"MLTXN-002071","CUST-ML-0012","3329","CARD","Desktop","GB","IN","0","10","5","2480","false","0"
"MLTXN-002072","CUST-ML-0019","5158","UPI","Mobile","IN","IN","1","63","4","5019","false","1"
"MLTXN-002073","CUST-ML-0219","2529","UPI","Mobile","IN","IN","0","483","10","1774","false","1"
"MLTXN-002074","CUST-ML-0350","3161","NETBANKING","Mobile","AU","AU","0","1028","14","1857","false","1"
"MLTXN-002075","CUST-ML-0062","6389","CARD","Desktop","SA","SA","3","527","9","4101","false","1"
"MLTXN-002076","CUST-ML-0390","576","NETBANKING","Tablet","SG","SG","1","1098","23","1021","false","0"
"MLTXN-002077","CUST-ML-0576","2002","UPI","Mobile","IN","IN","0","669","17","1385","false","0"
"MLTXN-002078","CUST-ML-0107","257","CARD","Mobile","IN","IN","6","14","6","917","false","1"
"MLTXN-002079","CUST-ML-0177","1211","UPI","Desktop","US","US","1","244","11","1018","false","1"
"MLTXN-002080","CUST-ML-0036","3383","UPI","Mobile","IN","IN","1","947","14","431","false","0"
"MLTXN-002081","CUST-ML-0473","417","NETBANKING","Mobile","IN","IN","0","21","3","899","false","0"
"MLTXN-002082","CUST-ML-0124","9342","CARD","Mobile","IN","IN","0","54","8","1131","false","0"
"MLTXN-002083","CUST-ML-0483","1314","WALLET","Mobile","IN","IN","0","486","20","1527","false","0"
"MLTXN-002084","CUST-ML-0061","2173","UPI","Desktop","IN","IN","2","21","3","3230","false","0"
"MLTXN-002085","CUST-ML-0147","1499","UPI","Mobile","IN","IN","2","14","5","2776","false","0"
"MLTXN-002086","CUST-ML-0553","2870","BANK_TRANSFER","Desktop","IN","IN","2","18","2","3100","false","0"
"MLTXN-002087","CUST-ML-0446","2603","UPI","Mobile","IN","IN","0","8","5","1880","false","0"
"MLTXN-002088","CUST-ML-0160","331","UPI","Mobile","US","US","0","412","12","2407","false","0"
"MLTXN-002089","CUST-ML-0300","453","NETBANKING","Mobile","IN","IN","0","565","16","482","false","0"
"MLTXN-002090","CUST-ML-0370","1292","CARD","Mobile","SG","SG","0","21","4","2489","false","0"
"MLTXN-002091","CUST-ML-0462","659","CARD","Desktop","IN","IN","0","580","26","1494","false","0"
"MLTXN-002092","CUST-ML-0576","1871","CARD","Desktop","IN","IN","0","669","18","1320","false","0"
"MLTXN-002093","CUST-ML-0227","4686","UPI","Mobile","IN","IN","1","646","18","3269","false","0"
"MLTXN-002094","CUST-ML-0249","559","UPI","Mobile","IN","IN","0","21","4","415","false","0"
"MLTXN-002095","CUST-ML-0228","2437","UPI","Mobile","IN","IN","1","870","20","1740","false","0"
"MLTXN-002096","CUST-ML-0212","2580","BANK_TRANSFER","Desktop","SA","SA","0","21","5","1294","false","0"
"MLTXN-002097","CUST-ML-0126","6116","CARD","Desktop","IN","IN","0","734","30","5726","false","0"
"MLTXN-002098","CUST-ML-0230","2572","UPI","Mobile","IN","IN","0","470","12","1737","false","0"
"MLTXN-002099","CUST-ML-0240","19213","UPI","Desktop","IN","IN","1","21","2","1064","false","1"
"MLTXN-002100","CUST-ML-0268","657","UPI","Mobile","IN","IN","0","489","12","800","false","0"
"MLTXN-002101","CUST-ML-0548","1093","CARD","Mobile","IN","IN","0","345","12","869","false","0"
"MLTXN-002102","CUST-ML-0059","3509","NETBANKING","Mobile","SA","SA","1","408","10","1868","false","0"
"MLTXN-002103","CUST-ML-0545","469","UPI","Desktop","IN","IN","1","220","10","805","false","0"
"MLTXN-002104","CUST-ML-0264","1313","UPI","Mobile","IN","IN","0","331","9","933","false","0"
"MLTXN-002105","CUST-ML-0171","1931","BANK_TRANSFER","Desktop","IN","IN","0","2","4","2779","false","1"
"MLTXN-002106","CUST-ML-0184","8038","CARD","Mobile","IN","IN","1","18","4","4003","false","0"
"MLTXN-002107","CUST-ML-0581","4610","UPI","Mobile","AU","AU","3","620","25","967","false","1"
"MLTXN-002108","CUST-ML-0342","800","CARD","Mobile","AE","AE","0","20","6","1310","false","0"
"MLTXN-002109","CUST-ML-0584","707","CARD","Desktop","IN","IN","0","755","28","773","false","0"
"MLTXN-002110","CUST-ML-0095","5058","UPI","Mobile","IN","IN","0","764","20","2796","false","0"
"MLTXN-002111","CUST-ML-0320","634","WALLET","Desktop","IN","IN","2","379","16","691","false","0"
"MLTXN-002112","CUST-ML-0529","1264","UPI","Mobile","DE","DE","0","542","11","1119","false","0"
"MLTXN-002113","CUST-ML-0359","971","UPI","Mobile","IN","IN","0","15","2","679","false","0"
"MLTXN-002114","CUST-ML-0231","1116","UPI","Mobile","IN","IN","0","464","16","1115","false","1"
"MLTXN-002115","CUST-ML-0220","810","UPI","Mobile","SG","SG","6","475","11","622","false","0"
"MLTXN-002116","CUST-ML-0142","1029","WALLET","Mobile","AU","AU","0","1084","23","930","false","0"
"MLTXN-002117","CUST-ML-0540","782","WALLET","Mobile","AU","AU","0","714","27","1059","false","0"
"MLTXN-002118","CUST-ML-0265","2093","UPI","Mobile","IN","IN","0","476","7","1727","false","0"
"MLTXN-002119","CUST-ML-0293","3075","NETBANKING","Mobile","AU","AU","1","1","3","3290","false","0"
"MLTXN-002120","CUST-ML-0192","393","CARD","Mobile","IN","IN","1","699","23","570","false","0"
"MLTXN-002121","CUST-ML-0134","1457","CARD","Mobile","IN","IN","1","181","10","1364","false","0"
"MLTXN-002122","CUST-ML-0276","5121","UPI","Mobile","US","AE","0","495","15","3507","false","0"
"MLTXN-002123","CUST-ML-0489","1305","CARD","Desktop","IN","IN","0","8","5","2814","false","0"
"MLTXN-002124","CUST-ML-0152","4482","UPI","Mobile","IN","IN","0","170","8","3530","false","0"
"MLTXN-002125","CUST-ML-0432","1421","NETBANKING","Mobile","IN","IN","0","308","6","2821","false","0"
"MLTXN-002126","CUST-ML-0349","1345","NETBANKING","Desktop","IN","IN","0","14","2","1921","false","1"
"MLTXN-002127","CUST-ML-0106","695","UPI","Mobile","IN","IN","1","469","12","973","false","0"
"MLTXN-002128","CUST-ML-0351","374","CARD","Mobile","US","US","0","794","15","776","false","0"
"MLTXN-002129","CUST-ML-0484","3020","CARD","Mobile","US","IN","0","264","11","1759","false","0"
"MLTXN-002130","CUST-ML-0564","2706","BANK_TRANSFER","Mobile","AU","AU","0","64","9","3039","false","0"
"MLTXN-002131","CUST-ML-0159","1511","UPI","Mobile","SG","SG","0","394","9","1804","false","1"
"MLTXN-002132","CUST-ML-0416","340","CARD","Mobile","IN","US","1","655","17","405","false","0"
"MLTXN-002133","CUST-ML-0024","1783","CARD","Mobile","AU","AU","0","77","5","1207","false","0"
"MLTXN-002134","CUST-ML-0445","1335","UPI","Mobile","AU","AU","1","15","4","956","false","0"
"MLTXN-002135","CUST-ML-0037","2288","NETBANKING","Tablet","IN","IN","0","121","8","2915","false","0"
"MLTXN-002136","CUST-ML-0004","1511","WALLET","Desktop","IN","IN","1","279","5","1684","false","0"
"MLTXN-002137","CUST-ML-0166","2872","UPI","Mobile","IN","IN","6","632","9","1753","false","0"
"MLTXN-002138","CUST-ML-0068","8039","CARD","Mobile","IN","US","0","263","6","7333","false","0"
"MLTXN-002139","CUST-ML-0268","578","CARD","Mobile","IN","IN","0","489","13","831","false","0"
"MLTXN-002140","CUST-ML-0075","1686","CARD","Mobile","IN","IN","0","594","17","3050","false","0"
"MLTXN-002141","CUST-ML-0218","8966","UPI","Mobile","IN","IN","0","136","5","5452","false","0"
"MLTXN-002142","CUST-ML-0304","868","UPI","Mobile","IN","IN","0","759","18","1701","false","0"
"MLTXN-002143","CUST-ML-0541","663","NETBANKING","Desktop","SA","SA","0","1116","31","938","false","0"
"MLTXN-002144","CUST-ML-0039","1471","BANK_TRANSFER","Mobile","IN","IN","0","909","15","3699","false","0"
"MLTXN-002145","CUST-ML-0425","3137","UPI","Desktop","IN","IN","1","384","18","1277","false","0"
"MLTXN-002146","CUST-ML-0373","1647","UPI","Mobile","IN","IN","0","908","29","1142","false","0"
"MLTXN-002147","CUST-ML-0280","767","UPI","Mobile","IN","IN","0","13","4","626","false","0"
"MLTXN-002148","CUST-ML-0483","808","CARD","Mobile","IN","IN","1","486","21","1433","false","0"
"MLTXN-002149","CUST-ML-0276","12151","UPI","Mobile","AE","AE","2","495","16","4266","false","1"
"MLTXN-002150","CUST-ML-0486","566","CARD","Mobile","SG","SG","1","230","6","1167","false","0"
"MLTXN-002151","CUST-ML-0155","2261","UPI","Mobile","CA","CA","2","384","9","2033","false","1"
"MLTXN-002152","CUST-ML-0184","5285","CARD","Mobile","IN","IN","2","18","5","5674","false","0"
"MLTXN-002153","CUST-ML-0473","924","NETBANKING","Mobile","IN","IN","1","21","4","1512","false","0"
"MLTXN-002154","CUST-ML-0201","1441","UPI","Mobile","IN","IN","3","1259","35","731","false","0"
"MLTXN-002155","CUST-ML-0376","2914","CARD","Mobile","IN","IN","0","683","17","1767","false","0"
"MLTXN-002156","CUST-ML-0019","4470","NETBANKING","Mobile","IN","IN","0","63","5","4897","false","0"
"MLTXN-002157","CUST-ML-0391","1120","UPI","Desktop","IN","IN","0","446","9","866","false","0"
"MLTXN-002158","CUST-ML-0060","3854","CARD","Desktop","IN","IN","0","1112","32","2725","false","0"
"MLTXN-002159","CUST-ML-0562","3656","CARD","Mobile","AE","AE","0","561","10","4072","false","0"
"MLTXN-002160","CUST-ML-0007","2773","UPI","Tablet","AE","AE","1","793","23","1608","false","0"
"MLTXN-002161","CUST-ML-0573","315","CARD","Tablet","IN","IN","0","189","6","1295","false","0"
"MLTXN-002162","CUST-ML-0179","10185","UPI","Mobile","IN","IN","0","541","16","6128","false","0"
"MLTXN-002163","CUST-ML-0249","312","UPI","Mobile","IN","IN","1","21","5","911","false","0"
"MLTXN-002164","CUST-ML-0310","3143","NETBANKING","Mobile","IN","IN","0","21","5","2006","false","0"
"MLTXN-002165","CUST-ML-0149","22562","UPI","Mobile","AU","AU","1","363","11","2475","false","0"
"MLTXN-002166","CUST-ML-0502","6523","UPI","Desktop","GB","GB","1","754","23","5260","false","0"
"MLTXN-002167","CUST-ML-0336","2405","BANK_TRANSFER","Desktop","IN","IN","0","504","14","2558","false","1"
"MLTXN-002168","CUST-ML-0125","2898","WALLET","Mobile","SG","SG","0","350","11","5980","false","0"
"MLTXN-002169","CUST-ML-0388","2951","CARD","Mobile","IN","IN","0","15","4","2504","false","0"
"MLTXN-002170","CUST-ML-0180","6851","UPI","Mobile","SG","SG","0","375","9","2654","false","0"
"MLTXN-002171","CUST-ML-0112","507","CARD","Desktop","IN","IN","0","434","8","831","false","1"
"MLTXN-002172","CUST-ML-0273","1517","UPI","Mobile","IN","IN","1","421","15","422","false","0"
"MLTXN-002173","CUST-ML-0575","1607","WALLET","Mobile","SA","SA","0","139","6","971","false","0"
"MLTXN-002174","CUST-ML-0552","2362","UPI","Mobile","AE","AE","0","746","12","2216","false","0"
"MLTXN-002175","CUST-ML-0497","2144","NETBANKING","Mobile","US","US","0","19","2","1015","false","0"
"MLTXN-002176","CUST-ML-0329","840","UPI","Desktop","DE","DE","1","548","13","1059","false","0"
"MLTXN-002177","CUST-ML-0361","216","UPI","Mobile","IN","IN","0","1322","19","522","false","1"
"MLTXN-002178","CUST-ML-0496","2109","CARD","Desktop","IN","IN","0","732","14","1890","false","0"
"MLTXN-002179","CUST-ML-0557","1464","NETBANKING","Mobile","US","US","1","3","7","1040","false","0"
"MLTXN-002180","CUST-ML-0562","3228","CARD","Tablet","AE","AE","1","561","11","4246","false","0"
"MLTXN-002181","CUST-ML-0495","995","UPI","Mobile","IN","IN","1","363","8","952","false","0"
"MLTXN-002182","CUST-ML-0566","3505","CARD","Mobile","SG","SG","0","717","16","4109","false","0"
"MLTXN-002183","CUST-ML-0189","2027","CARD","Mobile","IN","IN","1","14","7","639","false","0"
"MLTXN-002184","CUST-ML-0536","844","UPI","Desktop","SA","SA","1","4","6","461","false","0"
"MLTXN-002185","CUST-ML-0196","3386","CARD","Desktop","IN","IN","0","423","16","4570","false","1"
"MLTXN-002186","CUST-ML-0387","1300","UPI","Mobile","IN","IN","2","638","13","2705","false","0"
"MLTXN-002187","CUST-ML-0475","1255","CARD","Mobile","IN","IN","1","18","7","1460","false","0"
"MLTXN-002188","CUST-ML-0329","532","CARD","Desktop","DE","DE","0","548","14","1322","false","0"
"MLTXN-002189","CUST-ML-0507","842","WALLET","Mobile","IN","IN","1","377","17","721","false","0"
"MLTXN-002190","CUST-ML-0521","927","NETBANKING","Mobile","GB","GB","2","1080","32","2769","false","0"
"MLTXN-002191","CUST-ML-0017","1533","CARD","Desktop","DE","IN","3","521","11","1132","false","0"
"MLTXN-002192","CUST-ML-0436","3514","UPI","Mobile","IN","IN","1","3","4","4387","false","0"
"MLTXN-002193","CUST-ML-0272","4283","WALLET","Mobile","US","US","0","11","7","4243","false","0"
"MLTXN-002194","CUST-ML-0130","2591","UPI","Mobile","IN","IN","0","21","3","1910","false","0"
"MLTXN-002195","CUST-ML-0238","39133","UPI","Mobile","IN","IN","0","853","21","4765","false","0"
"MLTXN-002196","CUST-ML-0372","4519","UPI","Mobile","IN","IN","1","431","11","2763","false","0"
"MLTXN-002197","CUST-ML-0203","4945","CARD","Mobile","SA","SA","0","598","10","6473","false","0"
"MLTXN-002198","CUST-ML-0329","1370","CARD","Desktop","DE","DE","0","548","15","1393","false","0"
"MLTXN-002199","CUST-ML-0538","1966","CARD","Mobile","IN","IN","2","654","5","2335","false","0"
"MLTXN-002200","CUST-ML-0286","1533","NETBANKING","Mobile","IN","IN","1","19","2","688","false","0"
"MLTXN-002201","CUST-ML-0524","1676","CARD","Mobile","DE","IN","2","653","28","3360","false","0"
"MLTXN-002202","CUST-ML-0593","3102","CARD","Mobile","IN","IN","0","723","33","1765","false","0"
"MLTXN-002203","CUST-ML-0289","2441","UPI","Mobile","SA","SA","0","21","6","2264","false","1"
"MLTXN-002204","CUST-ML-0022","2659","CARD","Desktop","IN","IN","0","21","5","2251","false","1"
"MLTXN-002205","CUST-ML-0078","3066","WALLET","Desktop","IN","IN","0","559","17","1108","false","0"
"MLTXN-002206","CUST-ML-0217","394","UPI","Tablet","US","US","0","141","9","1123","false","0"
"MLTXN-002207","CUST-ML-0140","463","CARD","Mobile","SG","SG","0","601","17","1016","false","0"
"MLTXN-002208","CUST-ML-0535","3036","CARD","Mobile","IN","IN","0","969","20","3534","false","0"
"MLTXN-002209","CUST-ML-0130","1117","UPI","Mobile","DE","IN","0","21","4","1093","false","0"
"MLTXN-002210","CUST-ML-0264","1689","CARD","Mobile","IN","IN","0","331","10","766","false","0"
"MLTXN-002211","CUST-ML-0548","938","CARD","Mobile","IN","IN","0","345","13","1002","false","0"
"MLTXN-002212","CUST-ML-0016","15919","UPI","Mobile","GB","GB","0","740","22","4074","false","0"
"MLTXN-002213","CUST-ML-0149","1119","CARD","Mobile","AU","AU","0","363","12","2986","false","0"
"MLTXN-002214","CUST-ML-0555","2495","CARD","Mobile","IN","IN","0","314","14","1898","false","0"
"MLTXN-002215","CUST-ML-0560","424","BANK_TRANSFER","Tablet","US","US","0","10","3","940","false","0"
"MLTXN-002216","CUST-ML-0019","5466","UPI","Mobile","SA","IN","3","63","6","3436","false","0"
"MLTXN-002217","CUST-ML-0460","1999","UPI","Mobile","IN","IN","0","780","18","637","false","0"
"MLTXN-002218","CUST-ML-0551","507","UPI","Mobile","IN","IN","0","124","7","1051","false","0"
"MLTXN-002219","CUST-ML-0591","1547","UPI","Desktop","IN","IN","0","741","9","1802","false","0"
"MLTXN-002220","CUST-ML-0243","1610","NETBANKING","Mobile","US","IN","0","430","10","2364","false","1"
"MLTXN-002221","CUST-ML-0211","712","CARD","Mobile","IN","IN","1","528","7","1457","false","0"
"MLTXN-002222","CUST-ML-0191","1721","UPI","Desktop","IN","IN","0","60","5","709","false","0"
"MLTXN-002223","CUST-ML-0336","5250","BANK_TRANSFER","Mobile","IN","IN","0","504","15","1944","false","0"
"MLTXN-002224","CUST-ML-0468","2189","UPI","Mobile","IN","IN","0","244","10","2088","false","0"
"MLTXN-002225","CUST-ML-0442","18604","NETBANKING","Mobile","AE","AE","0","157","8","3938","false","0"
"MLTXN-002226","CUST-ML-0465","681","CARD","Mobile","DE","DE","0","664","24","856","false","0"
"MLTXN-002227","CUST-ML-0027","906","CARD","Tablet","SG","SG","0","699","24","366","false","0"
"MLTXN-002228","CUST-ML-0410","1918","CARD","Mobile","AE","AE","1","21","4","1027","false","0"
"MLTXN-002229","CUST-ML-0466","907","NETBANKING","Mobile","GB","GB","0","6","5","1706","false","0"
"MLTXN-002230","CUST-ML-0513","2764","UPI","Desktop","IN","IN","0","578","21","4864","false","0"
"MLTXN-002231","CUST-ML-0139","761","UPI","Desktop","AE","AE","0","546","25","1252","false","0"
"MLTXN-002232","CUST-ML-0502","7714","WALLET","Desktop","GB","GB","0","754","24","4558","false","0"
"MLTXN-002233","CUST-ML-0139","1695","CARD","Desktop","AE","AE","0","546","26","1600","false","1"
"MLTXN-002234","CUST-ML-0180","12845","UPI","Mobile","SG","SG","1","375","10","2731","false","1"
"MLTXN-002235","CUST-ML-0193","1550","UPI","Mobile","IN","IN","0","565","18","1384","false","0"
"MLTXN-002236","CUST-ML-0156","2980","NETBANKING","Desktop","GB","GB","0","690","25","4070","false","0"
"MLTXN-002237","CUST-ML-0164","5142","UPI","Tablet","IN","IN","0","150","7","3827","false","0"
"MLTXN-002238","CUST-ML-0399","2275","CARD","Desktop","IN","IN","2","111","5","2614","false","0"
"MLTXN-002239","CUST-ML-0236","307","CARD","Mobile","AE","AE","0","311","12","417","false","0"
"MLTXN-002240","CUST-ML-0268","1160","NETBANKING","Mobile","IN","IN","0","489","14","820","false","0"
"MLTXN-002241","CUST-ML-0478","1587","UPI","Mobile","IN","IN","0","630","21","1643","false","0"
"MLTXN-002242","CUST-ML-0571","3280","NETBANKING","Mobile","IN","IN","1","18","3","1417","false","0"
"MLTXN-002243","CUST-ML-0353","26892","CARD","Mobile","IN","IN","0","443","11","2302","false","1"
"MLTXN-002244","CUST-ML-0080","3028","BANK_TRANSFER","Mobile","IN","IN","0","1152","19","1994","false","0"
"MLTXN-002245","CUST-ML-0438","396","WALLET","Mobile","IN","IN","0","508","13","1194","false","0"
"MLTXN-002246","CUST-ML-0338","325","BANK_TRANSFER","Desktop","GB","GB","0","632","25","742","false","0"
"MLTXN-002247","CUST-ML-0124","1932","NETBANKING","Mobile","IN","IN","0","54","9","1889","false","0"
"MLTXN-002248","CUST-ML-0432","5294","BANK_TRANSFER","Desktop","IN","IN","0","308","7","2707","false","0"
"MLTXN-002249","CUST-ML-0254","7233","CARD","Tablet","IN","IN","0","851","32","3197","false","0"
"MLTXN-002250","CUST-ML-0600","3738","CARD","Desktop","SG","SG","2","157","10","4605","false","0"
"MLTXN-002251","CUST-ML-0542","761","CARD","Desktop","IN","US","2","400","7","480","false","0"
"MLTXN-002252","CUST-ML-0512","1883","CARD","Tablet","IN","IN","0","877","14","1215","false","0"
"MLTXN-002253","CUST-ML-0534","6390","UPI","Mobile","IN","IN","0","21","5","2978","false","0"
"MLTXN-002254","CUST-ML-0025","1005","CARD","Mobile","IN","IN","0","29","4","1372","false","0"
"MLTXN-002255","CUST-ML-0088","1781","UPI","Mobile","IN","IN","0","4","10","2017","false","1"
"MLTXN-002256","CUST-ML-0195","6120","WALLET","Mobile","SA","SA","0","21","5","7852","false","0"
"MLTXN-002257","CUST-ML-0164","6352","UPI","Tablet","IN","IN","0","150","8","4254","false","0"
"MLTXN-002258","CUST-ML-0473","830","NETBANKING","Mobile","IN","IN","0","21","5","1442","false","0"
"MLTXN-002259","CUST-ML-0219","1544","CARD","Desktop","IN","IN","1","483","11","1970","false","0"
"MLTXN-002260","CUST-ML-0524","2128","CARD","Mobile","IN","IN","0","653","29","1752","false","0"
"MLTXN-002261","CUST-ML-0106","4932","UPI","Mobile","IN","IN","0","469","13","745","false","0"
"MLTXN-002262","CUST-ML-0422","12513","CARD","Mobile","IN","IN","0","21","4","6789","false","0"
"MLTXN-002263","CUST-ML-0100","835","CARD","Mobile","IN","IN","1","19","3","945","false","0"
"MLTXN-002264","CUST-ML-0444","866","NETBANKING","Mobile","US","US","0","659","14","1503","false","0"
"MLTXN-002265","CUST-ML-0327","3116","UPI","Desktop","IN","IN","0","13","1","2674","true","0"
"MLTXN-002266","CUST-ML-0475","2245","CARD","Desktop","IN","IN","2","18","8","1341","false","1"
"MLTXN-002267","CUST-ML-0110","1874","CARD","Mobile","IN","IN","1","19","0","1320","false","0"
"MLTXN-002268","CUST-ML-0043","523","CARD","Desktop","DE","DE","0","309","6","827","false","1"
"MLTXN-002269","CUST-ML-0573","2015","CARD","Desktop","IN","IN","1","189","7","1394","false","0"
"MLTXN-002270","CUST-ML-0460","1648","CARD","Mobile","IN","IN","0","780","19","890","false","0"
"MLTXN-002271","CUST-ML-0076","2783","NETBANKING","Mobile","IN","IN","0","196","8","2325","false","0"
"MLTXN-002272","CUST-ML-0485","14315","UPI","Desktop","IN","IN","1","134","6","1422","false","0"
"MLTXN-002273","CUST-ML-0261","2727","UPI","Mobile","IN","IN","0","385","7","2683","false","0"
"MLTXN-002274","CUST-ML-0597","2783","UPI","Mobile","AE","AE","0","773","19","1580","false","0"
"MLTXN-002275","CUST-ML-0023","1357","UPI","Mobile","IN","IN","3","664","21","2277","false","1"
"MLTXN-002276","CUST-ML-0162","1126","WALLET","Mobile","SG","SG","0","9","9","824","false","0"
"MLTXN-002277","CUST-ML-0230","1099","UPI","Mobile","IN","IN","0","470","13","1826","false","0"
"MLTXN-002278","CUST-ML-0596","1394","CARD","Mobile","IN","IN","0","804","13","3547","false","0"
"MLTXN-002279","CUST-ML-0340","1030","UPI","Mobile","IN","IN","0","702","12","1391","false","0"
"MLTXN-002280","CUST-ML-0227","2614","UPI","Mobile","IN","IN","1","646","19","4618","false","0"
"MLTXN-002281","CUST-ML-0525","538","UPI","Desktop","US","US","1","776","15","884","false","0"
"MLTXN-002282","CUST-ML-0535","7840","CARD","Mobile","IN","IN","0","969","21","4265","false","0"
"MLTXN-002283","CUST-ML-0132","1358","CARD","Mobile","IN","IN","0","609","20","1111","false","0"
"MLTXN-002284","CUST-ML-0284","256","NETBANKING","Desktop","US","US","0","913","15","595","false","0"
"MLTXN-002285","CUST-ML-0555","1257","WALLET","Mobile","IN","IN","1","314","15","2370","false","0"
"MLTXN-002286","CUST-ML-0369","1157","UPI","Desktop","IN","IN","0","473","17","987","false","0"
"MLTXN-002287","CUST-ML-0500","838","NETBANKING","Desktop","SG","SG","0","309","9","1442","false","0"
"MLTXN-002288","CUST-ML-0472","1604","UPI","Desktop","IN","IN","0","1165","31","926","false","0"
"MLTXN-002289","CUST-ML-0009","7949","UPI","Mobile","IN","IN","0","448","15","7578","false","0"
"MLTXN-002290","CUST-ML-0179","2954","CARD","Mobile","IN","IN","0","541","17","6739","false","0"
"MLTXN-002291","CUST-ML-0594","5710","UPI","Desktop","IN","IN","0","187","6","4590","false","0"
"MLTXN-002292","CUST-ML-0255","1377","UPI","Mobile","US","US","0","832","27","922","false","0"
"MLTXN-002293","CUST-ML-0248","3997","CARD","Mobile","IN","IN","1","479","14","3108","false","1"
"MLTXN-002294","CUST-ML-0183","1934","UPI","Mobile","IN","IN","1","8","5","2048","false","0"
"MLTXN-002295","CUST-ML-0510","604","UPI","Desktop","IN","CA","0","551","17","689","false","0"
"MLTXN-002296","CUST-ML-0072","4304","CARD","Mobile","CA","CA","0","424","11","1051","false","0"
"MLTXN-002297","CUST-ML-0040","2512","UPI","Mobile","IN","IN","0","3","5","1092","false","0"
"MLTXN-002298","CUST-ML-0454","302","NETBANKING","Mobile","IN","IN","0","8","4","811","false","0"
"MLTXN-002299","CUST-ML-0488","2799","UPI","Desktop","AE","AE","0","21","2","2005","false","0"
"MLTXN-002300","CUST-ML-0255","2980","UPI","Desktop","US","US","0","832","28","1267","false","0"
"MLTXN-002301","CUST-ML-0347","4638","UPI","Desktop","IN","IN","1","49","4","1988","false","0"
"MLTXN-002302","CUST-ML-0594","2462","UPI","Desktop","IN","IN","0","187","7","3194","false","0"
"MLTXN-002303","CUST-ML-0322","2842","CARD","Mobile","IN","IN","0","18","7","2444","false","0"
"MLTXN-002304","CUST-ML-0038","3133","UPI","Mobile","IN","IN","0","500","17","1400","false","0"
"MLTXN-002305","CUST-ML-0564","5777","CARD","Mobile","AU","AU","0","64","10","2034","false","1"
"MLTXN-002306","CUST-ML-0590","2200","CARD","Mobile","IN","IN","2","237","7","1772","false","0"
"MLTXN-002307","CUST-ML-0309","1683","CARD","Mobile","IN","IN","0","643","8","2471","false","0"
"MLTXN-002308","CUST-ML-0517","1104","WALLET","Mobile","AU","AU","0","202","11","1224","false","0"
"MLTXN-002309","CUST-ML-0364","892","CARD","Mobile","GB","GB","0","167","3","827","false","0"
"MLTXN-002310","CUST-ML-0221","6366","WALLET","Mobile","IN","IN","5","208","4","2291","false","1"
"MLTXN-002311","CUST-ML-0009","16655","UPI","Mobile","IN","IN","0","448","16","8562","false","0"
"MLTXN-002312","CUST-ML-0293","3559","NETBANKING","Mobile","DE","AU","2","1","4","3228","false","0"
"MLTXN-002313","CUST-ML-0133","1081","CARD","Mobile","IN","IN","0","294","8","2035","false","0"
"MLTXN-002314","CUST-ML-0537","4888","CARD","Desktop","IN","IN","0","327","11","3369","false","0"
"MLTXN-002315","CUST-ML-0489","2006","BANK_TRANSFER","Mobile","IN","IN","0","8","6","2131","false","0"
"MLTXN-002316","CUST-ML-0087","1695","NETBANKING","Mobile","DE","DE","0","1125","36","844","false","0"
"MLTXN-002317","CUST-ML-0152","2603","UPI","Mobile","IN","IN","2","170","9","3521","false","0"
"MLTXN-002318","CUST-ML-0572","247","CARD","Mobile","IN","IN","1","299","5","682","false","0"
"MLTXN-002319","CUST-ML-0562","6666","CARD","Mobile","AE","AE","0","561","12","4183","false","0"
"MLTXN-002320","CUST-ML-0125","7172","CARD","Mobile","SG","SG","0","350","12","3940","false","0"
"MLTXN-002321","CUST-ML-0587","1784","UPI","Desktop","IN","IN","1","553","17","2146","false","0"
"MLTXN-002322","CUST-ML-0591","4243","CARD","Desktop","IN","IN","0","741","10","1686","false","0"
"MLTXN-002323","CUST-ML-0145","4500","NETBANKING","Mobile","IN","IN","2","667","19","3913","false","0"
"MLTXN-002324","CUST-ML-0172","487","CARD","Mobile","SA","SA","0","21","3","903","false","0"
"MLTXN-002325","CUST-ML-0427","886","NETBANKING","Mobile","IN","IN","0","21","2","1355","false","0"
"MLTXN-002326","CUST-ML-0081","1375","CARD","Desktop","IN","IN","0","873","30","1409","false","0"
"MLTXN-002327","CUST-ML-0188","1009","CARD","Mobile","IN","IN","1","21","8","1323","false","1"
"MLTXN-002328","CUST-ML-0058","9310","UPI","Mobile","AU","AU","0","344","12","3090","false","1"
"MLTXN-002329","CUST-ML-0237","1194","CARD","Desktop","SG","SG","0","504","19","4386","false","0"
"MLTXN-002330","CUST-ML-0194","10946","UPI","Mobile","IN","IN","4","189","7","7507","false","0"
"MLTXN-002331","CUST-ML-0189","1599","NETBANKING","Mobile","IN","IN","0","14","8","670","false","0"
"MLTXN-002332","CUST-ML-0408","2939","WALLET","Desktop","IN","IN","0","11","5","1539","false","0"
"MLTXN-002333","CUST-ML-0331","4580","NETBANKING","Mobile","IN","IN","0","517","15","2447","false","0"
"MLTXN-002334","CUST-ML-0491","1261","CARD","Mobile","DE","DE","1","460","13","1489","false","0"
"MLTXN-002335","CUST-ML-0511","1508","CARD","Desktop","IN","IN","0","416","19","2317","false","0"
"MLTXN-002336","CUST-ML-0119","2632","WALLET","Mobile","IN","IN","0","482","7","2513","false","0"
"MLTXN-002337","CUST-ML-0449","3801","UPI","Desktop","IN","IN","0","515","10","3036","false","1"
"MLTXN-002338","CUST-ML-0142","1010","WALLET","Mobile","AU","AU","0","1084","24","949","false","0"
"MLTXN-002339","CUST-ML-0392","474","NETBANKING","Desktop","IN","IN","2","921","28","1050","false","0"
"MLTXN-002340","CUST-ML-0470","462","CARD","Mobile","IN","IN","1","870","33","540","false","0"
"MLTXN-002341","CUST-ML-0381","507","BANK_TRANSFER","Desktop","IN","IN","0","867","18","810","false","1"
"MLTXN-002342","CUST-ML-0410","1055","CARD","Mobile","AE","AE","0","21","5","1167","false","0"
"MLTXN-002343","CUST-ML-0315","1265","CARD","Mobile","US","US","2","82","7","1652","false","0"
"MLTXN-002344","CUST-ML-0134","1665","CARD","Mobile","IN","IN","0","181","11","903","false","1"
"MLTXN-002345","CUST-ML-0277","2171","UPI","Mobile","SG","SG","3","731","12","3538","false","0"
"MLTXN-002346","CUST-ML-0296","4210","UPI","Mobile","IN","IN","0","373","13","3713","false","0"
"MLTXN-002347","CUST-ML-0242","1984","CARD","Desktop","US","US","0","21","6","378","false","0"
"MLTXN-002348","CUST-ML-0575","1036","CARD","Desktop","SA","SA","1","139","7","1299","false","0"
"MLTXN-002349","CUST-ML-0145","1359","CARD","Mobile","IN","IN","0","667","20","2522","false","0"
"MLTXN-002350","CUST-ML-0350","2197","NETBANKING","Mobile","AU","AU","0","1028","15","1730","false","0"
"MLTXN-002351","CUST-ML-0138","30564","CARD","Mobile","IN","IN","0","21","7","11568","false","0"
"MLTXN-002352","CUST-ML-0519","879","CARD","Mobile","CA","CA","6","69","8","1181","false","0"
"MLTXN-002353","CUST-ML-0573","600","CARD","Desktop","IN","IN","2","189","8","1018","false","0"
"MLTXN-002354","CUST-ML-0551","846","CARD","Mobile","IN","IN","2","124","8","855","false","0"
"MLTXN-002355","CUST-ML-0555","1565","CARD","Mobile","IN","IN","0","314","16","2016","false","0"
"MLTXN-002356","CUST-ML-0112","746","CARD","Desktop","IN","IN","1","434","9","1005","false","0"
"MLTXN-002357","CUST-ML-0251","278","NETBANKING","Mobile","IN","IN","0","957","27","636","false","0"
"MLTXN-002358","CUST-ML-0179","5793","CARD","Mobile","IN","IN","1","541","18","5348","false","0"
"MLTXN-002359","CUST-ML-0441","1302","UPI","Mobile","IN","IN","1","595","16","1435","false","0"
"MLTXN-002360","CUST-ML-0431","4872","NETBANKING","Mobile","IN","IN","0","438","15","2197","false","0"
"MLTXN-002361","CUST-ML-0047","1568","NETBANKING","Mobile","US","US","6","21","4","1995","false","1"
"MLTXN-002362","CUST-ML-0272","2073","WALLET","Mobile","US","US","0","11","8","2471","false","0"
"MLTXN-002363","CUST-ML-0181","434","UPI","Mobile","IN","IN","0","318","15","622","false","0"
"MLTXN-002364","CUST-ML-0105","10798","BANK_TRANSFER","Mobile","IN","IN","0","116","3","2290","false","0"
"MLTXN-002365","CUST-ML-0417","802","BANK_TRANSFER","Mobile","SG","IN","0","207","9","1418","false","1"
"MLTXN-002366","CUST-ML-0574","1599","WALLET","Mobile","IN","IN","0","352","8","2078","false","0"
"MLTXN-002367","CUST-ML-0596","1578","CARD","Mobile","IN","IN","0","804","14","2410","false","0"
"MLTXN-002368","CUST-ML-0279","1754","CARD","Mobile","SG","SG","0","19","4","3028","false","0"
"MLTXN-002369","CUST-ML-0412","1158","UPI","Mobile","IN","IN","0","590","16","1135","false","0"
"MLTXN-002370","CUST-ML-0331","2053","NETBANKING","Mobile","IN","IN","0","517","16","2237","false","0"
"MLTXN-002371","CUST-ML-0571","1894","NETBANKING","Mobile","IN","IN","0","18","4","1561","false","0"
"MLTXN-002372","CUST-ML-0371","5710","UPI","Mobile","GB","IN","1","567","19","562","false","0"
"MLTXN-002373","CUST-ML-0080","1095","BANK_TRANSFER","Mobile","IN","IN","0","1152","20","1872","false","0"
"MLTXN-002374","CUST-ML-0039","1706","UPI","Mobile","IN","IN","0","909","16","2468","false","0"
"MLTXN-002375","CUST-ML-0204","958","UPI","Desktop","GB","IN","0","384","12","3274","false","0"
"MLTXN-002376","CUST-ML-0501","1716","UPI","Mobile","US","US","0","714","30","716","false","0"
"MLTXN-002377","CUST-ML-0377","1918","CARD","Tablet","IN","IN","0","660","26","937","false","0"
"MLTXN-002378","CUST-ML-0255","2346","WALLET","Mobile","US","US","0","832","29","1365","false","1"
"MLTXN-002379","CUST-ML-0028","3970","CARD","Desktop","IN","IN","1","858","28","2798","false","0"
"MLTXN-002380","CUST-ML-0526","2003","CARD","Mobile","IN","IN","1","504","21","847","false","0"
"MLTXN-002381","CUST-ML-0423","263","WALLET","Mobile","IN","IN","0","9","4","352","false","0"
"MLTXN-002382","CUST-ML-0122","364","NETBANKING","Mobile","IN","IN","0","41","5","553","false","0"
"MLTXN-002383","CUST-ML-0314","2645","UPI","Tablet","IN","IN","0","638","18","2459","false","1"
"MLTXN-002384","CUST-ML-0025","1500","NETBANKING","Mobile","IN","IN","1","29","5","1617","false","0"
"MLTXN-002385","CUST-ML-0141","2727","CARD","Mobile","CA","CA","1","223","9","2366","false","0"
"MLTXN-002386","CUST-ML-0434","1427","CARD","Mobile","US","US","0","575","26","1480","false","0"
"MLTXN-002387","CUST-ML-0294","208","CARD","Mobile","IN","IN","0","538","24","662","false","0"
"MLTXN-002388","CUST-ML-0594","2085","UPI","Mobile","IN","IN","0","187","8","4501","false","0"
"MLTXN-002389","CUST-ML-0422","5191","CARD","Mobile","IN","IN","0","21","5","5963","false","0"
"MLTXN-002390","CUST-ML-0534","2283","UPI","Mobile","IN","IN","0","21","6","2819","false","1"
"MLTXN-002391","CUST-ML-0363","3681","WALLET","Mobile","SG","SG","0","661","23","3489","false","0"
"MLTXN-002392","CUST-ML-0386","10498","UPI","Tablet","US","US","0","56","4","2526","false","0"
"MLTXN-002393","CUST-ML-0515","898","WALLET","Mobile","IN","IN","0","529","8","1523","false","0"
"MLTXN-002394","CUST-ML-0174","967","UPI","Mobile","IN","IN","0","18","4","2090","false","0"
"MLTXN-002395","CUST-ML-0044","4042","CARD","Mobile","IN","IN","0","427","14","3719","false","0"
"MLTXN-002396","CUST-ML-0056","280","UPI","Mobile","IN","IN","0","349","14","545","false","0"
"MLTXN-002397","CUST-ML-0055","7632","NETBANKING","Mobile","US","US","0","525","11","6591","false","1"
"MLTXN-002398","CUST-ML-0256","1268","WALLET","Desktop","IN","IN","2","1020","16","1919","false","0"
"MLTXN-002399","CUST-ML-0538","2680","BANK_TRANSFER","Mobile","IN","IN","0","654","6","1954","false","0"
"MLTXN-002400","CUST-ML-0050","437","CARD","Desktop","IN","IN","0","33","6","468","false","0"
"MLTXN-002401","CUST-ML-0475","721","UPI","Desktop","IN","IN","0","18","9","1115","false","0"
"MLTXN-002402","CUST-ML-0543","1039","NETBANKING","Mobile","IN","IN","0","317","11","2310","false","0"
"MLTXN-002403","CUST-ML-0581","1211","UPI","Mobile","AU","AU","0","620","26","1088","false","0"
"MLTXN-002404","CUST-ML-0482","405","UPI","Mobile","IN","SG","1","1269","15","1183","false","0"
"MLTXN-002405","CUST-ML-0239","469","WALLET","Desktop","IN","IN","0","393","14","358","false","0"
"MLTXN-002406","CUST-ML-0112","730","CARD","Desktop","IN","IN","0","434","10","585","false","0"
"MLTXN-002407","CUST-ML-0185","5462","NETBANKING","Mobile","IN","IN","0","404","9","2679","false","0"
"MLTXN-002408","CUST-ML-0172","1613","CARD","Mobile","SA","SA","0","21","4","956","false","1"
"MLTXN-002409","CUST-ML-0282","725","UPI","Desktop","IN","IN","0","318","11","1134","false","0"
"MLTXN-002410","CUST-ML-0382","5579","UPI","Desktop","AE","AE","0","327","11","5899","false","0"
"MLTXN-002411","CUST-ML-0319","4728","WALLET","Mobile","DE","DE","0","209","11","2712","false","0"
"MLTXN-002412","CUST-ML-0134","395","CARD","Mobile","IN","IN","0","181","12","873","false","0"
"MLTXN-002413","CUST-ML-0359","7602","UPI","Mobile","IN","IN","1","15","3","670","false","1"
"MLTXN-002414","CUST-ML-0081","1073","CARD","Mobile","IN","IN","0","873","31","1255","false","0"
"MLTXN-002415","CUST-ML-0494","2876","CARD","Mobile","AE","AE","0","21","4","5424","false","0"
"MLTXN-002416","CUST-ML-0340","452","NETBANKING","Mobile","IN","IN","0","702","13","999","false","1"
"MLTXN-002417","CUST-ML-0463","3252","UPI","Tablet","IN","IN","1","822","33","2465","false","0"
"MLTXN-002418","CUST-ML-0029","3537","UPI","Desktop","SG","SG","1","528","8","3938","false","0"
"MLTXN-002419","CUST-ML-0238","6670","UPI","Mobile","IN","IN","1","853","22","5399","false","0"
"MLTXN-002420","CUST-ML-0577","2822","CARD","Mobile","IN","IN","2","555","18","3651","false","0"
"MLTXN-002421","CUST-ML-0555","1361","UPI","Desktop","IN","IN","0","314","17","2141","false","0"
"MLTXN-002422","CUST-ML-0263","3885","UPI","Tablet","IN","IN","1","310","6","1761","false","0"
"MLTXN-002423","CUST-ML-0424","5550","BANK_TRANSFER","Mobile","IN","IN","0","957","37","3906","false","0"
"MLTXN-002424","CUST-ML-0080","5188","UPI","Mobile","IN","IN","2","1152","21","2076","false","0"
"MLTXN-002425","CUST-ML-0522","1166","CARD","Mobile","US","US","0","943","16","1260","false","0"
"MLTXN-002426","CUST-ML-0397","311","CARD","Desktop","SA","IN","0","853","33","312","false","0"
"MLTXN-002427","CUST-ML-0005","1775","BANK_TRANSFER","Desktop","IN","IN","1","215","5","1651","false","0"
"MLTXN-002428","CUST-ML-0376","9063","CARD","Mobile","IN","IN","0","683","18","2311","false","1"
"MLTXN-002429","CUST-ML-0104","1460","UPI","Mobile","US","US","0","692","9","1885","false","0"
"MLTXN-002430","CUST-ML-0041","989","UPI","Tablet","IN","IN","0","412","7","603","false","0"
"MLTXN-002431","CUST-ML-0024","3337","CARD","Mobile","AU","AU","0","77","6","1114","false","0"
"MLTXN-002432","CUST-ML-0438","716","WALLET","Mobile","IN","IN","0","508","14","1193","false","0"
"MLTXN-002433","CUST-ML-0094","7372","UPI","Mobile","IN","IN","0","4","7","4014","false","0"
"MLTXN-002434","CUST-ML-0177","1567","UPI","Tablet","US","US","0","244","12","2099","false","0"
"MLTXN-002435","CUST-ML-0008","795","UPI","Mobile","US","US","0","21","3","979","false","1"
"MLTXN-002436","CUST-ML-0192","485","CARD","Desktop","IN","IN","0","699","24","279","false","0"
"MLTXN-002437","CUST-ML-0037","2317","NETBANKING","Tablet","IN","IN","0","121","9","3596","false","0"
"MLTXN-002438","CUST-ML-0079","19214","NETBANKING","Mobile","IN","IN","1","1197","23","4001","false","0"
"MLTXN-002439","CUST-ML-0145","2826","NETBANKING","Mobile","IN","IN","0","667","21","3732","false","0"
"MLTXN-002440","CUST-ML-0397","254","UPI","Mobile","IN","IN","0","853","34","302","false","0"
"MLTXN-002441","CUST-ML-0015","3396","CARD","Desktop","IN","IN","0","504","13","1301","false","0"
"MLTXN-002442","CUST-ML-0204","1030","UPI","Desktop","IN","IN","4","384","13","2480","false","0"
"MLTXN-002443","CUST-ML-0162","271","WALLET","Mobile","SG","SG","0","9","10","886","false","0"
"MLTXN-002444","CUST-ML-0092","1122","WALLET","Desktop","IN","IN","0","702","10","977","false","1"
"MLTXN-002445","CUST-ML-0270","3608","UPI","Mobile","GB","GB","0","21","6","9333","false","0"
"MLTXN-002446","CUST-ML-0262","526","WALLET","Mobile","IN","IN","1","19","4","479","false","0"
"MLTXN-002447","CUST-ML-0336","2226","BANK_TRANSFER","Mobile","IN","IN","2","504","16","2263","false","0"
"MLTXN-002448","CUST-ML-0339","1580","NETBANKING","Mobile","IN","IN","1","593","18","1731","false","1"
"MLTXN-002449","CUST-ML-0184","8212","CARD","Mobile","IN","IN","1","18","6","7248","false","0"
"MLTXN-002450","CUST-ML-0122","406","NETBANKING","Mobile","IN","IN","0","41","6","417","false","1"
"MLTXN-002451","CUST-ML-0288","2116","CARD","Mobile","DE","DE","0","605","19","1805","false","0"
"MLTXN-002452","CUST-ML-0136","630","CARD","Desktop","CA","IN","0","847","15","1414","false","0"
"MLTXN-002453","CUST-ML-0308","1698","UPI","Mobile","US","US","1","415","15","2145","false","0"
"MLTXN-002454","CUST-ML-0009","106885","WALLET","Mobile","IN","IN","0","448","17","6993","false","0"
"MLTXN-002455","CUST-ML-0028","3157","CARD","Mobile","IN","IN","0","858","29","2354","false","0"
"MLTXN-002456","CUST-ML-0160","1964","UPI","Mobile","US","US","0","412","13","2482","false","0"
"MLTXN-002457","CUST-ML-0360","4883","CARD","Mobile","IN","IN","0","21","3","4258","false","0"
"MLTXN-002458","CUST-ML-0353","1545","CARD","Mobile","IN","IN","0","443","12","2166","false","0"
"MLTXN-002459","CUST-ML-0452","1135","NETBANKING","Mobile","IN","IN","6","498","15","963","false","0"
"MLTXN-002460","CUST-ML-0114","1132","WALLET","Desktop","SA","IN","0","4","3","738","false","0"
"MLTXN-002461","CUST-ML-0147","1925","WALLET","Mobile","IN","IN","0","14","6","2535","false","0"
"MLTXN-002462","CUST-ML-0318","16393","CARD","Desktop","IN","IN","0","750","29","5667","false","0"
"MLTXN-002463","CUST-ML-0359","1178","UPI","Mobile","IN","IN","0","15","4","992","false","0"
"MLTXN-002464","CUST-ML-0226","425","NETBANKING","Mobile","IN","IN","0","896","24","908","false","0"
"MLTXN-002465","CUST-ML-0548","1523","NETBANKING","Mobile","US","IN","0","345","14","858","false","0"
"MLTXN-002466","CUST-ML-0061","5410","NETBANKING","Mobile","IN","IN","0","21","4","4426","false","0"
"MLTXN-002467","CUST-ML-0020","5258","UPI","Mobile","AE","AE","0","279","12","233","false","0"
"MLTXN-002468","CUST-ML-0484","1075","CARD","Mobile","IN","IN","0","264","12","1479","false","1"
"MLTXN-002469","CUST-ML-0203","16109","CARD","Mobile","SA","SA","1","598","11","5602","false","0"
"MLTXN-002470","CUST-ML-0342","3057","CARD","Mobile","AE","AE","0","20","7","1417","false","0"
"MLTXN-002471","CUST-ML-0359","834","UPI","Mobile","IN","IN","0","15","5","762","false","0"
"MLTXN-002472","CUST-ML-0029","2437","UPI","Desktop","SG","SG","1","528","9","2795","false","0"
"MLTXN-002473","CUST-ML-0328","1181","CARD","Desktop","US","US","5","21","4","1019","false","0"
"MLTXN-002474","CUST-ML-0158","1047","WALLET","Mobile","IN","US","0","857","10","1227","false","0"
"MLTXN-002475","CUST-ML-0031","15254","NETBANKING","Mobile","IN","IN","0","17","6","13703","false","0"
"MLTXN-002476","CUST-ML-0385","7772","WALLET","Mobile","SG","SG","0","859","24","6762","false","0"
"MLTXN-002477","CUST-ML-0207","1935","UPI","Mobile","IN","IN","0","10","2","2185","false","0"
"MLTXN-002478","CUST-ML-0140","1251","CARD","Mobile","SG","SG","1","601","18","1029","false","0"
"MLTXN-002479","CUST-ML-0107","2666","BANK_TRANSFER","Mobile","IN","IN","0","14","7","709","false","0"
"MLTXN-002480","CUST-ML-0411","730","CARD","Desktop","AU","AU","0","249","8","589","false","0"
"MLTXN-002481","CUST-ML-0113","2302","WALLET","Mobile","IN","IN","0","551","26","1552","false","0"
"MLTXN-002482","CUST-ML-0332","3545","UPI","Mobile","DE","DE","0","294","9","493","false","0"
"MLTXN-002483","CUST-ML-0212","1078","BANK_TRANSFER","Desktop","SA","SA","0","21","6","1698","false","1"
"MLTXN-002484","CUST-ML-0532","980","NETBANKING","Desktop","IN","IN","0","705","28","1203","false","0"
"MLTXN-002485","CUST-ML-0385","3594","WALLET","Mobile","IN","SG","1","859","25","6546","false","0"
"MLTXN-002486","CUST-ML-0419","975","WALLET","Desktop","IN","IN","0","457","18","1605","false","0"
"MLTXN-002487","CUST-ML-0344","805","CARD","Mobile","SA","SA","0","209","8","1123","false","0"
"MLTXN-002488","CUST-ML-0263","1626","UPI","Tablet","IN","IN","0","310","7","2628","false","0"
"MLTXN-002489","CUST-ML-0310","1084","NETBANKING","Mobile","IN","IN","0","21","6","2989","false","0"
"MLTXN-002490","CUST-ML-0552","2397","UPI","Mobile","AE","AE","0","746","13","2841","false","0"
"MLTXN-002491","CUST-ML-0503","508","UPI","Mobile","DE","DE","0","507","10","951","false","0"
"MLTXN-002492","CUST-ML-0583","2735","NETBANKING","Mobile","IN","IN","2","599","18","1891","false","0"
"MLTXN-002493","CUST-ML-0546","394","UPI","Mobile","AU","AU","0","597","26","1227","false","0"
"MLTXN-002494","CUST-ML-0245","2262","CARD","Desktop","IN","IN","1","473","14","2915","false","1"
"MLTXN-002495","CUST-ML-0325","10446","UPI","Desktop","IN","IN","3","769","25","6232","false","0"
"MLTXN-002496","CUST-ML-0104","10162","UPI","Mobile","US","US","0","692","10","3315","false","0"
"MLTXN-002497","CUST-ML-0452","2249","NETBANKING","Mobile","IN","IN","0","498","16","1002","false","0"
"MLTXN-002498","CUST-ML-0491","1142","CARD","Mobile","DE","DE","0","460","14","1086","false","0"
"MLTXN-002499","CUST-ML-0454","832","NETBANKING","Mobile","IN","IN","0","8","5","853","false","0"
"MLTXN-002500","CUST-ML-0263","2802","UPI","Desktop","IN","IN","1","310","8","1797","false","1"
"MLTXN-002501","CUST-ML-0196","72302","CARD","Desktop","IN","IN","0","423","17","6393","false","0"
"MLTXN-002502","CUST-ML-0187","497","NETBANKING","Mobile","SG","IN","0","1333","38","1139","false","0"
"MLTXN-002503","CUST-ML-0404","6695","CARD","Desktop","SA","SA","0","15","7","1934","false","0"
"MLTXN-002504","CUST-ML-0548","724","NETBANKING","Mobile","IN","IN","1","345","15","1004","false","0"
"MLTXN-002505","CUST-ML-0412","1124","UPI","Tablet","IN","IN","0","590","17","773","false","0"
"MLTXN-002506","CUST-ML-0091","2197","UPI","Mobile","CA","CA","1","651","23","3359","false","0"
"MLTXN-002507","CUST-ML-0173","7310","CARD","Mobile","US","US","0","469","19","2349","false","0"
"MLTXN-002508","CUST-ML-0353","947","CARD","Mobile","IN","IN","0","443","13","2542","false","1"
"MLTXN-002509","CUST-ML-0413","722","UPI","Mobile","IN","US","0","6","6","1543","false","0"
"MLTXN-002510","CUST-ML-0349","631","NETBANKING","Desktop","IN","IN","0","14","3","1361","false","0"
"MLTXN-002511","CUST-ML-0174","22229","WALLET","Mobile","IN","IN","0","18","5","1803","false","1"
"MLTXN-002512","CUST-ML-0585","2175","UPI","Mobile","IN","IN","0","547","14","2355","false","0"
"MLTXN-002513","CUST-ML-0288","1398","CARD","Mobile","DE","DE","0","605","20","2342","false","0"
"MLTXN-002514","CUST-ML-0336","2980","CARD","Mobile","IN","IN","0","504","17","2797","false","0"
"MLTXN-002515","CUST-ML-0033","5283","BANK_TRANSFER","Mobile","GB","GB","0","260","13","1450","false","0"
"MLTXN-002516","CUST-ML-0362","1064","NETBANKING","Mobile","IN","IN","0","126","9","979","false","0"
"MLTXN-002517","CUST-ML-0117","1886","WALLET","Mobile","IN","IN","0","235","10","587","false","0"
"MLTXN-002518","CUST-ML-0461","444","UPI","Mobile","AU","AU","0","534","18","665","false","0"
"MLTXN-002519","CUST-ML-0524","1703","CARD","Mobile","IN","IN","0","653","30","2301","false","0"
"MLTXN-002520","CUST-ML-0181","2620","UPI","Mobile","IN","IN","0","318","16","773","false","0"
"MLTXN-002521","CUST-ML-0581","1131","UPI","Desktop","AU","AU","0","620","27","1064","false","0"
"MLTXN-002522","CUST-ML-0349","2323","BANK_TRANSFER","Desktop","IN","IN","1","14","4","1185","false","0"
"MLTXN-002523","CUST-ML-0149","2106","UPI","Mobile","AU","AU","1","363","13","3336","false","0"
"MLTXN-002524","CUST-ML-0568","998","UPI","Desktop","IN","IN","0","307","8","1847","false","0"
"MLTXN-002525","CUST-ML-0462","1414","NETBANKING","Desktop","IN","IN","0","580","27","1345","false","0"
"MLTXN-002526","CUST-ML-0470","486","BANK_TRANSFER","Mobile","IN","IN","1","870","34","638","false","0"
"MLTXN-002527","CUST-ML-0575","642","CARD","Mobile","SA","SA","0","139","8","1072","false","1"
"MLTXN-002528","CUST-ML-0136","1816","CARD","Desktop","IN","IN","0","847","16","1457","false","0"
"MLTXN-002529","CUST-ML-0425","1001","NETBANKING","Mobile","IN","IN","1","384","19","1329","false","0"
"MLTXN-002530","CUST-ML-0036","255","WALLET","Mobile","IN","IN","0","947","15","462","false","0"
"MLTXN-002531","CUST-ML-0526","488","WALLET","Mobile","IN","IN","1","504","22","1156","false","0"
"MLTXN-002532","CUST-ML-0333","1196","NETBANKING","Desktop","IN","IN","0","18","2","1093","false","0"
"MLTXN-002533","CUST-ML-0259","7706","UPI","Mobile","IN","IN","0","253","9","1294","false","0"
"MLTXN-002534","CUST-ML-0375","7084","UPI","Desktop","IN","IN","1","183","5","15713","false","0"
"MLTXN-002535","CUST-ML-0174","2414","WALLET","Mobile","IN","IN","0","18","6","1839","false","0"
"MLTXN-002536","CUST-ML-0453","2152","NETBANKING","Desktop","IN","IN","0","522","11","1274","false","0"
"MLTXN-002537","CUST-ML-0553","1311","UPI","Mobile","IN","IN","0","18","3","2458","false","0"
"MLTXN-002538","CUST-ML-0144","386","WALLET","Mobile","GB","GB","1","973","38","862","false","0"
"MLTXN-002539","CUST-ML-0001","1888","UPI","Mobile","IN","IN","0","232","13","3239","false","0"
"MLTXN-002540","CUST-ML-0452","1539","NETBANKING","Mobile","IN","IN","2","498","17","863","false","0"
"MLTXN-002541","CUST-ML-0267","2886","NETBANKING","Desktop","IN","IN","2","377","9","1053","false","0"
"MLTXN-002542","CUST-ML-0107","3478","BANK_TRANSFER","Mobile","IN","IN","0","14","8","829","false","0"
"MLTXN-002543","CUST-ML-0170","1310","CARD","Mobile","IN","IN","0","373","11","1526","false","0"
"MLTXN-002544","CUST-ML-0222","1560","UPI","Mobile","IN","IN","1","109","11","2133","false","0"
"MLTXN-002545","CUST-ML-0116","1191","CARD","Mobile","IN","IN","0","11","3","949","false","0"
"MLTXN-002546","CUST-ML-0370","5212","NETBANKING","Mobile","SG","SG","6","21","5","2278","false","0"
"MLTXN-002547","CUST-ML-0154","3093","UPI","Desktop","SA","SA","0","20","8","1856","false","1"
"MLTXN-002548","CUST-ML-0351","3638","NETBANKING","Mobile","US","US","0","794","16","763","false","0"
"MLTXN-002549","CUST-ML-0466","3171","NETBANKING","Mobile","GB","GB","0","6","6","1307","false","0"
"MLTXN-002550","CUST-ML-0124","1457","NETBANKING","Mobile","IN","IN","2","54","10","1108","false","0"
"MLTXN-002551","CUST-ML-0038","518","UPI","Mobile","IN","IN","0","500","18","1089","false","0"
"MLTXN-002552","CUST-ML-0120","665","CARD","Mobile","US","US","2","709","22","1192","false","0"
"MLTXN-002553","CUST-ML-0493","1948","NETBANKING","Mobile","IN","IN","2","13","3","1482","false","0"
"MLTXN-002554","CUST-ML-0335","1988","UPI","Mobile","IN","IN","2","972","36","2270","false","0"
"MLTXN-002555","CUST-ML-0145","1732","NETBANKING","Mobile","IN","IN","0","667","22","4371","false","0"
"MLTXN-002556","CUST-ML-0151","1433","CARD","Mobile","IN","IN","4","868","24","3326","false","0"
"MLTXN-002557","CUST-ML-0397","139","UPI","Mobile","IN","IN","1","853","35","400","false","0"
"MLTXN-002558","CUST-ML-0302","1992","UPI","Tablet","IN","IN","2","961","23","1439","false","0"
"MLTXN-002559","CUST-ML-0183","1587","UPI","Mobile","IN","IN","0","8","6","2088","false","1"
"MLTXN-002560","CUST-ML-0415","490","CARD","Mobile","GB","GB","0","463","19","931","false","0"
"MLTXN-002561","CUST-ML-0350","5158","NETBANKING","Mobile","AU","AU","0","1028","16","1801","false","0"
"MLTXN-002562","CUST-ML-0077","2832","NETBANKING","Mobile","IN","IN","0","228","10","3158","false","0"
"MLTXN-002563","CUST-ML-0332","590","CARD","Mobile","DE","DE","0","294","10","361","false","0"
"MLTXN-002564","CUST-ML-0322","3994","UPI","Mobile","IN","IN","0","18","8","3384","false","0"
"MLTXN-002565","CUST-ML-0236","349","CARD","Desktop","AE","AE","0","311","13","495","false","0"
"MLTXN-002566","CUST-ML-0367","1829","NETBANKING","Mobile","IN","IN","0","564","7","1411","false","0"
"MLTXN-002567","CUST-ML-0509","56903","WALLET","Mobile","AE","CA","0","509","17","3624","false","0"
"MLTXN-002568","CUST-ML-0274","2714","UPI","Mobile","IN","IN","1","531","15","2551","false","0"
"MLTXN-002569","CUST-ML-0530","4195","UPI","Desktop","IN","IN","0","558","10","3886","false","0"
"MLTXN-002570","CUST-ML-0515","3714","CARD","Mobile","IN","IN","1","529","9","1508","false","0"
"MLTXN-002571","CUST-ML-0103","1914","UPI","Mobile","DE","DE","1","329","6","2436","false","0"
"MLTXN-002572","CUST-ML-0284","411","NETBANKING","Desktop","US","US","0","913","16","985","false","0"
"MLTXN-002573","CUST-ML-0393","1609","UPI","Mobile","AE","AE","0","21","4","1525","false","0"
"MLTXN-002574","CUST-ML-0068","2658","NETBANKING","Desktop","US","US","0","263","7","7296","false","0"
"MLTXN-002575","CUST-ML-0087","494","NETBANKING","Mobile","DE","DE","0","1125","37","697","false","0"
"MLTXN-002576","CUST-ML-0167","1116","CARD","Mobile","IN","IN","0","5","5","1149","false","0"
"MLTXN-002577","CUST-ML-0376","1756","CARD","Mobile","IN","IN","0","683","19","2363","false","0"
"MLTXN-002578","CUST-ML-0011","3830","CARD","Mobile","US","US","0","584","25","1633","false","0"
"MLTXN-002579","CUST-ML-0062","2650","CARD","Desktop","SA","SA","0","527","10","4098","false","0"
"MLTXN-002580","CUST-ML-0336","5368","UPI","Mobile","IN","IN","0","504","18","1944","false","0"
"MLTXN-002581","CUST-ML-0047","1473","NETBANKING","Mobile","US","US","0","21","5","1816","false","1"
"MLTXN-002582","CUST-ML-0101","1722","CARD","Mobile","IN","IN","0","333","11","1917","false","0"
"MLTXN-002583","CUST-ML-0356","4450","UPI","Mobile","US","US","0","551","25","2356","false","0"
"MLTXN-002584","CUST-ML-0105","2070","CARD","Mobile","IN","IN","0","116","4","1939","false","0"
"MLTXN-002585","CUST-ML-0459","1116","WALLET","Mobile","IN","IN","0","359","12","1920","false","0"
"MLTXN-002586","CUST-ML-0147","40522","NETBANKING","Desktop","IN","IN","1","14","7","3045","false","0"
"MLTXN-002587","CUST-ML-0156","2196","UPI","Mobile","GB","GB","2","690","26","3643","false","0"
"MLTXN-002588","CUST-ML-0082","3037","UPI","Mobile","IN","IN","1","499","6","1133","false","0"
"MLTXN-002589","CUST-ML-0352","1111","CARD","Desktop","US","IN","0","3","6","1171","false","0"
"MLTXN-002590","CUST-ML-0521","7117","WALLET","Mobile","GB","GB","2","1080","33","2440","false","0"
"MLTXN-002591","CUST-ML-0567","3246","CARD","Mobile","US","SG","0","1004","27","1499","false","0"
"MLTXN-002592","CUST-ML-0567","357","CARD","Mobile","SG","SG","0","1004","28","1849","false","0"
"MLTXN-002593","CUST-ML-0140","2446","CARD","Mobile","SG","SG","0","601","19","824","false","0"
"MLTXN-002594","CUST-ML-0506","525","CARD","Desktop","IN","IN","1","17","3","629","false","0"
"MLTXN-002595","CUST-ML-0353","3664","CARD","Mobile","IN","IN","0","443","14","2748","false","0"
"MLTXN-002596","CUST-ML-0253","1599","CARD","Mobile","IN","IN","0","593","24","627","false","0"
"MLTXN-002597","CUST-ML-0283","712","CARD","Mobile","IN","IN","0","344","10","1294","false","0"
"MLTXN-002598","CUST-ML-0367","1238","UPI","Mobile","IN","IN","0","564","8","1271","false","0"
"MLTXN-002599","CUST-ML-0100","1335","CARD","Mobile","IN","IN","0","19","4","694","false","0"
"MLTXN-002600","CUST-ML-0421","2175","NETBANKING","Mobile","IN","IN","0","955","30","1092","false","0"
"MLTXN-002601","CUST-ML-0575","1682","CARD","Mobile","SA","SA","1","139","9","961","false","0"
"MLTXN-002602","CUST-ML-0322","2718","CARD","Mobile","IN","IN","0","18","9","2899","false","0"
"MLTXN-002603","CUST-ML-0043","1707","CARD","Desktop","DE","DE","0","309","7","612","false","1"
"MLTXN-002604","CUST-ML-0546","691","UPI","Mobile","AU","AU","0","597","27","851","false","0"
"MLTXN-002605","CUST-ML-0201","2088","UPI","Mobile","IN","IN","0","1259","36","929","false","0"
"MLTXN-002606","CUST-ML-0022","4253","CARD","Desktop","IN","IN","0","21","6","2333","false","0"
"MLTXN-002607","CUST-ML-0453","1840","CARD","Desktop","IN","IN","0","522","12","1112","false","0"
"MLTXN-002608","CUST-ML-0095","2523","UPI","Mobile","IN","IN","0","764","21","3955","false","0"
"MLTXN-002609","CUST-ML-0543","2638","NETBANKING","Mobile","IN","IN","5","317","12","1498","false","0"
"MLTXN-002610","CUST-ML-0144","7526","WALLET","Desktop","GB","GB","0","973","39","940","false","0"
"MLTXN-002611","CUST-ML-0181","855","UPI","Mobile","IN","IN","1","318","17","976","false","0"
"MLTXN-002612","CUST-ML-0498","3456","CARD","Mobile","IN","IN","0","303","10","3626","false","0"
"MLTXN-002613","CUST-ML-0155","2809","UPI","Mobile","CA","CA","1","384","10","1943","false","0"
"MLTXN-002614","CUST-ML-0156","4850","CARD","Mobile","GB","GB","0","690","27","3338","false","0"
"MLTXN-002615","CUST-ML-0028","2204","BANK_TRANSFER","Desktop","IN","IN","0","858","30","2255","false","0"
"MLTXN-002616","CUST-ML-0046","1271","CARD","Mobile","SG","SG","0","146","8","1392","false","0"
"MLTXN-002617","CUST-ML-0113","1569","WALLET","Mobile","IN","IN","6","551","27","1352","false","0"
"MLTXN-002618","CUST-ML-0475","3720","WALLET","Desktop","IN","IN","0","18","10","1602","false","0"
"MLTXN-002619","CUST-ML-0524","6567","CARD","Mobile","IN","IN","0","653","31","2755","false","0"
"MLTXN-002620","CUST-ML-0102","1062","CARD","Mobile","AE","AE","0","748","19","1043","false","0"
"MLTXN-002621","CUST-ML-0486","2166","CARD","Mobile","SG","SG","0","230","7","1179","false","0"
"MLTXN-002622","CUST-ML-0276","1126","UPI","Mobile","AE","AE","0","495","17","3895","false","0"
"MLTXN-002623","CUST-ML-0135","915","NETBANKING","Mobile","IN","IN","0","329","14","893","false","0"
"MLTXN-002624","CUST-ML-0042","2344","CARD","Mobile","US","US","1","1097","35","2359","false","0"
"MLTXN-002625","CUST-ML-0581","720","UPI","Mobile","AU","AU","2","620","28","1189","false","0"
"MLTXN-002626","CUST-ML-0445","1967","UPI","Mobile","AU","AU","0","15","5","935","false","0"
"MLTXN-002627","CUST-ML-0432","2777","NETBANKING","Desktop","IN","IN","1","308","8","2287","false","0"
"MLTXN-002628","CUST-ML-0075","2609","UPI","Mobile","IN","IN","6","594","18","2414","false","1"
"MLTXN-002629","CUST-ML-0013","167","CARD","Mobile","CA","CA","0","418","16","433","false","1"
"MLTXN-002630","CUST-ML-0023","3261","UPI","Mobile","IN","IN","0","664","22","1872","false","1"
"MLTXN-002631","CUST-ML-0219","2490","CARD","Mobile","IN","IN","1","483","12","2265","false","0"
"MLTXN-002632","CUST-ML-0564","4468","BANK_TRANSFER","Mobile","AU","AU","1","64","11","2565","false","0"
"MLTXN-002633","CUST-ML-0225","3079","WALLET","Mobile","IN","IN","3","1125","15","2437","false","0"
"MLTXN-002634","CUST-ML-0277","30938","UPI","Mobile","SG","SG","0","731","13","2898","false","0"
"MLTXN-002635","CUST-ML-0185","4132","CARD","Mobile","IN","IN","1","404","10","3111","false","1"
"MLTXN-002636","CUST-ML-0256","1437","UPI","Desktop","IN","IN","0","1020","17","1613","false","0"
"MLTXN-002637","CUST-ML-0418","4713","CARD","Mobile","AE","AE","0","386","16","2845","false","0"
"MLTXN-002638","CUST-ML-0227","1290","NETBANKING","Mobile","IN","IN","1","646","20","3212","false","0"
"MLTXN-002639","CUST-ML-0219","4368","CARD","Mobile","IN","IN","0","483","13","1837","false","1"
"MLTXN-002640","CUST-ML-0107","1224","BANK_TRANSFER","Mobile","IN","IN","1","14","9","871","false","0"
"MLTXN-002641","CUST-ML-0373","1432","UPI","Mobile","IN","IN","0","908","30","1353","false","0"
"MLTXN-002642","CUST-ML-0037","2976","NETBANKING","Mobile","IN","IN","1","121","10","3330","false","0"
"MLTXN-002643","CUST-ML-0419","1408","WALLET","Desktop","IN","IN","1","457","19","1474","false","0"
"MLTXN-002644","CUST-ML-0436","6185","UPI","Desktop","IN","IN","0","3","5","3323","false","0"
"MLTXN-002645","CUST-ML-0537","1034","UPI","Desktop","IN","IN","0","327","12","2667","false","0"
"MLTXN-002646","CUST-ML-0557","811","UPI","Desktop","US","US","0","3","8","1268","false","0"
"MLTXN-002647","CUST-ML-0494","10615","CARD","Mobile","AE","AE","0","21","5","4999","false","0"
"MLTXN-002648","CUST-ML-0341","1064","UPI","Mobile","IN","IN","2","656","10","1286","false","0"
"MLTXN-002649","CUST-ML-0137","933","CARD","Desktop","IN","IN","1","575","19","1388","false","0"
"MLTXN-002650","CUST-ML-0249","844","UPI","Mobile","IN","IN","0","21","6","483","false","0"
"MLTXN-002651","CUST-ML-0347","1026","UPI","Desktop","IN","IN","1","49","5","1369","false","0"
"MLTXN-002652","CUST-ML-0588","1584","UPI","Desktop","IN","IN","1","507","17","1589","false","0"
"MLTXN-002653","CUST-ML-0274","2810","UPI","Mobile","IN","IN","1","531","16","2602","false","0"
"MLTXN-002654","CUST-ML-0491","13095","WALLET","Mobile","DE","DE","2","460","15","2092","false","0"
"MLTXN-002655","CUST-ML-0471","2105","UPI","Mobile","IN","IN","0","398","15","3075","false","0"
"MLTXN-002656","CUST-ML-0329","658","CARD","Desktop","DE","DE","0","548","16","1779","false","0"
"MLTXN-002657","CUST-ML-0008","416","UPI","Mobile","US","US","1","21","4","841","false","0"
"MLTXN-002658","CUST-ML-0424","3186","CARD","Mobile","US","IN","0","957","38","3235","false","0"
"MLTXN-002659","CUST-ML-0415","1106","CARD","Mobile","GB","GB","0","463","20","946","false","0"
"MLTXN-002660","CUST-ML-0056","506","CARD","Mobile","IN","IN","0","349","15","482","false","0"
"MLTXN-002661","CUST-ML-0539","14892","BANK_TRANSFER","Tablet","IN","IN","0","21","1","2397","false","1"
"MLTXN-002662","CUST-ML-0445","839","UPI","Mobile","AU","AU","1","15","6","981","false","0"
"MLTXN-002663","CUST-ML-0380","14302","UPI","Desktop","IN","IN","0","13","5","12950","false","0"
"MLTXN-002664","CUST-ML-0287","4979","UPI","Mobile","SA","SA","0","21","4","4498","false","0"
"MLTXN-002665","CUST-ML-0240","618","UPI","Desktop","IN","IN","1","21","3","933","false","0"
"MLTXN-002666","CUST-ML-0431","7774","NETBANKING","Mobile","IN","IN","0","438","16","3276","false","0"
"MLTXN-002667","CUST-ML-0054","1036","CARD","Mobile","AU","AU","0","359","13","1461","false","0"
"MLTXN-002668","CUST-ML-0554","982","UPI","Mobile","IN","IN","0","21","4","1796","false","0"
"MLTXN-002669","CUST-ML-0024","1397","WALLET","Mobile","AU","AU","0","77","7","1209","false","0"
"MLTXN-002670","CUST-ML-0107","788","BANK_TRANSFER","Mobile","US","IN","1","14","10","608","false","0"
"MLTXN-002671","CUST-ML-0423","2964","WALLET","Mobile","IN","IN","3","9","5","353","false","1"
"MLTXN-002672","CUST-ML-0468","3884","UPI","Mobile","IN","IN","1","244","11","2513","false","0"
"MLTXN-002673","CUST-ML-0213","2606","CARD","Mobile","IN","IN","0","20","5","1251","false","0"
"MLTXN-002674","CUST-ML-0197","2880","CARD","Mobile","US","IN","0","13","7","1834","false","0"
"MLTXN-002675","CUST-ML-0436","5744","UPI","Mobile","IN","IN","0","3","6","3508","false","0"
"MLTXN-002676","CUST-ML-0429","261","UPI","Desktop","IN","IN","1","79","4","1802","false","0"
"MLTXN-002677","CUST-ML-0539","18017","NETBANKING","Tablet","DE","IN","0","21","2","2585","false","0"
"MLTXN-002678","CUST-ML-0122","244","NETBANKING","Mobile","IN","IN","0","41","7","328","false","0"
"MLTXN-002679","CUST-ML-0267","538","UPI","Mobile","IN","IN","0","377","10","1191","false","0"
"MLTXN-002680","CUST-ML-0317","5221","CARD","Mobile","IN","IN","1","142","7","1010","false","0"
"MLTXN-002681","CUST-ML-0569","40404","UPI","Mobile","US","US","0","624","13","4823","false","0"
"MLTXN-002682","CUST-ML-0295","668","CARD","Mobile","IN","IN","1","880","15","962","false","0"
"MLTXN-002683","CUST-ML-0201","591","WALLET","Mobile","IN","IN","0","1259","37","958","false","0"
"MLTXN-002684","CUST-ML-0386","5753","UPI","Desktop","US","US","1","56","5","1527","false","0"
"MLTXN-002685","CUST-ML-0528","229","UPI","Desktop","AE","IN","0","594","22","552","false","0"
"MLTXN-002686","CUST-ML-0152","4365","UPI","Mobile","IN","IN","0","170","10","3812","false","0"
"MLTXN-002687","CUST-ML-0299","783","UPI","Desktop","US","US","0","354","11","1414","false","0"
"MLTXN-002688","CUST-ML-0502","7570","UPI","Mobile","GB","GB","0","754","25","5925","false","0"
"MLTXN-002689","CUST-ML-0598","9397","UPI","Mobile","SG","SG","0","208","10","1303","false","0"
"MLTXN-002690","CUST-ML-0487","1010","CARD","Desktop","IN","IN","0","329","13","1775","false","0"
"MLTXN-002691","CUST-ML-0402","1747","UPI","Desktop","AE","AE","0","16","5","734","false","0"
"MLTXN-002692","CUST-ML-0205","2510","UPI","Desktop","IN","IN","0","573","16","2976","false","0"
"MLTXN-002693","CUST-ML-0461","444","CARD","Mobile","AU","AU","0","534","19","566","false","0"
"MLTXN-002694","CUST-ML-0196","3086","CARD","Desktop","IN","IN","0","423","18","4254","false","0"
"MLTXN-002695","CUST-ML-0245","3601","CARD","Desktop","IN","IN","0","473","15","3243","false","0"
"MLTXN-002696","CUST-ML-0107","343","UPI","Mobile","IN","IN","0","14","11","630","false","0"
"MLTXN-002697","CUST-ML-0559","3067","CARD","Mobile","AU","AU","0","179","6","8754","false","0"
"MLTXN-002698","CUST-ML-0150","3163","CARD","Mobile","IN","IN","2","1160","40","1902","false","0"
"MLTXN-002699","CUST-ML-0284","917","NETBANKING","Desktop","US","US","0","913","17","590","false","0"
"MLTXN-002700","CUST-ML-0002","647","CARD","Mobile","IN","IN","0","520","15","829","false","1"
"MLTXN-002701","CUST-ML-0451","918","CARD","Mobile","CA","CA","4","923","27","922","false","0"
"MLTXN-002702","CUST-ML-0538","2713","BANK_TRANSFER","Mobile","IN","IN","1","654","7","1587","false","0"
"MLTXN-002703","CUST-ML-0332","1108","CARD","Mobile","DE","DE","1","294","11","667","false","0"
"MLTXN-002704","CUST-ML-0252","334","UPI","Mobile","IN","IN","1","1066","42","809","false","0"
"MLTXN-002705","CUST-ML-0237","5402","UPI","Mobile","SG","SG","0","504","20","2414","false","0"
"MLTXN-002706","CUST-ML-0423","1108","WALLET","Mobile","IN","IN","3","9","6","424","false","0"
"MLTXN-002707","CUST-ML-0546","1769","UPI","Mobile","AU","AU","0","597","28","948","false","0"
"MLTXN-002708","CUST-ML-0092","275","UPI","Mobile","IN","IN","0","702","11","695","false","0"
"MLTXN-002709","CUST-ML-0191","1194","UPI","Desktop","IN","IN","1","60","6","803","false","0"
"MLTXN-002710","CUST-ML-0088","2894","UPI","Mobile","IN","IN","0","4","11","1903","false","1"
"MLTXN-002711","CUST-ML-0492","1527","CARD","Mobile","IN","IN","0","541","17","1459","false","0"
"MLTXN-002712","CUST-ML-0241","2158","CARD","Mobile","IN","IN","0","9","4","4068","false","0"
"MLTXN-002713","CUST-ML-0070","3292","WALLET","Mobile","AE","AE","0","420","19","1989","false","0"
"MLTXN-002714","CUST-ML-0300","2090","NETBANKING","Mobile","IN","IN","0","565","17","524","false","0"
"MLTXN-002715","CUST-ML-0385","4625","NETBANKING","Desktop","SG","SG","0","859","26","7879","false","0"
"MLTXN-002716","CUST-ML-0537","2058","CARD","Desktop","IN","IN","0","327","13","2864","false","1"
"MLTXN-002717","CUST-ML-0449","2590","UPI","Desktop","IN","IN","0","515","11","2615","false","1"
"MLTXN-002718","CUST-ML-0378","402","BANK_TRANSFER","Mobile","CA","CA","0","460","21","1002","false","0"
"MLTXN-002719","CUST-ML-0329","489","CARD","Desktop","DE","DE","0","548","17","1288","false","0"
"MLTXN-002720","CUST-ML-0122","266","NETBANKING","Mobile","IN","IN","0","41","8","416","false","0"
"MLTXN-002721","CUST-ML-0210","474","CARD","Mobile","IN","IN","0","987","26","863","false","0"
"MLTXN-002722","CUST-ML-0094","2911","CARD","Mobile","IN","IN","0","4","8","4993","false","0"
"MLTXN-002723","CUST-ML-0398","960","UPI","Mobile","IN","IN","0","12","3","897","false","0"
"MLTXN-002724","CUST-ML-0469","1929","NETBANKING","Mobile","IN","IN","0","288","10","2245","false","0"
"MLTXN-002725","CUST-ML-0311","1978","CARD","Desktop","AE","AE","0","141","8","2374","false","0"
"MLTXN-002726","CUST-ML-0044","1964","WALLET","Mobile","IN","IN","1","427","15","3361","false","1"
"MLTXN-002727","CUST-ML-0510","1351","UPI","Desktop","CA","CA","0","551","18","918","false","0"
"MLTXN-002728","CUST-ML-0033","1729","BANK_TRANSFER","Mobile","GB","GB","0","260","14","1095","false","0"
"MLTXN-002729","CUST-ML-0343","483","CARD","Desktop","IN","IN","1","21","1","655","false","0"
"MLTXN-002730","CUST-ML-0412","847","UPI","Desktop","IN","IN","0","590","18","777","false","0"
"MLTXN-002731","CUST-ML-0436","3705","CARD","Mobile","IN","IN","0","3","7","4059","false","0"
"MLTXN-002732","CUST-ML-0470","257","BANK_TRANSFER","Mobile","IN","IN","0","870","35","863","false","0"
"MLTXN-002733","CUST-ML-0425","341","UPI","Mobile","IN","IN","0","384","20","1535","false","0"
"MLTXN-002734","CUST-ML-0581","1858","UPI","Mobile","AU","AU","2","620","29","979","false","1"
"MLTXN-002735","CUST-ML-0548","545","NETBANKING","Mobile","IN","IN","0","345","16","763","false","0"
"MLTXN-002736","CUST-ML-0557","4046","UPI","Desktop","US","US","2","3","9","1091","false","0"
"MLTXN-002737","CUST-ML-0340","2198","UPI","Mobile","IN","IN","2","702","14","1093","false","0"
"MLTXN-002738","CUST-ML-0044","9938","CARD","Mobile","SG","IN","2","427","16","4732","false","0"
"MLTXN-002739","CUST-ML-0190","911","UPI","Mobile","IN","IN","0","173","13","2158","false","0"
"MLTXN-002740","CUST-ML-0221","15597","WALLET","Mobile","IN","IN","0","208","5","2546","false","0"
"MLTXN-002741","CUST-ML-0256","24722","UPI","Desktop","IN","IN","1","1020","18","1635","false","0"
"MLTXN-002742","CUST-ML-0117","509","WALLET","Mobile","IN","IN","0","235","11","889","false","1"
"MLTXN-002743","CUST-ML-0535","2085","CARD","Desktop","IN","IN","0","969","22","3418","false","0"
"MLTXN-002744","CUST-ML-0399","2869","CARD","Mobile","IN","IN","1","111","6","2150","false","1"
"MLTXN-002745","CUST-ML-0309","1422","CARD","Mobile","IN","IN","0","643","9","3310","false","0"
"MLTXN-002746","CUST-ML-0220","326","UPI","Mobile","SG","SG","1","475","12","865","false","0"
"MLTXN-002747","CUST-ML-0383","2444","CARD","Mobile","US","US","0","21","3","2084","false","0"
"MLTXN-002748","CUST-ML-0218","4060","UPI","Mobile","IN","IN","0","136","6","4600","false","0"
"MLTXN-002749","CUST-ML-0536","1279","NETBANKING","Mobile","SA","SA","0","4","7","608","false","0"
"MLTXN-002750","CUST-ML-0572","1294","CARD","Mobile","IN","IN","1","299","6","658","false","0"
"MLTXN-002751","CUST-ML-0464","1467","WALLET","Desktop","US","US","0","1096","23","1823","false","0"
"MLTXN-002752","CUST-ML-0178","1184","NETBANKING","Desktop","GB","GB","0","18","4","3273","false","0"
"MLTXN-002753","CUST-ML-0500","3918","NETBANKING","Desktop","SG","SG","0","309","10","1309","false","0"
"MLTXN-002754","CUST-ML-0496","888","CARD","Mobile","IN","IN","0","732","15","2252","false","0"
"MLTXN-002755","CUST-ML-0493","3830","NETBANKING","Mobile","IN","IN","2","13","4","1458","false","1"
"MLTXN-002756","CUST-ML-0205","1310","UPI","Desktop","IN","IN","0","573","17","2112","false","1"
"MLTXN-002757","CUST-ML-0324","657","NETBANKING","Mobile","IN","IN","6","21","6","934","false","0"
"MLTXN-002758","CUST-ML-0365","504","CARD","Mobile","IN","IN","0","527","22","1416","false","0"
"MLTXN-002759","CUST-ML-0263","1408","CARD","Mobile","IN","IN","1","310","9","2115","false","0"
"MLTXN-002760","CUST-ML-0042","5927","CARD","Mobile","US","US","0","1097","36","3034","false","0"
"MLTXN-002761","CUST-ML-0130","1262","UPI","Mobile","IN","IN","1","21","5","1569","false","0"
"MLTXN-002762","CUST-ML-0277","4848","UPI","Mobile","SG","SG","0","731","14","4695","false","0"
"MLTXN-002763","CUST-ML-0294","628","UPI","Mobile","IN","IN","0","538","25","631","false","0"
"MLTXN-002764","CUST-ML-0323","1705","NETBANKING","Mobile","CA","CA","0","399","11","1457","false","0"
"MLTXN-002765","CUST-ML-0313","440","UPI","Mobile","IN","IN","1","709","15","1232","false","0"
"MLTXN-002766","CUST-ML-0429","14896","UPI","Desktop","IN","IN","0","79","5","1138","false","0"
"MLTXN-002767","CUST-ML-0553","3666","UPI","Mobile","IN","IN","0","18","4","2473","false","1"
"MLTXN-002768","CUST-ML-0096","1997","NETBANKING","Mobile","IN","IN","0","185","9","2705","false","0"
"MLTXN-002769","CUST-ML-0181","754","UPI","Mobile","IN","IN","0","318","18","624","false","0"
"MLTXN-002770","CUST-ML-0272","1251","WALLET","Mobile","IN","US","3","11","9","3246","false","1"
"MLTXN-002771","CUST-ML-0190","1210","UPI","Mobile","IN","IN","0","173","14","1352","false","0"
"MLTXN-002772","CUST-ML-0006","1054","CARD","Desktop","SG","IN","0","204","10","380","false","0"
"MLTXN-002773","CUST-ML-0295","542","CARD","Mobile","IN","IN","0","880","16","941","false","0"
"MLTXN-002774","CUST-ML-0045","392","UPI","Mobile","IN","IN","0","472","7","342","false","0"
"MLTXN-002775","CUST-ML-0075","1883","CARD","Mobile","IN","IN","0","594","19","2576","false","0"
"MLTXN-002776","CUST-ML-0539","3339","NETBANKING","Tablet","IN","IN","0","21","3","2088","false","0"
"MLTXN-002777","CUST-ML-0345","2396","NETBANKING","Mobile","US","US","1","942","36","2128","false","0"
"MLTXN-002778","CUST-ML-0201","573","UPI","Mobile","IN","IN","1","1259","38","839","false","0"
"MLTXN-002779","CUST-ML-0213","663","NETBANKING","Mobile","IN","IN","2","20","6","1336","false","0"
"MLTXN-002780","CUST-ML-0049","2140","CARD","Desktop","US","US","0","486","14","1539","false","0"
"MLTXN-002781","CUST-ML-0089","2126","CARD","Desktop","IN","IN","2","730","12","2671","false","0"
"MLTXN-002782","CUST-ML-0486","786","CARD","Mobile","SG","SG","1","230","8","1209","false","0"
"MLTXN-002783","CUST-ML-0170","1693","CARD","Mobile","IN","IN","0","373","12","1767","false","0"
"MLTXN-002784","CUST-ML-0398","368","UPI","Mobile","IN","IN","1","12","4","733","false","0"
"MLTXN-002785","CUST-ML-0082","1478","UPI","Desktop","IN","IN","0","499","7","1288","false","0"
"MLTXN-002786","CUST-ML-0554","4933","UPI","Mobile","IN","IN","0","21","5","2302","false","0"
"MLTXN-002787","CUST-ML-0082","13066","UPI","Mobile","IN","IN","2","499","8","1644","false","0"
"MLTXN-002788","CUST-ML-0177","1436","UPI","Tablet","US","US","0","244","13","1210","false","1"
"MLTXN-002789","CUST-ML-0331","1406","UPI","Mobile","IN","IN","0","517","17","2285","false","0"
"MLTXN-002790","CUST-ML-0264","4220","CARD","Mobile","IN","IN","0","331","11","892","false","0"
"MLTXN-002791","CUST-ML-0320","7356","WALLET","Desktop","IN","IN","0","379","17","623","false","0"
"MLTXN-002792","CUST-ML-0004","3358","NETBANKING","Tablet","IN","IN","1","279","6","1579","false","0"
"MLTXN-002793","CUST-ML-0200","907","UPI","Desktop","AE","AE","0","21","7","895","false","0"
"MLTXN-002794","CUST-ML-0050","331","CARD","Desktop","IN","IN","0","33","7","420","false","0"
"MLTXN-002795","CUST-ML-0095","3219","CARD","Mobile","IN","IN","0","764","22","3638","false","1"
"MLTXN-002796","CUST-ML-0047","1419","NETBANKING","Mobile","US","US","6","21","6","1711","false","1"
"MLTXN-002797","CUST-ML-0161","9548","BANK_TRANSFER","Mobile","IN","IN","0","20","6","6719","false","0"
"MLTXN-002798","CUST-ML-0053","1084","UPI","Desktop","IN","IN","0","1406","52","1445","false","0"
"MLTXN-002799","CUST-ML-0348","2207","BANK_TRANSFER","Desktop","IN","IN","1","959","24","2691","false","0"
"MLTXN-002800","CUST-ML-0261","4303","UPI","Mobile","IN","IN","0","385","8","2973","false","0"
"MLTXN-002801","CUST-ML-0506","361","NETBANKING","Mobile","IN","IN","1","17","4","541","false","0"
"MLTXN-002802","CUST-ML-0464","2385","WALLET","Mobile","US","US","0","1096","24","2744","false","0"
"MLTXN-002803","CUST-ML-0085","2574","BANK_TRANSFER","Mobile","IN","IN","0","36","2","1125","false","0"
"MLTXN-002804","CUST-ML-0035","1262","UPI","Mobile","IN","IN","0","403","10","1218","false","0"
"MLTXN-002805","CUST-ML-0069","3128","CARD","Desktop","GB","GB","0","455","15","3472","false","0"
"MLTXN-002806","CUST-ML-0002","954","WALLET","Mobile","IN","IN","0","520","16","854","false","0"
"MLTXN-002807","CUST-ML-0144","444","WALLET","Mobile","GB","GB","0","973","40","827","false","0"
"MLTXN-002808","CUST-ML-0446","3343","UPI","Mobile","DE","IN","0","8","6","1651","false","0"
"MLTXN-002809","CUST-ML-0476","3020","UPI","Mobile","IN","IN","0","439","8","1431","false","0"
"MLTXN-002810","CUST-ML-0495","1382","UPI","Mobile","IN","IN","0","363","9","1262","false","0"
"MLTXN-002811","CUST-ML-0500","816","CARD","Desktop","SG","SG","0","309","11","2223","false","0"
"MLTXN-002812","CUST-ML-0391","3612","UPI","Desktop","IN","IN","0","446","10","824","false","0"
"MLTXN-002813","CUST-ML-0202","11139","UPI","Desktop","IN","IN","1","293","15","9760","false","0"
"MLTXN-002814","CUST-ML-0188","1460","CARD","Desktop","IN","IN","1","21","9","1790","false","1"
"MLTXN-002815","CUST-ML-0440","1387","NETBANKING","Mobile","SG","SG","0","204","9","950","false","0"
"MLTXN-002816","CUST-ML-0505","533","WALLET","Mobile","IN","IN","0","493","22","579","false","0"
"MLTXN-002817","CUST-ML-0178","2429","UPI","Desktop","GB","GB","0","18","5","2740","false","0"
"MLTXN-002818","CUST-ML-0085","4142","BANK_TRANSFER","Mobile","IN","IN","0","36","3","1263","false","0"
"MLTXN-002819","CUST-ML-0235","1707","NETBANKING","Desktop","IN","IN","0","368","16","1705","false","0"
"MLTXN-002820","CUST-ML-0160","1466","UPI","Mobile","US","US","1","412","14","2192","false","0"
"MLTXN-002821","CUST-ML-0463","3268","UPI","Mobile","IN","IN","1","822","34","2307","false","0"
"MLTXN-002822","CUST-ML-0438","1632","WALLET","Desktop","IN","IN","0","508","15","918","false","0"
"MLTXN-002823","CUST-ML-0503","1126","UPI","Mobile","DE","DE","0","507","11","916","false","0"
"MLTXN-002824","CUST-ML-0133","735","CARD","Desktop","IN","IN","0","294","9","2148","false","0"
"MLTXN-002825","CUST-ML-0048","3752","UPI","Mobile","US","US","0","163","4","2355","false","0"
"MLTXN-002826","CUST-ML-0090","1062","UPI","Desktop","IN","IN","0","502","9","2259","false","0"
"MLTXN-002827","CUST-ML-0233","2445","WALLET","Desktop","IN","IN","0","247","11","1550","false","0"
"MLTXN-002828","CUST-ML-0060","18483","CARD","Desktop","IN","IN","0","1112","33","2442","false","0"
"MLTXN-002829","CUST-ML-0600","3947","CARD","Desktop","SG","SG","0","157","11","3484","false","0"
"MLTXN-002830","CUST-ML-0386","1813","NETBANKING","Tablet","US","US","1","56","6","1830","false","0"
"MLTXN-002831","CUST-ML-0259","1483","BANK_TRANSFER","Mobile","IN","IN","0","253","10","749","false","1"
"MLTXN-002832","CUST-ML-0126","6205","UPI","Desktop","IN","IN","0","734","31","5880","false","0"
"MLTXN-002833","CUST-ML-0195","4101","UPI","Mobile","SA","SA","2","21","6","5071","false","0"
"MLTXN-002834","CUST-ML-0393","876","CARD","Mobile","CA","AE","2","21","5","1383","false","1"
"MLTXN-002835","CUST-ML-0266","1102","UPI","Desktop","US","US","0","1342","28","1499","false","0"
"MLTXN-002836","CUST-ML-0120","6408","CARD","Mobile","US","US","0","709","23","1060","false","0"
"MLTXN-002837","CUST-ML-0564","3076","CARD","Mobile","SG","AU","1","64","12","1884","false","1"
"MLTXN-002838","CUST-ML-0365","485","CARD","Mobile","IN","IN","1","527","23","1222","false","0"
"MLTXN-002839","CUST-ML-0406","13119","UPI","Mobile","IN","IN","0","17","3","932","false","0"
"MLTXN-002840","CUST-ML-0346","5007","UPI","Desktop","US","US","0","279","7","4040","false","0"
"MLTXN-002841","CUST-ML-0039","2161","NETBANKING","Mobile","IN","IN","4","909","17","2657","false","1"
"MLTXN-002842","CUST-ML-0583","2101","CARD","Mobile","IN","IN","1","599","19","1597","false","1"
"MLTXN-002843","CUST-ML-0461","1142","CARD","Mobile","AU","AU","0","534","20","494","false","0"
"MLTXN-002844","CUST-ML-0326","2289","UPI","Mobile","IN","IN","0","6","5","1118","false","0"
"MLTXN-002845","CUST-ML-0083","4836","CARD","Desktop","AE","AE","0","601","18","3315","false","0"
"MLTXN-002846","CUST-ML-0205","4735","UPI","Desktop","IN","IN","3","573","18","1977","false","0"
"MLTXN-002847","CUST-ML-0118","3231","CARD","Mobile","US","US","0","586","18","2291","false","0"
"MLTXN-002848","CUST-ML-0496","616","CARD","Tablet","IN","IN","0","732","16","1647","false","0"
"MLTXN-002849","CUST-ML-0445","3171","UPI","Mobile","AU","AU","2","15","7","683","false","0"
"MLTXN-002850","CUST-ML-0130","1485","UPI","Mobile","US","IN","2","21","6","1528","false","1"
"MLTXN-002851","CUST-ML-0503","6458","CARD","Mobile","DE","DE","0","507","12","840","false","0"
"MLTXN-002852","CUST-ML-0013","438","CARD","Mobile","CA","CA","0","418","17","452","false","0"
"MLTXN-002853","CUST-ML-0555","940","CARD","Desktop","IN","IN","0","314","18","1571","false","0"
"MLTXN-002854","CUST-ML-0382","5840","UPI","Desktop","AE","AE","1","327","12","7313","false","0"
"MLTXN-002855","CUST-ML-0156","4003","NETBANKING","Mobile","GB","GB","0","690","28","4431","false","0"
"MLTXN-002856","CUST-ML-0155","2445","UPI","Mobile","CA","CA","0","384","11","2153","false","0"
"MLTXN-002857","CUST-ML-0450","591","UPI","Mobile","IN","IN","0","4","4","914","false","0"
"MLTXN-002858","CUST-ML-0073","1129","NETBANKING","Mobile","IN","IN","0","637","12","1285","false","0"
"MLTXN-002859","CUST-ML-0306","7680","NETBANKING","Mobile","IN","IN","0","369","14","3544","false","0"
"MLTXN-002860","CUST-ML-0060","1644","CARD","Desktop","IN","IN","5","1112","34","3165","false","0"
"MLTXN-002861","CUST-ML-0035","1785","UPI","Mobile","IN","IN","0","403","11","930","false","0"
"MLTXN-002862","CUST-ML-0248","3130","CARD","Mobile","IN","IN","0","479","15","4951","false","0"
"MLTXN-002863","CUST-ML-0258","213","WALLET","Mobile","IN","IN","0","72","7","1031","false","0"
"MLTXN-002864","CUST-ML-0094","4261","UPI","Mobile","IN","IN","0","4","9","4024","false","0"
"MLTXN-002865","CUST-ML-0574","3654","WALLET","Mobile","IN","IN","0","352","9","1789","false","0"
"MLTXN-002866","CUST-ML-0345","702","UPI","Mobile","US","US","0","942","37","1932","false","1"
"MLTXN-002867","CUST-ML-0600","1827","CARD","Desktop","IN","SG","0","157","12","5288","false","0"
"MLTXN-002868","CUST-ML-0031","16235","NETBANKING","Mobile","IN","IN","0","17","7","12928","false","0"
"MLTXN-002869","CUST-ML-0337","732","CARD","Desktop","IN","IN","0","21","7","496","false","0"
"MLTXN-002870","CUST-ML-0351","354","CARD","Tablet","US","US","1","794","17","711","false","0"
"MLTXN-002871","CUST-ML-0575","2309","CARD","Mobile","SA","SA","0","139","10","878","false","0"
"MLTXN-002872","CUST-ML-0096","24484","NETBANKING","Mobile","IN","IN","0","185","10","3234","false","1"
"MLTXN-002873","CUST-ML-0194","9767","UPI","Mobile","SG","IN","0","189","8","7109","false","1"
"MLTXN-002874","CUST-ML-0319","2902","WALLET","Mobile","DE","DE","0","209","12","3932","false","0"
"MLTXN-002875","CUST-ML-0376","1616","CARD","Mobile","IN","IN","0","683","20","2079","false","0"
"MLTXN-002876","CUST-ML-0447","1147","UPI","Mobile","IN","IN","0","8","4","1906","false","0"
"MLTXN-002877","CUST-ML-0466","1132","NETBANKING","Mobile","GB","GB","0","6","7","2011","false","0"
"MLTXN-002878","CUST-ML-0507","2373","WALLET","Mobile","IN","IN","0","377","18","616","false","1"
"MLTXN-002879","CUST-ML-0108","3135","WALLET","Mobile","IN","IN","0","500","10","1863","false","0"
"MLTXN-002880","CUST-ML-0176","1836","UPI","Desktop","GB","GB","0","21","4","1517","false","0"
"MLTXN-002881","CUST-ML-0588","2258","UPI","Desktop","IN","IN","0","507","18","1513","false","0"
"MLTXN-002882","CUST-ML-0223","2365","NETBANKING","Mobile","IN","IN","1","607","15","1730","false","0"
"MLTXN-002883","CUST-ML-0558","1167","NETBANKING","Mobile","AU","AU","0","505","13","2606","false","1"
"MLTXN-002884","CUST-ML-0369","800","UPI","Mobile","IN","IN","0","473","18","961","false","0"
"MLTXN-002885","CUST-ML-0481","3069","UPI","Mobile","IN","IN","0","940","30","2638","false","1"
"MLTXN-002886","CUST-ML-0017","509","CARD","Mobile","IN","IN","0","521","12","1127","false","0"
"MLTXN-002887","CUST-ML-0181","2155","UPI","Mobile","IN","IN","0","318","19","759","false","0"
"MLTXN-002888","CUST-ML-0465","1235","CARD","Mobile","DE","DE","0","664","25","1187","false","0"
"MLTXN-002889","CUST-ML-0340","1017","UPI","Mobile","IN","IN","0","702","15","1761","false","0"
"MLTXN-002890","CUST-ML-0392","4619","NETBANKING","Desktop","IN","IN","1","921","29","677","false","0"
"MLTXN-002891","CUST-ML-0177","1643","UPI","Tablet","US","US","1","244","14","1271","false","0"
"MLTXN-002892","CUST-ML-0072","1193","CARD","Mobile","CA","CA","0","424","12","1480","false","0"
"MLTXN-002893","CUST-ML-0213","1245","UPI","Mobile","IN","IN","0","20","7","1222","false","0"
"MLTXN-002894","CUST-ML-0099","10684","NETBANKING","Mobile","IN","IN","1","529","24","7479","false","0"
"MLTXN-002895","CUST-ML-0460","463","CARD","Mobile","CA","IN","0","780","20","774","false","0"
"MLTXN-002896","CUST-ML-0424","4782","CARD","Mobile","IN","IN","0","957","39","3366","false","1"
"MLTXN-002897","CUST-ML-0525","1445","UPI","Mobile","US","US","0","776","16","1000","false","0"
"MLTXN-002898","CUST-ML-0407","721","NETBANKING","Desktop","IN","IN","1","1","4","557","false","0"
"MLTXN-002899","CUST-ML-0281","611","NETBANKING","Mobile","IN","IN","1","836","17","602","false","0"
"MLTXN-002900","CUST-ML-0497","576","NETBANKING","Mobile","US","US","1","19","3","913","false","1"
"MLTXN-002901","CUST-ML-0313","773","NETBANKING","Mobile","IN","IN","0","709","16","1079","false","0"
"MLTXN-002902","CUST-ML-0069","3474","CARD","Mobile","GB","GB","0","455","16","2153","false","0"
"MLTXN-002903","CUST-ML-0236","291","CARD","Desktop","AE","AE","6","311","14","316","false","0"
"MLTXN-002904","CUST-ML-0266","1440","UPI","Mobile","US","US","0","1342","29","1184","false","0"
"MLTXN-002905","CUST-ML-0032","1671","CARD","Desktop","IN","IN","0","493","8","3366","false","0"
"MLTXN-002906","CUST-ML-0216","3282","UPI","Tablet","AE","AE","0","546","13","2666","false","0"
"MLTXN-002907","CUST-ML-0531","779","UPI","Mobile","SG","SG","0","482","13","535","false","0"
"MLTXN-002908","CUST-ML-0366","2088","CARD","Mobile","IN","IN","0","860","18","1132","false","0"
"MLTXN-002909","CUST-ML-0486","1325","CARD","Mobile","SG","SG","0","230","9","1349","false","0"
"MLTXN-002910","CUST-ML-0349","1797","CARD","Desktop","IN","IN","0","14","5","1372","false","0"
"MLTXN-002911","CUST-ML-0222","1597","UPI","Mobile","IN","IN","0","109","12","1554","false","0"
"MLTXN-002912","CUST-ML-0010","305","BANK_TRANSFER","Mobile","US","US","0","20","6","716","false","0"
"MLTXN-002913","CUST-ML-0507","848","NETBANKING","Mobile","IN","IN","0","377","19","734","false","0"
"MLTXN-002914","CUST-ML-0509","5424","WALLET","Mobile","SA","CA","1","509","18","4684","false","0"
"MLTXN-002915","CUST-ML-0422","2679","CARD","Mobile","IN","IN","0","21","6","6885","false","0"
"MLTXN-002916","CUST-ML-0258","1416","WALLET","Mobile","IN","IN","0","72","8","1182","false","0"
"MLTXN-002917","CUST-ML-0229","2769","UPI","Mobile","IN","IN","1","14","7","1520","false","0"
"MLTXN-002918","CUST-ML-0330","1519","UPI","Mobile","IN","IN","1","775","31","1269","false","0"
"MLTXN-002919","CUST-ML-0056","369","UPI","Mobile","IN","IN","0","349","16","476","false","0"
"MLTXN-002920","CUST-ML-0429","839","UPI","Desktop","IN","IN","1","79","6","1342","false","0"
"MLTXN-002921","CUST-ML-0016","5115","UPI","Mobile","GB","GB","1","740","23","4165","false","0"
"MLTXN-002922","CUST-ML-0237","5515","CARD","Desktop","SG","SG","0","504","21","3491","false","0"
"MLTXN-002923","CUST-ML-0243","3384","NETBANKING","Mobile","IN","IN","0","430","11","2243","false","0"
"MLTXN-002924","CUST-ML-0080","1922","BANK_TRANSFER","Mobile","IN","IN","0","1152","22","1870","false","0"
"MLTXN-002925","CUST-ML-0152","2770","UPI","Mobile","IN","IN","0","170","11","3245","false","0"
"MLTXN-002926","CUST-ML-0560","1077","CARD","Tablet","US","US","2","10","4","914","false","0"
"MLTXN-002927","CUST-ML-0187","475","NETBANKING","Mobile","IN","IN","0","1333","39","697","false","0"
"MLTXN-002928","CUST-ML-0289","1607","UPI","Mobile","SA","SA","0","21","7","4430","false","0"
"MLTXN-002929","CUST-ML-0484","1296","CARD","Mobile","IN","IN","0","264","13","1970","false","0"
"MLTXN-002930","CUST-ML-0140","1456","CARD","Mobile","SG","SG","0","601","20","1095","false","1"
"MLTXN-002931","CUST-ML-0309","3674","CARD","Mobile","IN","IN","3","643","10","2625","false","1"
"MLTXN-002932","CUST-ML-0547","35971","CARD","Mobile","GB","GB","1","514","21","2324","false","1"
"MLTXN-002933","CUST-ML-0252","2628","UPI","Desktop","IN","IN","1","1066","43","1151","false","0"
"MLTXN-002934","CUST-ML-0393","1025","CARD","Mobile","AE","AE","1","21","6","1364","false","0"
"MLTXN-002935","CUST-ML-0377","1284","CARD","Tablet","IN","IN","0","660","27","1123","false","0"
"MLTXN-002936","CUST-ML-0118","3035","CARD","Tablet","US","US","0","586","19","2245","false","0"
"MLTXN-002937","CUST-ML-0124","1827","CARD","Mobile","IN","IN","0","54","11","1438","false","0"
"MLTXN-002938","CUST-ML-0205","1107","UPI","Desktop","IN","IN","0","573","19","2345","false","0"
"MLTXN-002939","CUST-ML-0108","766","WALLET","Mobile","IN","IN","0","500","11","2127","false","0"
"MLTXN-002940","CUST-ML-0478","22113","CARD","Mobile","IN","IN","0","630","22","1553","false","1"
"MLTXN-002941","CUST-ML-0134","2416","CARD","Mobile","IN","IN","0","181","13","1206","false","0"
"MLTXN-002942","CUST-ML-0011","1963","CARD","Mobile","US","US","1","584","26","1330","false","1"
"MLTXN-002943","CUST-ML-0210","697","CARD","Mobile","IN","IN","0","987","27","537","false","1"
"MLTXN-002944","CUST-ML-0375","72604","UPI","Desktop","IN","IN","0","183","6","9700","false","1"
"MLTXN-002945","CUST-ML-0289","5572","CARD","Mobile","SA","SA","0","21","8","2934","false","0"
"MLTXN-002946","CUST-ML-0491","1342","WALLET","Mobile","DE","DE","0","460","16","1050","false","0"
"MLTXN-002947","CUST-ML-0463","3037","UPI","Mobile","IN","IN","0","822","35","2097","false","0"
"MLTXN-002948","CUST-ML-0243","2385","UPI","Mobile","IN","IN","1","430","12","2736","false","0"
"MLTXN-002949","CUST-ML-0577","21162","CARD","Mobile","IN","IN","1","555","19","4106","false","1"
"MLTXN-002950","CUST-ML-0205","6979","UPI","Desktop","IN","IN","0","573","20","2014","false","1"
"MLTXN-002951","CUST-ML-0216","2693","UPI","Tablet","AE","AE","1","546","14","2339","false","0"
"MLTXN-002952","CUST-ML-0518","1525","UPI","Mobile","IN","IN","0","1107","37","3622","false","0"
"MLTXN-002953","CUST-ML-0431","2598","NETBANKING","Mobile","IN","IN","0","438","17","2250","false","0"
"MLTXN-002954","CUST-ML-0014","8242","CARD","Mobile","IN","IN","0","619","25","7492","false","0"
"MLTXN-002955","CUST-ML-0223","1424","CARD","Mobile","IN","IN","0","607","16","1423","false","0"
"MLTXN-002956","CUST-ML-0286","647","NETBANKING","Mobile","IN","IN","1","19","3","1031","false","0"
"MLTXN-002957","CUST-ML-0417","802","UPI","Mobile","IN","IN","1","207","10","1000","false","1"
"MLTXN-002958","CUST-ML-0580","5802","CARD","Mobile","IN","IN","3","20","3","3414","false","1"
"MLTXN-002959","CUST-ML-0364","491","UPI","Mobile","GB","GB","0","167","4","784","false","1"
"MLTXN-002960","CUST-ML-0137","1535","CARD","Desktop","IN","IN","0","575","20","1028","false","0"
"MLTXN-002961","CUST-ML-0343","3465","CARD","Mobile","IN","IN","2","21","2","637","false","0"
"MLTXN-002962","CUST-ML-0186","3786","UPI","Tablet","IN","IN","1","8","6","6641","false","0"
"MLTXN-002963","CUST-ML-0226","1704","NETBANKING","Mobile","IN","IN","0","896","25","977","false","1"
"MLTXN-002964","CUST-ML-0396","1911","UPI","Mobile","US","US","0","702","18","1676","false","0"
"MLTXN-002965","CUST-ML-0233","2875","WALLET","Tablet","IN","IN","0","247","12","1573","false","0"
"MLTXN-002966","CUST-ML-0052","988","UPI","Mobile","AU","IN","0","735","13","790","false","0"
"MLTXN-002967","CUST-ML-0380","12858","WALLET","Desktop","IN","IN","0","13","6","8387","false","0"
"MLTXN-002968","CUST-ML-0283","808","UPI","Mobile","IN","IN","1","344","11","1506","false","0"
"MLTXN-002969","CUST-ML-0275","5088","UPI","Mobile","IN","IN","1","227","10","5370","false","0"
"MLTXN-002970","CUST-ML-0265","2825","NETBANKING","Mobile","IN","IN","0","476","8","1503","false","0"
"MLTXN-002971","CUST-ML-0557","761","UPI","Desktop","US","US","0","3","10","1748","false","0"
"MLTXN-002972","CUST-ML-0139","2316","CARD","Desktop","AE","AE","3","546","27","1500","false","0"
"MLTXN-002973","CUST-ML-0600","3413","CARD","Desktop","SG","SG","2","157","13","4610","false","1"
"MLTXN-002974","CUST-ML-0049","1247","CARD","Desktop","US","US","0","486","15","1359","false","0"
"MLTXN-002975","CUST-ML-0376","1526","CARD","Desktop","IN","IN","0","683","21","2110","false","0"
"MLTXN-002976","CUST-ML-0514","7624","WALLET","Mobile","IN","IN","0","389","13","2490","false","0"
"MLTXN-002977","CUST-ML-0043","628","CARD","Desktop","DE","DE","0","309","8","904","false","0"
"MLTXN-002978","CUST-ML-0599","4016","CARD","Mobile","IN","IN","0","964","30","1123","false","0"
"MLTXN-002979","CUST-ML-0249","1280","UPI","Mobile","IN","IN","0","21","7","429","false","0"
"MLTXN-002980","CUST-ML-0434","2679","UPI","Mobile","US","US","0","575","27","1969","false","0"
"MLTXN-002981","CUST-ML-0060","3162","CARD","Tablet","IN","IN","1","1112","35","2790","false","1"
"MLTXN-002982","CUST-ML-0393","1044","UPI","Mobile","AE","AE","0","21","7","1345","false","0"
"MLTXN-002983","CUST-ML-0267","1164","UPI","Desktop","IN","IN","1","377","11","1210","false","0"
"MLTXN-002984","CUST-ML-0438","3571","WALLET","Mobile","IN","IN","0","508","16","1317","false","0"
"MLTXN-002985","CUST-ML-0225","707","UPI","Mobile","IN","IN","0","1125","16","2814","false","0"
"MLTXN-002986","CUST-ML-0470","740","BANK_TRANSFER","Desktop","IN","IN","2","870","36","710","false","0"
"MLTXN-002987","CUST-ML-0570","524","CARD","Mobile","GB","GB","1","542","22","960","false","0"
"MLTXN-002988","CUST-ML-0289","4583","UPI","Mobile","SA","SA","1","21","9","2639","false","0"
"MLTXN-002989","CUST-ML-0451","894","UPI","Mobile","CA","CA","0","923","28","1150","false","1"
"MLTXN-002990","CUST-ML-0533","8446","CARD","Desktop","AE","AE","0","16","5","9154","false","1"
"MLTXN-002991","CUST-ML-0447","3950","UPI","Mobile","IN","IN","0","8","5","1627","false","0"
"MLTXN-002992","CUST-ML-0516","3157","CARD","Desktop","IN","IN","1","353","13","1557","false","0"
"MLTXN-002993","CUST-ML-0478","848","UPI","Mobile","IN","IN","1","630","23","1228","false","0"
"MLTXN-002994","CUST-ML-0479","1980","NETBANKING","Mobile","AE","AE","0","548","11","1442","false","1"
"MLTXN-002995","CUST-ML-0047","1236","NETBANKING","Desktop","US","US","0","21","7","2034","false","0"
"MLTXN-002996","CUST-ML-0143","9877","UPI","Mobile","SG","SG","0","67","8","9239","false","0"
"MLTXN-002997","CUST-ML-0195","2797","UPI","Mobile","SA","SA","1","21","7","5012","false","0"
"MLTXN-002998","CUST-ML-0083","3614","CARD","Desktop","AE","AE","0","601","19","3197","false","0"
"MLTXN-002999","CUST-ML-0065","4444","WALLET","Desktop","SG","SG","1","327","12","3027","false","0"
"MLTXN-003000","CUST-ML-0070","1954","WALLET","Mobile","AE","AE","0","420","20","1533","false","0"
